circuit_id,sample_id,fault_type,faulted_components,component_values,design_values,node_voltages,branch_currents,success
series_parallel_R1R2R3R4,series_parallel_R1R2R3R4__normal_1,normal,,"{""R1"": 981.079262, ""R2"": 2021.492667, ""R3"": 2948.419201, ""R4"": 1481.178282}","{""R1"": 1000, ""R2"": 2000, ""R3"": 3000, ""R4"": 1500}","{""a"": 7.320565, ""b"": 4.04526, ""in"": 10.0}","{""R1"": 0.002731109, ""R2"": 0.001620241, ""R3"": 0.001110868, ""R4"": 0.002731109}",True
series_parallel_R1R2R3R4,series_parallel_R1R2R3R4__normal_2,normal,,"{""R1"": 1005.629496, ""R2"": 1984.506704, ""R3"": 2990.066577, ""R4"": 1484.457373}","{""R1"": 1000, ""R2"": 2000, ""R3"": 3000, ""R4"": 1500}","{""a"": 7.269473, ""b"": 4.03066, ""in"": 10.0}","{""R1"": 0.002715241, ""R2"": 0.00163205, ""R3"": 0.001083191, ""R4"": 0.002715241}",True
series_parallel_R1R2R3R4,series_parallel_R1R2R3R4__normal_3,normal,,"{""R1"": 989.001776, ""R2"": 2027.626587, ""R3"": 2949.429876, ""R4"": 1514.055937}","{""R1"": 1000, ""R2"": 2000, ""R3"": 3000, ""R4"": 1500}","{""a"": 7.33037, ""b"": 4.086918, ""in"": 10.0}","{""R1"": 0.002699318, ""R2"": 0.00159963, ""R3"": 0.001099688, ""R4"": 0.002699318}",True
series_parallel_R1R2R3R4,series_parallel_R1R2R3R4__normal_4,normal,,"{""R1"": 1011.519471, ""R2"": 2039.652226, ""R3"": 3056.122904, ""R4"": 1517.540601}","{""R1"": 1000, ""R2"": 2000, ""R3"": 3000, ""R4"": 1500}","{""a"": 7.304278, ""b"": 4.044279, ""in"": 10.0}","{""R1"": 0.002665022, ""R2"": 0.001598311, ""R3"": 0.001066711, ""R4"": 0.002665022}",True
series_parallel_R1R2R3R4,series_parallel_R1R2R3R4__normal_5,normal,,"{""R1"": 992.701197, ""R2"": 1962.721724, ""R3"": 2972.220281, ""R4"": 1470.560774}","{""R1"": 1000, ""R2"": 2000, ""R3"": 3000, ""R4"": 1500}","{""a"": 7.276817, ""b"": 4.034049, ""in"": 10.0}","{""R1"": 0.002743205, ""R2"": 0.001652179, ""R3"": 0.001091025, ""R4"": 0.002743205}",True
series_parallel_R1R2R3R4,series_parallel_R1R2R3R4__normal_6,normal,,"{""R1"": 1002.245922, ""R2"": 1991.140794, ""R3"": 3024.82393, ""R4"": 1512.04953}","{""R1"": 1000, ""R2"": 2000, ""R3"": 3000, ""R4"": 1500}","{""a"": 7.302187, ""b"": 4.070085, ""in"": 10.0}","{""R1"": 0.002691767, ""R2"": 0.001623241, ""R3"": 0.001068526, ""R4"": 0.002691767}",True
series_parallel_R1R2R3R4,series_parallel_R1R2R3R4__normal_7,normal,,"{""R1"": 994.843275, ""R2"": 1977.970867, ""R3"": 2964.526937, ""R4"": 1520.411423}","{""R1"": 1000, ""R2"": 2000, ""R3"": 3000, ""R4"": 1500}","{""a"": 7.312432, ""b"": 4.10739, ""in"": 10.0}","{""R1"": 0.002701499, ""R2"": 0.001620368, ""R3"": 0.001081131, ""R4"": 0.002701499}",True
series_parallel_R1R2R3R4,series_parallel_R1R2R3R4__normal_8,normal,,"{""R1"": 1011.368286, ""R2"": 2007.003875, ""R3"": 2989.51897, ""R4"": 1512.096142}","{""R1"": 1000, ""R2"": 2000, ""R3"": 3000, ""R4"": 1500}","{""a"": 7.284403, ""b"": 4.060087, ""in"": 10.0}","{""R1"": 0.002685072, ""R2"": 0.001606532, ""R3"": 0.00107854, ""R4"": 0.002685072}",True
series_parallel_R1R2R3R4,series_parallel_R1R2R3R4__normal_9,normal,,"{""R1"": 1002.636182, ""R2"": 1984.47429, ""R3"": 2996.582157, ""R4"": 1522.124322}","{""R1"": 1000, ""R2"": 2000, ""R3"": 3000, ""R4"": 1500}","{""a"": 7.303735, ""b"": 4.09326, ""in"": 10.0}","{""R1"": 0.002689176, ""R2"": 0.001617797, ""R3"": 0.001071379, ""R4"": 0.002689176}",True
series_parallel_R1R2R3R4,series_parallel_R1R2R3R4__normal_10,normal,,"{""R1"": 1007.832622, ""R2"": 1999.449504, ""R3"": 3012.198288, ""R4"": 1504.474732}","{""R1"": 1000, ""R2"": 2000, ""R3"": 3000, ""R4"": 1500}","{""a"": 7.286436, ""b"": 4.05076, ""in"": 10.0}","{""R1"": 0.002692475, ""R2"": 0.001618284, ""R3"": 0.001074191, ""R4"": 0.002692475}",True
series_parallel_R1R2R3R4,series_parallel_R1R2R3R4__normal_11,normal,,"{""R1"": 1009.215605, ""R2"": 2009.404141, ""R3"": 3042.87163, ""R4"": 1480.654192}","{""R1"": 1000, ""R2"": 2000, ""R3"": 3000, ""R4"": 1500}","{""a"": 7.272456, ""b"": 4.001672, ""in"": 10.0}","{""R1"": 0.002702638, ""R2"": 0.001627738, ""R3"": 0.0010749, ""R4"": 0.002702638}",True
series_parallel_R1R2R3R4,series_parallel_R1R2R3R4__normal_12,normal,,"{""R1"": 1014.395023, ""R2"": 2027.502057, ""R3"": 2959.283033, ""R4"": 1527.994621}","{""R1"": 1000, ""R2"": 2000, ""R3"": 3000, ""R4"": 1500}","{""a"": 7.29174, ""b"": 4.079482, ""in"": 10.0}","{""R1"": 0.002669828, ""R2"": 0.001584343, ""R3"": 0.001085485, ""R4"": 0.002669828}",True
series_parallel_R1R2R3R4,series_parallel_R1R2R3R4__normal_13,normal,,"{""R1"": 1006.654389, ""R2"": 2009.254194, ""R3"": 3012.315932, ""R4"": 1480.578846}","{""R1"": 1000, ""R2"": 2000, ""R3"": 3000, ""R4"": 1500}","{""a"": 7.273812, ""b"": 4.009654, ""in"": 10.0}","{""R1"": 0.002708166, ""R2"": 0.001624562, ""R3"": 0.001083604, ""R4"": 0.002708166}",True
series_parallel_R1R2R3R4,series_parallel_R1R2R3R4__normal_14,normal,,"{""R1"": 998.300939, ""R2"": 1971.203593, ""R3"": 3023.05627, ""R4"": 1485.907411}","{""R1"": 1000, ""R2"": 2000, ""R3"": 3000, ""R4"": 1500}","{""a"": 7.2853, ""b"": 4.040658, ""in"": 10.0}","{""R1"": 0.00271932, ""R2"": 0.001646021, ""R3"": 0.001073299, ""R4"": 0.00271932}",True
series_parallel_R1R2R3R4,series_parallel_R1R2R3R4__normal_15,normal,,"{""R1"": 987.804321, ""R2"": 1970.966355, ""R3"": 2960.246114, ""R4"": 1491.261596}","{""R1"": 1000, ""R2"": 2000, ""R3"": 3000, ""R4"": 1500}","{""a"": 7.302741, ""b"": 4.071979, ""in"": 10.0}","{""R1"": 0.00273056, ""R2"": 0.001639177, ""R3"": 0.001091383, ""R4"": 0.00273056}",True
series_parallel_R1R2R3R4,series_parallel_R1R2R3R4__normal_16,normal,,"{""R1"": 995.979017, ""R2"": 1997.400669, ""R3"": 3049.229098, ""R4"": 1491.67918}","{""R1"": 1000, ""R2"": 2000, ""R3"": 3000, ""R4"": 1500}","{""a"": 7.304164, ""b"": 4.037557, ""in"": 10.0}","{""R1"": 0.002706719, ""R2"": 0.001635429, ""R3"": 0.00107129, ""R4"": 0.002706719}",True
series_parallel_R1R2R3R4,series_parallel_R1R2R3R4__normal_17,normal,,"{""R1"": 1000.591935, ""R2"": 1965.735859, ""R3"": 2956.530441, ""R4"": 1509.756385}","{""R1"": 1000, ""R2"": 2000, ""R3"": 3000, ""R4"": 1500}","{""a"": 7.289145, ""b"": 4.09031, ""in"": 10.0}","{""R1"": 0.002709252, ""R2"": 0.001627296, ""R3"": 0.001081956, ""R4"": 0.002709252}",True
series_parallel_R1R2R3R4,series_parallel_R1R2R3R4__normal_18,normal,,"{""R1"": 1004.611078, ""R2"": 1967.963239, ""R3"": 2943.03939, ""R4"": 1475.114079}","{""R1"": 1000, ""R2"": 2000, ""R3"": 3000, ""R4"": 1500}","{""a"": 7.254468, ""b"": 4.031384, ""in"": 10.0}","{""R1"": 0.002732931, ""R2"": 0.001637776, ""R3"": 0.001095155, ""R4"": 0.002732931}",True
series_parallel_R1R2R3R4,series_parallel_R1R2R3R4__normal_19,normal,,"{""R1"": 1011.311604, ""R2"": 2006.166871, ""R3"": 2947.055683, ""R4"": 1510.05972}","{""R1"": 1000, ""R2"": 2000, ""R3"": 3000, ""R4"": 1500}","{""a"": 7.277758, ""b"": 4.064769, ""in"": 10.0}","{""R1"": 0.002691793, ""R2"": 0.001601556, ""R3"": 0.001090237, ""R4"": 0.002691793}",True
series_parallel_R1R2R3R4,series_parallel_R1R2R3R4__normal_20,normal,,"{""R1"": 987.114035, ""R2"": 1972.873414, ""R3"": 3039.058821, ""R4"": 1483.928472}","{""R1"": 1000, ""R2"": 2000, ""R3"": 3000, ""R4"": 1500}","{""a"": 7.308353, ""b"": 4.046353, ""in"": 10.0}","{""R1"": 0.002726784, ""R2"": 0.001653426, ""R3"": 0.001073359, ""R4"": 0.002726784}",True
series_parallel_R1R2R3R4,series_parallel_R1R2R3R4__partial_short_1,partial_short,R2,"{""R1"": 989.20718, ""R2"": 92.053974, ""R3"": 2976.457917, ""R4"": 1498.653071}","{""R1"": 1000, ""R2"": 2000, ""R3"": 3000, ""R4"": 1500}","{""a"": 6.161628, ""b"": 5.815151, ""in"": 10.0}","{""R1"": 0.003880251, ""R2"": 0.003763846, ""R3"": 0.0001164058, ""R4"": 0.003880251}",True
series_parallel_R1R2R3R4,series_parallel_R1R2R3R4__partial_short_2,partial_short,R2,"{""R1"": 982.050518, ""R2"": 242.943027, ""R3"": 3046.099186, ""R4"": 1486.977829}","{""R1"": 1000, ""R2"": 2000, ""R3"": 3000, ""R4"": 1500}","{""a"": 6.354711, ""b"": 5.519537, ""in"": 10.0}","{""R1"": 0.003711916, ""R2"": 0.003437738, ""R3"": 0.0002741783, ""R4"": 0.003711916}",True
series_parallel_R1R2R3R4,series_parallel_R1R2R3R4__partial_short_3,partial_short,R2,"{""R1"": 984.147062, ""R2"": 34.540809, ""R3"": 3048.349365, ""R4"": 1499.192719}","{""R1"": 1000, ""R2"": 2000, ""R3"": 3000, ""R4"": 1500}","{""a"": 6.090766, ""b"": 5.9551, ""in"": 10.0}","{""R1"": 0.003972205, ""R2"": 0.0039277, ""R3"": 4.450472e-05, ""R4"": 0.003972205}",True
series_parallel_R1R2R3R4,series_parallel_R1R2R3R4__partial_short_4,partial_short,R1,"{""R1"": 75.061967, ""R2"": 1976.478348, ""R3"": 2981.716832, ""R4"": 1513.128624}","{""R1"": 1000, ""R2"": 2000, ""R3"": 3000, ""R4"": 1500}","{""a"": 9.729681, ""b"": 5.449204, ""in"": 10.0}","{""R1"": 0.003601283, ""R2"": 0.002165709, ""R3"": 0.001435574, ""R4"": 0.003601283}",True
series_parallel_R1R2R3R4,series_parallel_R1R2R3R4__partial_short_5,partial_short,R3,"{""R1"": 988.762843, ""R2"": 1979.944988, ""R3"": 128.44223, ""R4"": 1510.438005}","{""R1"": 1000, ""R2"": 2000, ""R3"": 3000, ""R4"": 1500}","{""a"": 6.225834, ""b"": 5.76543, ""in"": 10.0}","{""R1"": 0.003817058, ""R2"": 0.0002325339, ""R3"": 0.003584525, ""R4"": 0.003817058}",True
series_parallel_R1R2R3R4,series_parallel_R1R2R3R4__partial_short_6,partial_short,R4,"{""R1"": 1002.099423, ""R2"": 2006.131831, ""R3"": 3048.702808, ""R4"": 45.645419}","{""R1"": 1000, ""R2"": 2000, ""R3"": 3000, ""R4"": 1500}","{""a"": 5.561405, ""b"": 0.2021771, ""in"": 10.0}","{""R1"": 0.004429296, ""R2"": 0.002671424, ""R3"": 0.001757872, ""R4"": 0.004429296}",True
series_parallel_R1R2R3R4,series_parallel_R1R2R3R4__partial_short_7,partial_short,R1,"{""R1"": 55.309357, ""R2"": 2007.199204, ""R3"": 2956.236557, ""R4"": 1499.023767}","{""R1"": 1000, ""R2"": 2000, ""R3"": 3000, ""R4"": 1500}","{""a"": 9.798862, ""b"": 5.451339, ""in"": 10.0}","{""R1"": 0.003636593, ""R2"": 0.002165965, ""R3"": 0.001470628, ""R4"": 0.003636593}",True
series_parallel_R1R2R3R4,series_parallel_R1R2R3R4__partial_short_8,partial_short,R1,"{""R1"": 54.115766, ""R2"": 2035.911421, ""R3"": 2976.543403, ""R4"": 1512.160546}","{""R1"": 1000, ""R2"": 2000, ""R3"": 3000, ""R4"": 1500}","{""a"": 9.805007, ""b"": 5.448716, ""in"": 10.0}","{""R1"": 0.003603265, ""R2"": 0.002139725, ""R3"": 0.00146354, ""R4"": 0.003603265}",True
series_parallel_R1R2R3R4,series_parallel_R1R2R3R4__partial_short_9,partial_short,R4,"{""R1"": 1019.102609, ""R2"": 1971.465296, ""R3"": 2976.728394, ""R4"": 173.63542}","{""R1"": 1000, ""R2"": 2000, ""R3"": 3000, ""R4"": 1500}","{""a"": 5.71577, ""b"": 0.7299502, ""in"": 10.0}","{""R1"": 0.004203924, ""R2"": 0.002528992, ""R3"": 0.001674933, ""R4"": 0.004203924}",True
series_parallel_R1R2R3R4,series_parallel_R1R2R3R4__partial_short_10,partial_short,R3,"{""R1"": 986.892249, ""R2"": 1962.985707, ""R3"": 111.17749, ""R4"": 1477.561382}","{""R1"": 1000, ""R2"": 2000, ""R3"": 3000, ""R4"": 1500}","{""a"": 6.159462, ""b"": 5.75, ""in"": 10.0}","{""R1"": 0.003891547, ""R2"": 0.0002085913, ""R3"": 0.003682956, ""R4"": 0.003891547}",True
series_parallel_R1R2R3R4,series_parallel_R1R2R3R4__partial_short_11,partial_short,R4,"{""R1"": 981.082987, ""R2"": 2026.425631, ""R3"": 2990.298769, ""R4"": 35.732974}","{""R1"": 1000, ""R2"": 2000, ""R3"": 3000, ""R4"": 1500}","{""a"": 5.590042, ""b"": 0.1606193, ""in"": 10.0}","{""R1"": 0.004494989, ""R2"": 0.00267931, ""R3"": 0.001815679, ""R4"": 0.004494989}",True
series_parallel_R1R2R3R4,series_parallel_R1R2R3R4__partial_short_12,partial_short,R2,"{""R1"": 1002.982081, ""R2"": 240.125106, ""R3"": 2951.942275, ""R4"": 1499.990904}","{""R1"": 1000, ""R2"": 2000, ""R3"": 3000, ""R4"": 1500}","{""a"": 6.319378, ""b"": 5.504484, ""in"": 10.0}","{""R1"": 0.003669678, ""R2"": 0.003393625, ""R3"": 0.0002760537, ""R4"": 0.003669678}",True
series_parallel_R1R2R3R4,series_parallel_R1R2R3R4__partial_short_13,partial_short,R4,"{""R1"": 1017.670012, ""R2"": 1963.797804, ""R3"": 2976.087968, ""R4"": 123.272146}","{""R1"": 1000, ""R2"": 2000, ""R3"": 3000, ""R4"": 1500}","{""a"": 5.621142, ""b"": 0.5304187, ""in"": 10.0}","{""R1"": 0.004302827, ""R2"": 0.002592285, ""R3"": 0.001710542, ""R4"": 0.004302827}",True
series_parallel_R1R2R3R4,series_parallel_R1R2R3R4__partial_short_14,partial_short,R3,"{""R1"": 1014.957253, ""R2"": 2015.72562, ""R3"": 245.277982, ""R4"": 1511.9361}","{""R1"": 1000, ""R2"": 2000, ""R3"": 3000, ""R4"": 1500}","{""a"": 6.303282, ""b"": 5.506834, ""in"": 10.0}","{""R1"": 0.00364224, ""R2"": 0.0003951171, ""R3"": 0.003247123, ""R4"": 0.00364224}",True
series_parallel_R1R2R3R4,series_parallel_R1R2R3R4__partial_short_15,partial_short,R2,"{""R1"": 999.858933, ""R2"": 90.689332, ""R3"": 2983.304718, ""R4"": 1493.61923}","{""R1"": 1000, ""R2"": 2000, ""R3"": 3000, ""R4"": 1500}","{""a"": 6.126818, ""b"": 5.785876, ""in"": 10.0}","{""R1"": 0.003873729, ""R2"": 0.003759446, ""R3"": 0.0001142832, ""R4"": 0.003873729}",True
series_parallel_R1R2R3R4,series_parallel_R1R2R3R4__partial_short_16,partial_short,R1,"{""R1"": 55.884311, ""R2"": 1982.14535, ""R3"": 3020.26445, ""R4"": 1477.565462}","{""R1"": 1000, ""R2"": 2000, ""R3"": 3000, ""R4"": 1500}","{""a"": 9.79531, ""b"": 5.411944, ""in"": 10.0}","{""R1"": 0.003662744, ""R2"": 0.002211425, ""R3"": 0.001451319, ""R4"": 0.003662744}",True
series_parallel_R1R2R3R4,series_parallel_R1R2R3R4__partial_short_17,partial_short,R1,"{""R1"": 44.921399, ""R2"": 2001.464047, ""R3"": 2988.095112, ""R4"": 1486.673539}","{""R1"": 1000, ""R2"": 2000, ""R3"": 3000, ""R4"": 1500}","{""a"": 9.835465, ""b"": 5.44527, ""in"": 10.0}","{""R1"": 0.003662721, ""R2"": 0.002193492, ""R3"": 0.001469229, ""R4"": 0.003662721}",True
series_parallel_R1R2R3R4,series_parallel_R1R2R3R4__partial_short_18,partial_short,R4,"{""R1"": 988.9406, ""R2"": 2019.906741, ""R3"": 2984.630582, ""R4"": 112.592731}","{""R1"": 1000, ""R2"": 2000, ""R3"": 3000, ""R4"": 1500}","{""a"": 5.711772, ""b"": 0.4882228, ""in"": 10.0}","{""R1"": 0.004336184, ""R2"": 0.002586035, ""R3"": 0.001750149, ""R4"": 0.004336184}",True
series_parallel_R1R2R3R4,series_parallel_R1R2R3R4__partial_short_19,partial_short,R2,"{""R1"": 1006.6805, ""R2"": 29.430663, ""R3"": 3016.777016, ""R4"": 1478.695798}","{""R1"": 1000, ""R2"": 2000, ""R3"": 3000, ""R4"": 1500}","{""a"": 5.996534, ""b"": 5.880622, ""in"": 10.0}","{""R1"": 0.003976898, ""R2"": 0.003938476, ""R3"": 3.842244e-05, ""R4"": 0.003976898}",True
series_parallel_R1R2R3R4,series_parallel_R1R2R3R4__partial_short_20,partial_short,R3,"{""R1"": 1007.399983, ""R2"": 2037.021228, ""R3"": 268.834989, ""R4"": 1492.7007}","{""R1"": 1000, ""R2"": 2000, ""R3"": 3000, ""R4"": 1500}","{""a"": 6.320125, ""b"": 5.452603, ""in"": 10.0}","{""R1"": 0.003652844, ""R2"": 0.0004258775, ""R3"": 0.003226967, ""R4"": 0.003652844}",True
series_parallel_R1R2R3R4,series_parallel_R1R2R3R4__partial_open_1,partial_open,R1,"{""R1"": 12504.053813, ""R2"": 2036.127492, ""R3"": 3033.513267, ""R4"": 1471.632189}","{""R1"": 1000, ""R2"": 2000, ""R3"": 3000, ""R4"": 1500}","{""a"": 1.770422, ""b"": 0.9685588, ""in"": 10.0}","{""R1"": 0.0006581528, ""R2"": 0.0003938179, ""R3"": 0.0002643349, ""R4"": 0.0006581528}",True
series_parallel_R1R2R3R4,series_parallel_R1R2R3R4__partial_open_2,partial_open,R4,"{""R1"": 1003.374182, ""R2"": 2012.861381, ""R3"": 2941.481049, ""R4"": 29405.241834}","{""R1"": 1000, ""R2"": 2000, ""R3"": 3000, ""R4"": 1500}","{""a"": 9.682514, ""b"": 9.304371, ""in"": 10.0}","{""R1"": 0.0003164188, ""R2"": 0.0001878634, ""R3"": 0.0001285553, ""R4"": 0.0003164188}",True
series_parallel_R1R2R3R4,series_parallel_R1R2R3R4__partial_open_3,partial_open,R2,"{""R1"": 994.054499, ""R2"": 70498.431344, ""R3"": 3031.823135, ""R4"": 1485.896459}","{""R1"": 1000, ""R2"": 2000, ""R3"": 3000, ""R4"": 1500}","{""a"": 8.154635, ""b"": 2.758421, ""in"": 10.0}","{""R1"": 0.001856402, ""R2"": 7.654376e-05, ""R3"": 0.001779858, ""R4"": 0.001856402}",True
series_parallel_R1R2R3R4,series_parallel_R1R2R3R4__partial_open_4,partial_open,R1,"{""R1"": 11106.615924, ""R2"": 1969.660403, ""R3"": 3007.404521, ""R4"": 1474.285782}","{""R1"": 1000, ""R2"": 2000, ""R3"": 3000, ""R4"": 1500}","{""a"": 1.934822, ""b"": 1.070567, ""in"": 10.0}","{""R1"": 0.0007261598, ""R2"": 0.0004387839, ""R3"": 0.0002873758, ""R4"": 0.0007261598}",True
series_parallel_R1R2R3R4,series_parallel_R1R2R3R4__partial_open_5,partial_open,R4,"{""R1"": 1019.721515, ""R2"": 1987.14064, ""R3"": 2955.364009, ""R4"": 45373.834038}","{""R1"": 1000, ""R2"": 2000, ""R3"": 3000, ""R4"": 1500}","{""a"": 9.785691, ""b"": 9.535971, ""in"": 10.0}","{""R1"": 0.0002101646, ""R2"": 0.0001256676, ""R3"": 8.449694e-05, ""R4"": 0.0002101646}",True
series_parallel_R1R2R3R4,series_parallel_R1R2R3R4__partial_open_6,partial_open,R2,"{""R1"": 1010.205145, ""R2"": 76093.822897, ""R3"": 2998.813876, ""R4"": 1488.292841}","{""R1"": 1000, ""R2"": 2000, ""R3"": 3000, ""R4"": 1500}","{""a"": 8.123555, ""b"": 2.764488, ""in"": 10.0}","{""R1"": 0.001857489, ""R2"": 7.042709e-05, ""R3"": 0.001787062, ""R4"": 0.001857489}",True
series_parallel_R1R2R3R4,series_parallel_R1R2R3R4__partial_open_7,partial_open,R1,"{""R1"": 41869.872604, ""R2"": 2021.048054, ""R3"": 2965.619098, ""R4"": 1505.464913}","{""R1"": 1000, ""R2"": 2000, ""R3"": 3000, ""R4"": 1500}","{""a"": 0.6073502, ""b"": 0.3377203, ""in"": 10.0}","{""R1"": 0.0002243296, ""R2"": 0.000133411, ""R3"": 9.09186e-05, ""R4"": 0.0002243296}",True
series_parallel_R1R2R3R4,series_parallel_R1R2R3R4__partial_open_8,partial_open,R3,"{""R1"": 1001.528311, ""R2"": 2023.594098, ""R3"": 127273.96566, ""R4"": 1522.933955}","{""R1"": 1000, ""R2"": 2000, ""R3"": 3000, ""R4"": 1500}","{""a"": 7.782456, ""b"": 3.372019, ""in"": 10.0}","{""R1"": 0.00221416, ""R2"": 0.002179507, ""R3"": 3.46531e-05, ""R4"": 0.00221416}",True
series_parallel_R1R2R3R4,series_parallel_R1R2R3R4__partial_open_9,partial_open,R2,"{""R1"": 992.007743, ""R2"": 94148.11841, ""R3"": 2970.315778, ""R4"": 1510.047718}","{""R1"": 1000, ""R2"": 2000, ""R3"": 3000, ""R4"": 1500}","{""a"": 8.156642, ""b"": 2.805984, ""in"": 10.0}","{""R1"": 0.001858209, ""R2"": 5.683234e-05, ""R3"": 0.001801377, ""R4"": 0.001858209}",True
series_parallel_R1R2R3R4,series_parallel_R1R2R3R4__partial_open_10,partial_open,R1,"{""R1"": 34644.002939, ""R2"": 2020.262362, ""R3"": 2963.112459, ""R4"": 1527.053409}","{""R1"": 1000, ""R2"": 2000, ""R3"": 3000, ""R4"": 1500}","{""a"": 0.7300327, ""b"": 0.4086056, ""in"": 10.0}","{""R1"": 0.0002675778, ""R2"": 0.0001591017, ""R3"": 0.0001084762, ""R4"": 0.0002675778}",True
series_parallel_R1R2R3R4,series_parallel_R1R2R3R4__partial_open_11,partial_open,R1,"{""R1"": 11536.908941, ""R2"": 2037.353221, ""R3"": 2983.322768, ""R4"": 1524.185223}","{""R1"": 1000, ""R2"": 2000, ""R3"": 3000, ""R4"": 1500}","{""a"": 1.916236, ""b"": 1.067977, ""in"": 10.0}","{""R1"": 0.0007006872, ""R2"": 0.0004163535, ""R3"": 0.0002843337, ""R4"": 0.0007006872}",True
series_parallel_R1R2R3R4,series_parallel_R1R2R3R4__partial_open_12,partial_open,R2,"{""R1"": 997.456919, ""R2"": 36815.128921, ""R3"": 2971.893164, ""R4"": 1517.748976}","{""R1"": 1000, ""R2"": 2000, ""R3"": 3000, ""R4"": 1500}","{""a"": 8.105536, ""b"": 2.882652, ""in"": 10.0}","{""R1"": 0.001899294, ""R2"": 0.0001418679, ""R3"": 0.001757426, ""R4"": 0.001899294}",True
series_parallel_R1R2R3R4,series_parallel_R1R2R3R4__partial_open_13,partial_open,R1,"{""R1"": 10139.786991, ""R2"": 1979.852604, ""R3"": 2958.791606, ""R4"": 1494.916377}","{""R1"": 1000, ""R2"": 2000, ""R3"": 3000, ""R4"": 1500}","{""a"": 2.091176, ""b"": 1.166004, ""in"": 10.0}","{""R1"": 0.0007799793, ""R2"": 0.0004672935, ""R3"": 0.0003126858, ""R4"": 0.0007799793}",True
series_parallel_R1R2R3R4,series_parallel_R1R2R3R4__partial_open_14,partial_open,R3,"{""R1"": 1000.449172, ""R2"": 2034.995502, ""R3"": 96520.428337, ""R4"": 1524.431018}","{""R1"": 1000, ""R2"": 2000, ""R3"": 3000, ""R4"": 1500}","{""a"": 7.785567, ""b"": 3.374235, ""in"": 10.0}","{""R1"": 0.002213439, ""R2"": 0.002167735, ""R3"": 4.570361e-05, ""R4"": 0.002213439}",True
series_parallel_R1R2R3R4,series_parallel_R1R2R3R4__partial_open_15,partial_open,R1,"{""R1"": 39453.300487, ""R2"": 1989.412723, ""R3"": 2982.391492, ""R4"": 1485.92477}","{""R1"": 1000, ""R2"": 2000, ""R3"": 3000, ""R4"": 1500}","{""a"": 0.63592, ""b"": 0.3526782, ""in"": 10.0}","{""R1"": 0.0002373459, ""R2"": 0.0001423746, ""R3"": 9.497136e-05, ""R4"": 0.0002373459}",True
series_parallel_R1R2R3R4,series_parallel_R1R2R3R4__partial_open_16,partial_open,R3,"{""R1"": 985.637364, ""R2"": 1964.145311, ""R3"": 38866.205315, ""R4"": 1475.530585}","{""R1"": 1000, ""R2"": 2000, ""R3"": 3000, ""R4"": 1500}","{""a"": 7.724136, ""b"": 3.40704, ""in"": 10.0}","{""R1"": 0.002309027, ""R2"": 0.002197951, ""R3"": 0.0001110758, ""R4"": 0.002309027}",True
series_parallel_R1R2R3R4,series_parallel_R1R2R3R4__partial_open_17,partial_open,R4,"{""R1"": 990.894293, ""R2"": 1963.685229, ""R3"": 2954.173683, ""R4"": 11355.113061}","{""R1"": 1000, ""R2"": 2000, ""R3"": 3000, ""R4"": 1500}","{""a"": 9.267393, ""b"": 8.395275, ""in"": 10.0}","{""R1"": 0.0007393388, ""R2"": 0.0004441232, ""R3"": 0.0002952156, ""R4"": 0.0007393388}",True
series_parallel_R1R2R3R4,series_parallel_R1R2R3R4__partial_open_18,partial_open,R2,"{""R1"": 990.473372, ""R2"": 56868.763064, ""R3"": 3002.244806, ""R4"": 1519.607147}","{""R1"": 1000, ""R2"": 2000, ""R3"": 3000, ""R4"": 1500}","{""a"": 8.152714, ""b"": 2.834148, ""in"": 10.0}","{""R1"": 0.001865053, ""R2"": 9.352351e-05, ""R3"": 0.00177153, ""R4"": 0.001865053}",True
series_parallel_R1R2R3R4,series_parallel_R1R2R3R4__partial_open_19,partial_open,R2,"{""R1"": 981.651565, ""R2"": 79319.617653, ""R3"": 3052.597961, ""R4"": 1486.863255}","{""R1"": 1000, ""R2"": 2000, ""R3"": 3000, ""R4"": 1500}","{""a"": 8.184812, ""b"": 2.749384, ""in"": 10.0}","{""R1"": 0.001849117, ""R2"": 6.852565e-05, ""R3"": 0.001780591, ""R4"": 0.001849117}",True
series_parallel_R1R2R3R4,series_parallel_R1R2R3R4__partial_open_20,partial_open,R2,"{""R1"": 1003.420625, ""R2"": 33267.692225, ""R3"": 3040.335028, ""R4"": 1479.669188}","{""R1"": 1000, ""R2"": 2000, ""R3"": 3000, ""R4"": 1500}","{""a"": 8.095555, ""b"": 2.808342, ""in"": 10.0}","{""R1"": 0.001897953, ""R2"": 0.0001589294, ""R3"": 0.001739023, ""R4"": 0.001897953}",True
series_parallel_R1R2R3R4,series_parallel_R1R2R3R4__wrong_component_type_1,wrong_component_type,R4,"{""R1"": 981.805335, ""R2"": 1998.72926, ""R3"": 3001.312114, ""R4"": 1.28e-06}","{""R1"": 1000, ""R2"": 2000, ""R3"": 3000, ""R4"": 1500}","{""a"": 10.0, ""b"": 10.0, ""in"": 10.0}","{""R1"": 1.809276e-18, ""R2"": 0.0, ""R3"": 0.0}",True
series_parallel_R1R2R3R4,series_parallel_R1R2R3R4__wrong_component_type_2,wrong_component_type,R3,"{""R1"": 983.946556, ""R2"": 2003.608611, ""R3"": 9.45e-06, ""R4"": 1512.806688}","{""R1"": 1000, ""R2"": 2000, ""R3"": 3000, ""R4"": 1500}","{""a"": 7.813628, ""b"": 3.361522, ""in"": 10.0}","{""R1"": 0.002222044, ""R2"": 0.002222044, ""R4"": 0.002222044}",True
series_parallel_R1R2R3R4,series_parallel_R1R2R3R4__wrong_component_type_3,wrong_component_type,R4,"{""R1"": 981.13106, ""R2"": 2029.464718, ""R3"": 3053.554186, ""R4"": 3.52e-06}","{""R1"": 1000, ""R2"": 2000, ""R3"": 3000, ""R4"": 1500}","{""a"": 10.0, ""b"": 10.0, ""in"": 10.0}","{""R1"": -1.81052e-18, ""R2"": 0.0, ""R3"": 0.0}",True
series_parallel_R1R2R3R4,series_parallel_R1R2R3R4__wrong_component_type_4,wrong_component_type,R1,"{""R1"": 7.81e-06, ""R2"": 1963.298379, ""R3"": 3037.993605, ""R4"": 1527.44493}","{""R1"": 1000, ""R2"": 2000, ""R3"": 3000, ""R4"": 1500}","{""a"": 0.0, ""b"": 0.0, ""in"": 10.0}","{""R2"": 0.0, ""R3"": 0.0, ""R4"": 0.0}",True
series_parallel_R1R2R3R4,series_parallel_R1R2R3R4__wrong_component_type_5,wrong_component_type,R1,"{""R1"": 5.7e-06, ""R2"": 2025.809143, ""R3"": 3055.156628, ""R4"": 1523.247484}","{""R1"": 1000, ""R2"": 2000, ""R3"": 3000, ""R4"": 1500}","{""a"": 0.0, ""b"": 0.0, ""in"": 10.0}","{""R2"": 0.0, ""R3"": 0.0, ""R4"": 0.0}",True
series_parallel_R1R2R3R4,series_parallel_R1R2R3R4__wrong_component_type_6,wrong_component_type,R3,"{""R1"": 1008.362665, ""R2"": 1994.832912, ""R3"": 7.29e-06, ""R4"": 1511.537192}","{""R1"": 1000, ""R2"": 2000, ""R3"": 3000, ""R4"": 1500}","{""a"": 7.766506, ""b"": 3.34801, ""in"": 10.0}","{""R1"": 0.002214971, ""R2"": 0.002214971, ""R4"": 0.002214971}",True
series_parallel_R1R2R3R4,series_parallel_R1R2R3R4__wrong_component_type_7,wrong_component_type,R2,"{""R1"": 1001.428204, ""R2"": 2.58e-06, ""R3"": 2986.954718, ""R4"": 1527.935358}","{""R1"": 1000, ""R2"": 2000, ""R3"": 3000, ""R4"": 1500}","{""a"": 8.184608, ""b"": 2.769846, ""in"": 10.0}","{""R1"": 0.001812803, ""R3"": 0.001812803, ""R4"": 0.001812803}",True
series_parallel_R1R2R3R4,series_parallel_R1R2R3R4__wrong_component_type_8,wrong_component_type,R3,"{""R1"": 990.343234, ""R2"": 1980.14112, ""R3"": 7.76e-06, ""R4"": 1515.246259}","{""R1"": 1000, ""R2"": 2000, ""R3"": 3000, ""R4"": 1500}","{""a"": 7.792236, ""b"": 3.377925, ""in"": 10.0}","{""R1"": 0.002229291, ""R2"": 0.002229291, ""R4"": 0.002229291}",True
series_parallel_R1R2R3R4,series_parallel_R1R2R3R4__wrong_component_type_9,wrong_component_type,R1,"{""R1"": 8.75e-06, ""R2"": 1979.749038, ""R3"": 3011.807656, ""R4"": 1512.382881}","{""R1"": 1000, ""R2"": 2000, ""R3"": 3000, ""R4"": 1500}","{""a"": 0.0, ""b"": 0.0, ""in"": 10.0}","{""R2"": 0.0, ""R3"": 0.0, ""R4"": 0.0}",True
series_parallel_R1R2R3R4,series_parallel_R1R2R3R4__wrong_component_type_10,wrong_component_type,R4,"{""R1"": 993.778643, ""R2"": 1969.404362, ""R3"": 2978.281638, ""R4"": 4.71e-06}","{""R1"": 1000, ""R2"": 2000, ""R3"": 3000, ""R4"": 1500}","{""a"": 10.0, ""b"": 10.0, ""in"": 10.0}","{""R1"": -1.78748e-18, ""R2"": 0.0, ""R3"": 0.0}",True
series_parallel_R1R2R3R4,series_parallel_R1R2R3R4__wrong_component_type_11,wrong_component_type,R3,"{""R1"": 1015.367614, ""R2"": 2005.218483, ""R3"": 2.62e-06, ""R4"": 1518.701206}","{""R1"": 1000, ""R2"": 2000, ""R3"": 3000, ""R4"": 1500}","{""a"": 7.763156, ""b"": 3.345682, ""in"": 10.0}","{""R1"": 0.002202989, ""R2"": 0.002202989, ""R4"": 0.002202989}",True
series_parallel_R1R2R3R4,series_parallel_R1R2R3R4__wrong_component_type_12,wrong_component_type,R4,"{""R1"": 989.438115, ""R2"": 2014.39689, ""R3"": 3007.606954, ""R4"": 3e-06}","{""R1"": 1000, ""R2"": 2000, ""R3"": 3000, ""R4"": 1500}","{""a"": 10.0, ""b"": 10.0, ""in"": 10.0}","{""R1"": 0.0, ""R2"": 8.818306e-19, ""R3"": 5.906213e-19}",True
series_parallel_R1R2R3R4,series_parallel_R1R2R3R4__wrong_component_type_13,wrong_component_type,R1,"{""R1"": 5.33e-06, ""R2"": 2037.903854, ""R3"": 3014.464376, ""R4"": 1490.212828}","{""R1"": 1000, ""R2"": 2000, ""R3"": 3000, ""R4"": 1500}","{""a"": 0.0, ""b"": 0.0, ""in"": 10.0}","{""R2"": 0.0, ""R3"": 0.0, ""R4"": 0.0}",True
series_parallel_R1R2R3R4,series_parallel_R1R2R3R4__wrong_component_type_14,wrong_component_type,R3,"{""R1"": 1010.19562, ""R2"": 1987.153237, ""R3"": 7.64e-06, ""R4"": 1485.80485}","{""R1"": 1000, ""R2"": 2000, ""R3"": 3000, ""R4"": 1500}","{""a"": 7.746685, ""b"": 3.314196, ""in"": 10.0}","{""R1"": 0.002230573, ""R2"": 0.002230573, ""R4"": 0.002230573}",True
series_parallel_R1R2R3R4,series_parallel_R1R2R3R4__wrong_component_type_15,wrong_component_type,R3,"{""R1"": 1019.717842, ""R2"": 1965.898195, ""R3"": 7.91e-06, ""R4"": 1487.083797}","{""R1"": 1000, ""R2"": 2000, ""R3"": 3000, ""R4"": 1500}","{""a"": 7.720129, ""b"": 3.324801, ""in"": 10.0}","{""R1"": 0.002235786, ""R2"": 0.002235786, ""R4"": 0.002235786}",True
series_parallel_R1R2R3R4,series_parallel_R1R2R3R4__wrong_component_type_16,wrong_component_type,R1,"{""R1"": 3.08e-06, ""R2"": 2022.804984, ""R3"": 3037.489834, ""R4"": 1501.240749}","{""R1"": 1000, ""R2"": 2000, ""R3"": 3000, ""R4"": 1500}","{""a"": 0.0, ""b"": 0.0, ""in"": 10.0}","{""R2"": 0.0, ""R3"": 0.0, ""R4"": 0.0}",True
series_parallel_R1R2R3R4,series_parallel_R1R2R3R4__wrong_component_type_17,wrong_component_type,R2,"{""R1"": 1019.554432, ""R2"": 9.69e-06, ""R3"": 2992.561343, ""R4"": 1529.857017}","{""R1"": 1000, ""R2"": 2000, ""R3"": 3000, ""R4"": 1500}","{""a"": 8.160304, ""b"": 2.760492, ""in"": 10.0}","{""R1"": 0.001804412, ""R3"": 0.001804412, ""R4"": 0.001804412}",True
series_parallel_R1R2R3R4,series_parallel_R1R2R3R4__wrong_component_type_18,wrong_component_type,R2,"{""R1"": 985.884754, ""R2"": 7.48e-06, ""R3"": 2991.17494, ""R4"": 1477.822958}","{""R1"": 1000, ""R2"": 2000, ""R3"": 3000, ""R4"": 1500}","{""a"": 8.192656, ""b"": 2.709175, ""in"": 10.0}","{""R1"": 0.00183322, ""R3"": 0.00183322, ""R4"": 0.00183322}",True
series_parallel_R1R2R3R4,series_parallel_R1R2R3R4__wrong_component_type_19,wrong_component_type,R1,"{""R1"": 7.28e-06, ""R2"": 2024.761038, ""R3"": 2963.584409, ""R4"": 1527.362897}","{""R1"": 1000, ""R2"": 2000, ""R3"": 3000, ""R4"": 1500}","{""a"": 0.0, ""b"": 0.0, ""in"": 10.0}","{""R2"": 0.0, ""R3"": 0.0, ""R4"": 0.0}",True
series_parallel_R1R2R3R4,series_parallel_R1R2R3R4__wrong_component_type_20,wrong_component_type,R1,"{""R1"": 3.24e-06, ""R2"": 2039.069578, ""R3"": 2953.197192, ""R4"": 1520.226523}","{""R1"": 1000, ""R2"": 2000, ""R3"": 3000, ""R4"": 1500}","{""a"": 0.0, ""b"": 0.0, ""in"": 10.0}","{""R2"": 0.0, ""R3"": 0.0, ""R4"": 0.0}",True
series_parallel_R1R2R3R4,series_parallel_R1R2R3R4__multi_fault_1,multi_fault,R1:partial_open;R4:partial_short,"{""R1"": 38990.355133, ""R2"": 1961.693385, ""R3"": 2996.443556, ""R4"": 127.546749}","{""R1"": 1000, ""R2"": 2000, ""R3"": 3000, ""R4"": 1500}","{""a"": 0.3258018, ""b"": 0.03164661, ""in"": 10.0}","{""R1"": 0.0002481177, ""R2"": 0.0001499496, ""R3"": 9.81681e-05, ""R4"": 0.0002481177}",True
series_parallel_R1R2R3R4,series_parallel_R1R2R3R4__multi_fault_2,multi_fault,R2:partial_short;R4:partial_open,"{""R1"": 993.821439, ""R2"": 24.190902, ""R3"": 2952.154654, ""R4"": 17015.345235}","{""R1"": 1000, ""R2"": 2000, ""R3"": 3000, ""R4"": 1500}","{""a"": 9.448892, ""b"": 9.435587, ""in"": 10.0}","{""R1"": 0.000554534, ""R2"": 0.0005500269, ""R3"": 4.507096e-06, ""R4"": 0.000554534}",True
series_parallel_R1R2R3R4,series_parallel_R1R2R3R4__multi_fault_3,multi_fault,R1:partial_short;R2:partial_open,"{""R1"": 56.707365, ""R2"": 44308.954344, ""R3"": 3013.546832, ""R4"": 1485.899596}","{""R1"": 1000, ""R2"": 2000, ""R3"": 3000, ""R4"": 1500}","{""a"": 9.870064, ""b"": 3.404709, ""in"": 10.0}","{""R1"": 0.002291346, ""R2"": 0.0001459153, ""R3"": 0.00214543, ""R4"": 0.002291346}",True
series_parallel_R1R2R3R4,series_parallel_R1R2R3R4__multi_fault_4,multi_fault,R4:partial_short;R1:partial_open,"{""R1"": 13279.436353, ""R2"": 2020.030179, ""R3"": 2997.899765, ""R4"": 101.528464}","{""R1"": 1000, ""R2"": 2000, ""R3"": 3000, ""R4"": 1500}","{""a"": 0.8968931, ""b"": 0.06959817, ""in"": 10.0}","{""R1"": 0.000685504, ""R2"": 0.0004095458, ""R3"": 0.0002759582, ""R4"": 0.000685504}",True
series_parallel_R1R2R3R4,series_parallel_R1R2R3R4__multi_fault_5,multi_fault,R2:partial_open;R4:partial_short,"{""R1"": 1006.890897, ""R2"": 47255.933339, ""R3"": 2966.40717, ""R4"": 105.926148}","{""R1"": 1000, ""R2"": 2000, ""R3"": 3000, ""R4"": 1500}","{""a"": 7.420882, ""b"": 0.2713264, ""in"": 10.0}","{""R1"": 0.002561468, ""R2"": 0.0001512943, ""R3"": 0.002410173, ""R4"": 0.002561468}",True
series_parallel_R1R2R3R4,series_parallel_R1R2R3R4__multi_fault_6,multi_fault,R3:partial_open;R1:partial_short,"{""R1"": 43.841875, ""R2"": 1999.453441, ""R3"": 123208.387725, ""R4"": 1475.236049}","{""R1"": 1000, ""R2"": 2000, ""R3"": 3000, ""R4"": 1500}","{""a"": 9.874256, ""b"": 4.231157, ""in"": 10.0}","{""R1"": 0.002868122, ""R2"": 0.002822321, ""R3"": 4.580126e-05, ""R4"": 0.002868122}",True
series_parallel_R1R2R3R4,series_parallel_R1R2R3R4__multi_fault_7,multi_fault,R4:partial_short;R1:partial_open,"{""R1"": 39743.796776, ""R2"": 2029.006585, ""R3"": 3049.85109, ""R4"": 114.471262}","{""R1"": 1000, ""R2"": 2000, ""R3"": 3000, ""R4"": 1500}","{""a"": 0.3244879, ""b"": 0.0278677, ""in"": 10.0}","{""R1"": 0.0002434471, ""R2"": 0.0001461898, ""R3"": 9.725726e-05, ""R4"": 0.0002434471}",True
series_parallel_R1R2R3R4,series_parallel_R1R2R3R4__multi_fault_8,multi_fault,R4:partial_short;R1:partial_open,"{""R1"": 24997.459394, ""R2"": 2029.204645, ""R3"": 2969.727051, ""R4"": 167.535649}","{""R1"": 1000, ""R2"": 2000, ""R3"": 3000, ""R4"": 1500}","{""a"": 0.5206691, ""b"": 0.06353149, ""in"": 10.0}","{""R1"": 0.0003792118, ""R2"": 0.0002252792, ""R3"": 0.0001539325, ""R4"": 0.0003792118}",True
series_parallel_R1R2R3R4,series_parallel_R1R2R3R4__multi_fault_9,multi_fault,R2:partial_open;R1:partial_short,"{""R1"": 54.660305, ""R2"": 87554.311609, ""R3"": 3035.282035, ""R4"": 1474.717427}","{""R1"": 1000, ""R2"": 2000, ""R3"": 3000, ""R4"": 1500}","{""a"": 9.877525, ""b"": 3.304348, ""in"": 10.0}","{""R1"": 0.002240665, ""R2"": 7.507542e-05, ""R3"": 0.00216559, ""R4"": 0.002240665}",True
series_parallel_R1R2R3R4,series_parallel_R1R2R3R4__multi_fault_10,multi_fault,R2:partial_open;R4:partial_short,"{""R1"": 998.589257, ""R2"": 91168.177395, ""R3"": 2953.830284, ""R4"": 170.346559}","{""R1"": 1000, ""R2"": 2000, ""R3"": 3000, ""R4"": 1500}","{""a"": 7.522152, ""b"": 0.4226892, ""in"": 10.0}","{""R1"": 0.002481349, ""R2"": 7.787215e-05, ""R3"": 0.002403477, ""R4"": 0.002481349}",True
series_parallel_R1R2R3R4,series_parallel_R1R2R3R4__multi_fault_11,multi_fault,R2:partial_short;R3:partial_open,"{""R1"": 1000.156037, ""R2"": 90.173777, ""R3"": 58433.377676, ""R4"": 1495.376334}","{""R1"": 1000, ""R2"": 2000, ""R3"": 3000, ""R4"": 1500}","{""a"": 6.131773, ""b"": 5.783552, ""in"": 10.0}","{""R1"": 0.003867623, ""R2"": 0.003861664, ""R3"": 5.95928e-06, ""R4"": 0.003867623}",True
series_parallel_R1R2R3R4,series_parallel_R1R2R3R4__multi_fault_12,multi_fault,R2:partial_short;R1:partial_open,"{""R1"": 39090.240092, ""R2"": 244.066325, ""R3"": 2960.951475, ""R4"": 1506.588713}","{""R1"": 1000, ""R2"": 2000, ""R3"": 3000, ""R4"": 1500}","{""a"": 0.4242947, ""b"": 0.3690601, ""in"": 10.0}","{""R1"": 0.0002449641, ""R2"": 0.0002263098, ""R3"": 1.865434e-05, ""R4"": 0.0002449641}",True
series_parallel_R1R2R3R4,series_parallel_R1R2R3R4__multi_fault_13,multi_fault,R2:partial_short;R4:partial_open,"{""R1"": 981.873286, ""R2"": 99.604963, ""R3"": 3020.906525, ""R4"": 66042.539579}","{""R1"": 1000, ""R2"": 2000, ""R3"": 3000, ""R4"": 1500}","{""a"": 9.853716, ""b"": 9.83935, ""in"": 10.0}","{""R1"": 0.000148985, ""R2"": 0.0001442295, ""R3"": 4.755518e-06, ""R4"": 0.000148985}",True
series_parallel_R1R2R3R4,series_parallel_R1R2R3R4__multi_fault_14,multi_fault,R3:partial_open;R1:partial_short,"{""R1"": 113.034032, ""R2"": 2015.440324, ""R3"": 64252.043302, ""R4"": 1486.013927}","{""R1"": 1000, ""R2"": 2000, ""R3"": 3000, ""R4"": 1500}","{""a"": 9.68188, ""b"": 4.182195, ""in"": 10.0}","{""R1"": 0.002814371, ""R2"": 0.002728776, ""R3"": 8.559549e-05, ""R4"": 0.002814371}",True
series_parallel_R1R2R3R4,series_parallel_R1R2R3R4__multi_fault_15,multi_fault,R4:partial_open;R1:partial_short,"{""R1"": 67.774333, ""R2"": 1991.282507, ""R3"": 3043.049245, ""R4"": 56570.556074}","{""R1"": 1000, ""R2"": 2000, ""R3"": 3000, ""R4"": 1500}","{""a"": 9.988283, ""b"": 9.78019, ""in"": 10.0}","{""R1"": 0.0001728848, ""R2"": 0.0001045019, ""R3"": 6.838296e-05, ""R4"": 0.0001728848}",True
series_parallel_R1R2R3R4,series_parallel_R1R2R3R4__multi_fault_16,multi_fault,R3:partial_open;R2:partial_short,"{""R1"": 988.386159, ""R2"": 215.383995, ""R3"": 59080.169578, ""R4"": 1481.340431}","{""R1"": 1000, ""R2"": 2000, ""R3"": 3000, ""R4"": 1500}","{""a"": 6.317939, ""b"": 5.518477, ""in"": 10.0}","{""R1"": 0.003725327, ""R2"": 0.003711795, ""R3"": 1.35318e-05, ""R4"": 0.003725327}",True
series_parallel_R1R2R3R4,series_parallel_R1R2R3R4__multi_fault_17,multi_fault,R4:partial_short;R2:partial_open,"{""R1"": 987.117667, ""R2"": 59054.783767, ""R3"": 3046.033331, ""R4"": 84.218129}","{""R1"": 1000, ""R2"": 2000, ""R3"": 3000, ""R4"": 1500}","{""a"": 7.51228, ""b"": 0.2122453, ""in"": 10.0}","{""R1"": 0.002520186, ""R2"": 0.0001236146, ""R3"": 0.002396571, ""R4"": 0.002520186}",True
series_parallel_R1R2R3R4,series_parallel_R1R2R3R4__multi_fault_18,multi_fault,R2:partial_short;R1:partial_open,"{""R1"": 23768.473467, ""R2"": 109.292734, ""R3"": 3028.631287, ""R4"": 1494.901442}","{""R1"": 1000, ""R2"": 2000, ""R3"": 3000, ""R4"": 1500}","{""a"": 0.6308472, ""b"": 0.5892663, ""in"": 10.0}","{""R1"": 0.000394184, ""R2"": 0.0003804548, ""R3"": 1.372928e-05, ""R4"": 0.000394184}",True
series_parallel_R1R2R3R4,series_parallel_R1R2R3R4__multi_fault_19,multi_fault,R3:partial_open;R1:partial_short,"{""R1"": 148.704759, ""R2"": 1979.504406, ""R3"": 122344.125232, ""R4"": 1485.355103}","{""R1"": 1000, ""R2"": 2000, ""R3"": 3000, ""R4"": 1500}","{""a"": 9.584861, ""b"": 4.146666, ""in"": 10.0}","{""R1"": 0.0027917, ""R2"": 0.00274725, ""R3"": 4.444998e-05, ""R4"": 0.0027917}",True
series_parallel_R1R2R3R4,series_parallel_R1R2R3R4__multi_fault_20,multi_fault,R4:partial_open;R1:partial_short,"{""R1"": 59.848918, ""R2"": 2004.044559, ""R3"": 3053.405469, ""R4"": 36517.249569}","{""R1"": 1000, ""R2"": 2000, ""R3"": 3000, ""R4"": 1500}","{""a"": 9.984162, ""b"": 9.663964, ""in"": 10.0}","{""R1"": 0.0002646411, ""R2"": 0.0001597755, ""R3"": 0.0001048656, ""R4"": 0.0002646411}",True
multisource_5R_network,multisource_5R_network__normal_1,normal,,"{""R1"": 1971.294162, ""R2"": 2024.594018, ""R3"": 1003.416786, ""R4"": 1502.752623, ""R5"": 3962.123695, ""I1"": 5}","{""R1"": 2000, ""R2"": 2000, ""R3"": 1000, ""R4"": 1500, ""R5"": 4000}","{""A"": 10.0, ""B"": 15.0, ""C"": 2622.163}","{""R1"": 0.00507281, ""R2"": -0.00246963, ""R3"": -2.60327, ""R4"": -1.73492, ""R5"": 0.6618074}",True
multisource_5R_network,multisource_5R_network__normal_2,normal,,"{""R1"": 2001.891756, ""R2"": 2028.505988, ""R3"": 1014.183015, ""R4"": 1524.424005, ""R5"": 3989.826189, ""I1"": 5}","{""R1"": 2000, ""R2"": 2000, ""R3"": 1000, ""R4"": 1500, ""R5"": 4000}","{""A"": 10.0, ""B"": 15.0, ""C"": 2652.224}","{""R1"": 0.004995275, ""R2"": -0.00246487, ""R3"": -2.60527, ""R4"": -1.72998, ""R5"": 0.6647467}",True
multisource_5R_network,multisource_5R_network__normal_3,normal,,"{""R1"": 2035.131062, ""R2"": 1977.247884, ""R3"": 990.825813, ""R4"": 1495.935629, ""R5"": 3931.486905, ""I1"": 5}","{""R1"": 2000, ""R2"": 2000, ""R3"": 1000, ""R4"": 1500, ""R5"": 4000}","{""A"": 10.0, ""B"": 15.0, ""C"": 2598.28}","{""R1"": 0.004913688, ""R2"": -0.00252877, ""R3"": -2.61224, ""R4"": -1.72687, ""R5"": 0.6608898}",True
multisource_5R_network,multisource_5R_network__normal_4,normal,,"{""R1"": 1975.382468, ""R2"": 2002.827542, ""R3"": 990.975227, ""R4"": 1491.127262, ""R5"": 4003.982803, ""I1"": 5}","{""R1"": 2000, ""R2"": 2000, ""R3"": 1000, ""R4"": 1500, ""R5"": 4000}","{""A"": 10.0, ""B"": 15.0, ""C"": 2601.799}","{""R1"": 0.005062311, ""R2"": -0.00249647, ""R3"": -2.6154, ""R4"": -1.73479, ""R5"": 0.6498028}",True
multisource_5R_network,multisource_5R_network__normal_5,normal,,"{""R1"": 1976.483431, ""R2"": 1990.817598, ""R3"": 988.932284, ""R4"": 1522.506271, ""R5"": 4018.820243, ""I1"": 5}","{""R1"": 2000, ""R2"": 2000, ""R3"": 1000, ""R4"": 1500, ""R5"": 4000}","{""A"": 10.0, ""B"": 15.0, ""C"": 2618.885}","{""R1"": 0.005059491, ""R2"": -0.00251153, ""R3"": -2.63808, ""R4"": -1.71026, ""R5"": 0.6516552}",True
multisource_5R_network,multisource_5R_network__normal_6,normal,,"{""R1"": 2008.644167, ""R2"": 2008.959343, ""R3"": 1012.225122, ""R4"": 1522.391075, ""R5"": 4033.367206, ""I1"": 5}","{""R1"": 2000, ""R2"": 2000, ""R3"": 1000, ""R4"": 1500, ""R5"": 4000}","{""A"": 10.0, ""B"": 15.0, ""C"": 2652.132}","{""R1"": 0.004978483, ""R2"": -0.00248885, ""R3"": -2.61022, ""R4"": -1.73223, ""R5"": 0.6575479}",True
multisource_5R_network,multisource_5R_network__normal_7,normal,,"{""R1"": 2017.890132, ""R2"": 2018.707433, ""R3"": 1016.11477, ""R4"": 1471.604559, ""R5"": 4069.823763, ""I1"": 5}","{""R1"": 2000, ""R2"": 2000, ""R3"": 1000, ""R4"": 1500, ""R5"": 4000}","{""A"": 10.0, ""B"": 15.0, ""C"": 2629.141}","{""R1"": 0.004955671, ""R2"": -0.00247683, ""R3"": -2.5776, ""R4"": -1.77639, ""R5"": 0.6460085}",True
multisource_5R_network,multisource_5R_network__normal_8,normal,,"{""R1"": 1994.509757, ""R2"": 1996.189645, ""R3"": 983.990929, ""R4"": 1489.801023, ""R5"": 3946.433071, ""I1"": 5}","{""R1"": 2000, ""R2"": 2000, ""R3"": 1000, ""R4"": 1500, ""R5"": 4000}","{""A"": 10.0, ""B"": 15.0, ""C"": 2586.557}","{""R1"": 0.005013763, ""R2"": -0.00250477, ""R3"": -2.61848, ""R4"": -1.72611, ""R5"": 0.6554163}",True
multisource_5R_network,multisource_5R_network__normal_9,normal,,"{""R1"": 1990.479697, ""R2"": 2012.070092, ""R3"": 990.815097, ""R4"": 1479.857106, ""R5"": 4040.121062, ""I1"": 5}","{""R1"": 2000, ""R2"": 2000, ""R3"": 1000, ""R4"": 1500, ""R5"": 4000}","{""A"": 10.0, ""B"": 15.0, ""C"": 2597.752}","{""R1"": 0.005023915, ""R2"": -0.002485, ""R3"": -2.61174, ""R4"": -1.74527, ""R5"": 0.6429886}",True
multisource_5R_network,multisource_5R_network__normal_10,normal,,"{""R1"": 2009.672059, ""R2"": 1987.743334, ""R3"": 1009.640025, ""R4"": 1511.040623, ""R5"": 4000.943247, ""I1"": 5}","{""R1"": 2000, ""R2"": 2000, ""R3"": 1000, ""R4"": 1500, ""R5"": 4000}","{""A"": 10.0, ""B"": 15.0, ""C"": 2638.977}","{""R1"": 0.004975936, ""R2"": -0.00251542, ""R3"": -2.60388, ""R4"": -1.73654, ""R5"": 0.6595886}",True
multisource_5R_network,multisource_5R_network__normal_11,normal,,"{""R1"": 1960.960295, ""R2"": 1977.267489, ""R3"": 981.981484, ""R4"": 1499.635302, ""R5"": 3966.11158, ""I1"": 5}","{""R1"": 2000, ""R2"": 2000, ""R3"": 1000, ""R4"": 1500, ""R5"": 4000}","{""A"": 10.0, ""B"": 15.0, ""C"": 2591.312}","{""R1"": 0.005099542, ""R2"": -0.00252874, ""R3"": -2.62868, ""R4"": -1.71796, ""R5"": 0.6533635}",True
multisource_5R_network,multisource_5R_network__normal_12,normal,,"{""R1"": 1995.282779, ""R2"": 1991.620303, ""R3"": 991.133395, ""R4"": 1529.289532, ""R5"": 4033.628327, ""I1"": 5}","{""R1"": 2000, ""R2"": 2000, ""R3"": 1000, ""R4"": 1500, ""R5"": 4000}","{""A"": 10.0, ""B"": 15.0, ""C"": 2627.173}","{""R1"": 0.005011821, ""R2"": -0.00251052, ""R3"": -2.64059, ""R4"": -1.7081, ""R5"": 0.6513176}",True
multisource_5R_network,multisource_5R_network__normal_13,normal,,"{""R1"": 1961.109516, ""R2"": 2024.536358, ""R3"": 1004.692504, ""R4"": 1504.386077, ""R5"": 4008.380342, ""I1"": 5}","{""R1"": 2000, ""R2"": 2000, ""R3"": 1000, ""R4"": 1500, ""R5"": 4000}","{""A"": 10.0, ""B"": 15.0, ""C"": 2628.88}","{""R1"": 0.005099154, ""R2"": -0.0024697, ""R3"": -2.60665, ""R4"": -1.73751, ""R5"": 0.6558459}",True
multisource_5R_network,multisource_5R_network__normal_14,normal,,"{""R1"": 1995.592435, ""R2"": 1985.468737, ""R3"": 1013.261134, ""R4"": 1476.673593, ""R5"": 3987.066422, ""I1"": 5}","{""R1"": 2000, ""R2"": 2000, ""R3"": 1000, ""R4"": 1500, ""R5"": 4000}","{""A"": 10.0, ""B"": 15.0, ""C"": 2621.532}","{""R1"": 0.005011043, ""R2"": -0.0025183, ""R3"": -2.57735, ""R4"": -1.76514, ""R5"": 0.657509}",True
multisource_5R_network,multisource_5R_network__normal_15,normal,,"{""R1"": 1992.224037, ""R2"": 2008.514184, ""R3"": 1000.204563, ""R4"": 1521.49453, ""R5"": 3926.027237, ""I1"": 5}","{""R1"": 2000, ""R2"": 2000, ""R3"": 1000, ""R4"": 1500, ""R5"": 4000}","{""A"": 10.0, ""B"": 15.0, ""C"": 2625.785}","{""R1"": 0.005019516, ""R2"": -0.0024894, ""R3"": -2.61525, ""R4"": -1.71593, ""R5"": 0.6688149}",True
multisource_5R_network,multisource_5R_network__normal_16,normal,,"{""R1"": 2012.276037, ""R2"": 2020.674825, ""R3"": 992.647015, ""R4"": 1497.905054, ""R5"": 3971.277848, ""I1"": 5}","{""R1"": 2000, ""R2"": 2000, ""R3"": 1000, ""R4"": 1500, ""R5"": 4000}","{""A"": 10.0, ""B"": 15.0, ""C"": 2605.382}","{""R1"": 0.004969497, ""R2"": -0.00247442, ""R3"": -2.61461, ""R4"": -1.72934, ""R5"": 0.6560563}",True
multisource_5R_network,multisource_5R_network__normal_17,normal,,"{""R1"": 1962.315458, ""R2"": 1967.197828, ""R3"": 990.458389, ""R4"": 1472.732211, ""R5"": 4009.987149, ""I1"": 5}","{""R1"": 2000, ""R2"": 2000, ""R3"": 1000, ""R4"": 1500, ""R5"": 4000}","{""A"": 10.0, ""B"": 15.0, ""C"": 2590.417}","{""R1"": 0.005096021, ""R2"": -0.00254169, ""R3"": -2.60528, ""R4"": -1.74873, ""R5"": 0.6459912}",True
multisource_5R_network,multisource_5R_network__normal_18,normal,,"{""R1"": 2031.311734, ""R2"": 1996.45285, ""R3"": 1003.377751, ""R4"": 1522.044845, ""R5"": 4071.686761, ""I1"": 5}","{""R1"": 2000, ""R2"": 2000, ""R3"": 1000, ""R4"": 1500, ""R5"": 4000}","{""A"": 10.0, ""B"": 15.0, ""C"": 2643.064}","{""R1"": 0.004922927, ""R2"": -0.00250444, ""R3"": -2.6242, ""R4"": -1.72667, ""R5"": 0.6491326}",True
multisource_5R_network,multisource_5R_network__normal_19,normal,,"{""R1"": 2002.031786, ""R2"": 1987.940228, ""R3"": 1007.052627, ""R4"": 1527.86727, ""R5"": 3936.904167, ""I1"": 5}","{""R1"": 2000, ""R2"": 2000, ""R3"": 1000, ""R4"": 1500, ""R5"": 4000}","{""A"": 10.0, ""B"": 15.0, ""C"": 2639.874}","{""R1"": 0.004994926, ""R2"": -0.00251517, ""R3"": -2.61146, ""R4"": -1.718, ""R5"": 0.6705456}",True
multisource_5R_network,multisource_5R_network__normal_20,normal,,"{""R1"": 2000.613566, ""R2"": 1982.183537, ""R3"": 986.204012, ""R4"": 1512.7328, ""R5"": 4006.241196, ""I1"": 5}","{""R1"": 2000, ""R2"": 2000, ""R3"": 1000, ""R4"": 1500, ""R5"": 4000}","{""A"": 10.0, ""B"": 15.0, ""C"": 2608.289}","{""R1"": 0.004998467, ""R2"": -0.00252247, ""R3"": -2.63464, ""R4"": -1.71431, ""R5"": 0.6510564}",True
multisource_5R_network,multisource_5R_network__partial_short_1,partial_short,R5,"{""R1"": 1965.817361, ""R2"": 1971.945279, ""R3"": 1005.134664, ""R4"": 1493.422064, ""R5"": 233.983904, ""I1"": 5}","{""R1"": 2000, ""R2"": 2000, ""R3"": 1000, ""R4"": 1500, ""R5"": 4000}","{""A"": 10.0, ""B"": 15.0, ""C"": 845.3596}","{""R1"": 0.005086943, ""R2"": -0.00253557, ""R3"": -0.831092, ""R4"": -0.556011, ""R5"": 3.612896}",True
multisource_5R_network,multisource_5R_network__partial_short_2,partial_short,R4,"{""R1"": 1964.446934, ""R2"": 2011.235125, ""R3"": 989.708353, ""R4"": 216.31258, ""R5"": 3937.575857, ""I1"": 5}","{""R1"": 2000, ""R2"": 2000, ""R3"": 1000, ""R4"": 1500, ""R5"": 4000}","{""A"": 10.0, ""B"": 15.0, ""C"": 862.7803}","{""R1"": 0.005090491, ""R2"": -0.00248603, ""R3"": -0.861648, ""R4"": -3.91924, ""R5"": 0.2191146}",True
multisource_5R_network,multisource_5R_network__partial_short_3,partial_short,R1,"{""R1"": 117.593446, ""R2"": 1985.210823, ""R3"": 996.978408, ""R4"": 1500.811604, ""R5"": 4032.879593, ""I1"": 5}","{""R1"": 2000, ""R2"": 2000, ""R3"": 1000, ""R4"": 1500, ""R5"": 4000}","{""A"": 10.0, ""B"": 15.0, ""C"": 2618.28}","{""R1"": 0.08503875, ""R2"": -0.00251862, ""R3"": -2.61619, ""R4"": -1.73458, ""R5"": 0.6492334}",True
multisource_5R_network,multisource_5R_network__partial_short_4,partial_short,R1,"{""R1"": 54.376385, ""R2"": 2002.861339, ""R3"": 990.956466, ""R4"": 1491.016812, ""R5"": 3941.258275, ""I1"": 5}","{""R1"": 2000, ""R2"": 2000, ""R3"": 1000, ""R4"": 1500, ""R5"": 4000}","{""A"": 10.0, ""B"": 15.0, ""C"": 2596.359}","{""R1"": 0.1839034, ""R2"": -0.00249643, ""R3"": -2.60996, ""R4"": -1.73127, ""R5"": 0.6587639}",True
multisource_5R_network,multisource_5R_network__partial_short_5,partial_short,R5,"{""R1"": 2007.132496, ""R2"": 1990.422248, ""R3"": 993.595334, ""R4"": 1477.09119, ""R5"": 529.384627, ""I1"": 5}","{""R1"": 2000, ""R2"": 2000, ""R3"": 1000, ""R4"": 1500, ""R5"": 4000}","{""A"": 10.0, ""B"": 15.0, ""C"": 1405.264}","{""R1"": 0.004982232, ""R2"": -0.00251203, ""R3"": -1.40426, ""R4"": -0.941218, ""R5"": 2.654524}",True
multisource_5R_network,multisource_5R_network__partial_short_6,partial_short,R1,"{""R1"": 34.599155, ""R2"": 2037.28127, ""R3"": 1009.616405, ""R4"": 1523.552935, ""R5"": 3942.238474, ""I1"": 5}","{""R1"": 2000, ""R2"": 2000, ""R3"": 1000, ""R4"": 1500, ""R5"": 4000}","{""A"": 10.0, ""B"": 15.0, ""C"": 2641.28}","{""R1"": 0.2890244, ""R2"": -0.00245425, ""R3"": -2.60622, ""R4"": -1.72379, ""R5"": 0.6699951}",True
multisource_5R_network,multisource_5R_network__partial_short_7,partial_short,R1,"{""R1"": 196.593774, ""R2"": 1972.400844, ""R3"": 980.023234, ""R4"": 1489.891153, ""R5"": 4062.669738, ""I1"": 5}","{""R1"": 2000, ""R2"": 2000, ""R3"": 1000, ""R4"": 1500, ""R5"": 4000}","{""A"": 10.0, ""B"": 15.0, ""C"": 2590.817}","{""R1"": 0.05086631, ""R2"": -0.00253498, ""R3"": -2.63342, ""R4"": -1.72886, ""R5"": 0.637713}",True
multisource_5R_network,multisource_5R_network__partial_short_8,partial_short,R2,"{""R1"": 2032.35624, ""R2"": 176.497979, ""R3"": 1002.29782, ""R4"": 1491.500945, ""R5"": 3980.48456, ""I1"": 5}","{""R1"": 2000, ""R2"": 2000, ""R3"": 1000, ""R4"": 1500, ""R5"": 4000}","{""A"": 10.0, ""B"": 15.0, ""C"": 2615.42}","{""R1"": 0.004920397, ""R2"": -0.0283289, ""R3"": -2.59945, ""R4"": -1.74349, ""R5"": 0.6570608}",True
multisource_5R_network,multisource_5R_network__partial_short_9,partial_short,R5,"{""R1"": 1971.17947, ""R2"": 1993.244806, ""R3"": 998.40432, ""R4"": 1471.960059, ""R5"": 589.753956, ""I1"": 5}","{""R1"": 2000, ""R2"": 2000, ""R3"": 1000, ""R4"": 1500, ""R5"": 4000}","{""A"": 10.0, ""B"": 15.0, ""C"": 1486.77}","{""R1"": 0.005073105, ""R2"": -0.00250847, ""R3"": -1.47913, ""R4"": -0.999871, ""R5"": 2.521}",True
multisource_5R_network,multisource_5R_network__partial_short_10,partial_short,R2,"{""R1"": 1986.67307, ""R2"": 264.597542, ""R3"": 1008.512276, ""R4"": 1496.226797, ""R5"": 3972.76117, ""I1"": 5}","{""R1"": 2000, ""R2"": 2000, ""R3"": 1000, ""R4"": 1500, ""R5"": 4000}","{""A"": 10.0, ""B"": 15.0, ""C"": 2626.012}","{""R1"": 0.005033541, ""R2"": -0.0188966, ""R3"": -2.59393, ""R4"": -1.74506, ""R5"": 0.6610042}",True
multisource_5R_network,multisource_5R_network__partial_short_11,partial_short,R1,"{""R1"": 114.787278, ""R2"": 2029.197111, ""R3"": 1003.322809, ""R4"": 1525.527845, ""R5"": 3957.066187, ""I1"": 5}","{""R1"": 2000, ""R2"": 2000, ""R3"": 1000, ""R4"": 1500, ""R5"": 4000}","{""A"": 10.0, ""B"": 15.0, ""C"": 2635.188}","{""R1"": 0.08711767, ""R2"": -0.00246403, ""R3"": -2.61649, ""R4"": -1.71756, ""R5"": 0.6659448}",True
multisource_5R_network,multisource_5R_network__partial_short_12,partial_short,R2,"{""R1"": 2031.897666, ""R2"": 220.190295, ""R3"": 988.169866, ""R4"": 1507.691255, ""R5"": 3949.896833, ""I1"": 5}","{""R1"": 2000, ""R2"": 2000, ""R3"": 1000, ""R4"": 1500, ""R5"": 4000}","{""A"": 10.0, ""B"": 15.0, ""C"": 2603.218}","{""R1"": 0.004921508, ""R2"": -0.0227076, ""R3"": -2.62426, ""R4"": -1.71668, ""R5"": 0.6590598}",True
multisource_5R_network,multisource_5R_network__partial_short_13,partial_short,R2,"{""R1"": 2032.707143, ""R2"": 207.99119, ""R3"": 984.645006, ""R4"": 1470.067927, ""R5"": 4043.659989, ""I1"": 5}","{""R1"": 2000, ""R2"": 2000, ""R3"": 1000, ""R4"": 1500, ""R5"": 4000}","{""A"": 10.0, ""B"": 15.0, ""C"": 2583.638}","{""R1"": 0.004919548, ""R2"": -0.0240395, ""R3"": -2.61377, ""R4"": -1.74729, ""R5"": 0.6389355}",True
multisource_5R_network,multisource_5R_network__partial_short_14,partial_short,R5,"{""R1"": 2013.597425, ""R2"": 2029.784075, ""R3"": 1015.439792, ""R4"": 1517.420124, ""R5"": 132.742524, ""I1"": 5}","{""R1"": 2000, ""R2"": 2000, ""R3"": 1000, ""R4"": 1500, ""R5"": 4000}","{""A"": 10.0, ""B"": 15.0, ""C"": 546.9794}","{""R1"": 0.004966236, ""R2"": -0.00246332, ""R3"": -0.528815, ""R4"": -0.350581, ""R5"": 4.120604}",True
multisource_5R_network,multisource_5R_network__partial_short_15,partial_short,R2,"{""R1"": 2002.00904, ""R2"": 38.502998, ""R3"": 1001.213808, ""R4"": 1495.682523, ""R5"": 4033.628753, ""I1"": 5}","{""R1"": 2000, ""R2"": 2000, ""R3"": 1000, ""R4"": 1500, ""R5"": 4000}","{""A"": 10.0, ""B"": 15.0, ""C"": 2621.016}","{""R1"": 0.004994982, ""R2"": -0.12986, ""R3"": -2.60785, ""R4"": -1.74236, ""R5"": 0.649791}",True
multisource_5R_network,multisource_5R_network__partial_short_16,partial_short,R2,"{""R1"": 2012.0681, ""R2"": 202.990487, ""R3"": 989.033583, ""R4"": 1483.040779, ""R5"": 3993.205253, ""I1"": 5}","{""R1"": 2000, ""R2"": 2000, ""R3"": 1000, ""R4"": 1500, ""R5"": 4000}","{""A"": 10.0, ""B"": 15.0, ""C"": 2593.355}","{""R1"": 0.004970011, ""R2"": -0.0246317, ""R3"": -2.612, ""R4"": -1.73856, ""R5"": 0.6494418}",True
multisource_5R_network,multisource_5R_network__partial_short_17,partial_short,R5,"{""R1"": 2021.54933, ""R2"": 1996.973239, ""R3"": 1010.137316, ""R4"": 1472.789394, ""R5"": 250.491428, ""I1"": 5}","{""R1"": 2000, ""R2"": 2000, ""R3"": 1000, ""R4"": 1500, ""R5"": 4000}","{""A"": 10.0, ""B"": 15.0, ""C"": 886.7683}","{""R1"": 0.004946701, ""R2"": -0.00250379, ""R3"": -0.867969, ""R4"": -0.591916, ""R5"": 3.540114}",True
multisource_5R_network,multisource_5R_network__partial_short_18,partial_short,R3,"{""R1"": 2011.580394, ""R2"": 2004.242215, ""R3"": 108.960598, ""R4"": 1489.490014, ""R5"": 3944.165194, ""I1"": 5}","{""R1"": 2000, ""R2"": 2000, ""R3"": 1000, ""R4"": 1500, ""R5"": 4000}","{""A"": 10.0, ""B"": 15.0, ""C"": 505.0064}","{""R1"": 0.004971216, ""R2"": -0.00249471, ""R3"": -4.54299, ""R4"": -0.328976, ""R5"": 0.1280389}",True
multisource_5R_network,multisource_5R_network__partial_short_19,partial_short,R5,"{""R1"": 1991.43345, ""R2"": 1975.256875, ""R3"": 982.302405, ""R4"": 1474.908893, ""R5"": 296.404244, ""I1"": 5}","{""R1"": 2000, ""R2"": 2000, ""R3"": 1000, ""R4"": 1500, ""R5"": 4000}","{""A"": 10.0, ""B"": 15.0, ""C"": 990.2471}","{""R1"": 0.005021509, ""R2"": -0.00253132, ""R3"": -0.997908, ""R4"": -0.661225, ""R5"": 3.340867}",True
multisource_5R_network,multisource_5R_network__partial_short_20,partial_short,R3,"{""R1"": 1980.666292, ""R2"": 2008.303695, ""R3"": 52.416701, ""R4"": 1512.086327, ""R5"": 3922.353927, ""I1"": 5}","{""R1"": 2000, ""R2"": 2000, ""R3"": 1000, ""R4"": 1500, ""R5"": 4000}","{""A"": 10.0, ""B"": 15.0, ""C"": 260.1107}","{""R1"": 0.005048806, ""R2"": -0.00248966, ""R3"": -4.77158, ""R4"": -0.162101, ""R5"": 0.06631495}",True
multisource_5R_network,multisource_5R_network__partial_open_1,partial_open,R4,"{""R1"": 1993.613257, ""R2"": 2015.011697, ""R3"": 996.034471, ""R4"": 64138.760075, ""R5"": 4023.978738, ""I1"": 5}","{""R1"": 2000, ""R2"": 2000, ""R3"": 1000, ""R4"": 1500, ""R5"": 4000}","{""A"": 10.0, ""B"": 15.0, ""C"": 3951.062}","{""R1"": 0.005016018, ""R2"": -0.00248138, ""R3"": -3.95675, ""R4"": -0.0613679, ""R5"": 0.9818794}",True
multisource_5R_network,multisource_5R_network__partial_open_2,partial_open,R4,"{""R1"": 1993.261021, ""R2"": 2023.072004, ""R3"": 988.780619, ""R4"": 16564.736971, ""R5"": 4017.40675, ""I1"": 5}","{""R1"": 2000, ""R2"": 2000, ""R3"": 1000, ""R4"": 1500, ""R5"": 4000}","{""A"": 10.0, ""B"": 15.0, ""C"": 3794.408}","{""R1"": 0.005016904, ""R2"": -0.00247149, ""R3"": -3.82735, ""R4"": -0.22816, ""R5"": 0.9444918}",True
multisource_5R_network,multisource_5R_network__partial_open_3,partial_open,R4,"{""R1"": 2015.071692, ""R2"": 2027.500656, ""R3"": 998.292696, ""R4"": 12111.935538, ""R5"": 3926.00888, ""I1"": 5}","{""R1"": 2000, ""R2"": 2000, ""R3"": 1000, ""R4"": 1500, ""R5"": 4000}","{""A"": 10.0, ""B"": 15.0, ""C"": 3742.578}","{""R1"": 0.004962603, ""R2"": -0.00246609, ""R3"": -3.73896, ""R4"": -0.307761, ""R5"": 0.953278}",True
multisource_5R_network,multisource_5R_network__partial_open_4,partial_open,R3,"{""R1"": 1977.176955, ""R2"": 2011.36265, ""R3"": 34797.145042, ""R4"": 1473.212004, ""R5"": 4064.570681, ""I1"": 5}","{""R1"": 2000, ""R2"": 2000, ""R3"": 1000, ""R4"": 1500, ""R5"": 4000}","{""A"": 10.0, ""B"": 15.0, ""C"": 5254.513}","{""R1"": 0.005057716, ""R2"": -0.00248588, ""R3"": -0.150717, ""R4"": -3.55652, ""R5"": 1.29276}",True
multisource_5R_network,multisource_5R_network__partial_open_5,partial_open,R1,"{""R1"": 13786.370233, ""R2"": 2031.646447, ""R3"": 982.023732, ""R4"": 1515.741512, ""R5"": 4031.920606, ""I1"": 5}","{""R1"": 2000, ""R2"": 2000, ""R3"": 1000, ""R4"": 1500, ""R5"": 4000}","{""A"": 10.0, ""B"": 15.0, ""C"": 2606.386}","{""R1"": 0.0007253541, ""R2"": -0.00246106, ""R3"": -2.64391, ""R4"": -1.70965, ""R5"": 0.6464378}",True
multisource_5R_network,multisource_5R_network__partial_open_6,partial_open,R5,"{""R1"": 1980.115988, ""R2"": 2026.336386, ""R3"": 993.676495, ""R4"": 1489.152988, ""R5"": 102883.267562, ""I1"": 5}","{""R1"": 2000, ""R2"": 2000, ""R3"": 1000, ""R4"": 1500, ""R5"": 4000}","{""A"": 10.0, ""B"": 15.0, ""C"": 2974.709}","{""R1"": 0.005050209, ""R2"": -0.00246751, ""R3"": -2.98358, ""R4"": -1.98751, ""R5"": 0.02891343}",True
multisource_5R_network,multisource_5R_network__partial_open_7,partial_open,R2,"{""R1"": 2038.589858, ""R2"": 15570.515179, ""R3"": 1004.368682, ""R4"": 1515.478971, ""R5"": 3953.434466, ""I1"": 5}","{""R1"": 2000, ""R2"": 2000, ""R3"": 1000, ""R4"": 1500, ""R5"": 4000}","{""A"": 10.0, ""B"": 15.0, ""C"": 2630.327}","{""R1"": 0.004905352, ""R2"": -0.00032112, ""R3"": -2.60893, ""R4"": -1.72574, ""R5"": 0.6653272}",True
multisource_5R_network,multisource_5R_network__partial_open_8,partial_open,R2,"{""R1"": 1978.428658, ""R2"": 55584.714195, ""R3"": 980.546345, ""R4"": 1489.429046, ""R5"": 3952.547941, ""I1"": 5}","{""R1"": 2000, ""R2"": 2000, ""R3"": 1000, ""R4"": 1500, ""R5"": 4000}","{""A"": 10.0, ""B"": 15.0, ""C"": 2582.125}","{""R1"": 0.005054516, ""R2"": -8.99528e-05, ""R3"": -2.62316, ""R4"": -1.72356, ""R5"": 0.6532812}",True
multisource_5R_network,multisource_5R_network__partial_open_9,partial_open,R3,"{""R1"": 2031.939641, ""R2"": 1961.811011, ""R3"": 36391.040169, ""R4"": 1526.893143, ""R5"": 3957.548795, ""I1"": 5}","{""R1"": 2000, ""R2"": 2000, ""R3"": 1000, ""R4"": 1500, ""R5"": 4000}","{""A"": 10.0, ""B"": 15.0, ""C"": 5357.904}","{""R1"": 0.004921406, ""R2"": -0.00254867, ""R3"": -0.146957, ""R4"": -3.4992, ""R5"": 1.353844}",True
multisource_5R_network,multisource_5R_network__partial_open_10,partial_open,R5,"{""R1"": 1975.388246, ""R2"": 2038.683644, ""R3"": 985.788621, ""R4"": 1513.753793, ""R5"": 147841.419827, ""I1"": 5}","{""R1"": 2000, ""R2"": 2000, ""R3"": 1000, ""R4"": 1500, ""R5"": 4000}","{""A"": 10.0, ""B"": 15.0, ""C"": 2984.947}","{""R1"": 0.005062296, ""R2"": -0.00245256, ""R3"": -3.01783, ""R4"": -1.96198, ""R5"": 0.0201902}",True
multisource_5R_network,multisource_5R_network__partial_open_11,partial_open,R2,"{""R1"": 1961.044806, ""R2"": 98160.605148, ""R3"": 1008.922335, ""R4"": 1509.951391, ""R5"": 4066.839309, ""I1"": 5}","{""R1"": 2000, ""R2"": 2000, ""R3"": 1000, ""R4"": 1500, ""R5"": 4000}","{""A"": 10.0, ""B"": 15.0, ""C"": 2642.969}","{""R1"": 0.005099323, ""R2"": -5.09369e-05, ""R3"": -2.60968, ""R4"": -1.74043, ""R5"": 0.6498828}",True
multisource_5R_network,multisource_5R_network__partial_open_12,partial_open,R2,"{""R1"": 2037.558603, ""R2"": 75624.653051, ""R3"": 980.475869, ""R4"": 1513.779568, ""R5"": 3973.846496, ""I1"": 5}","{""R1"": 2000, ""R2"": 2000, ""R3"": 1000, ""R4"": 1500, ""R5"": 4000}","{""A"": 10.0, ""B"": 15.0, ""C"": 2598.189}","{""R1"": 0.004907834, ""R2"": -6.6116e-05, ""R3"": -2.63973, ""R4"": -1.70645, ""R5"": 0.6538223}",True
multisource_5R_network,multisource_5R_network__partial_open_13,partial_open,R4,"{""R1"": 2023.89248, ""R2"": 2015.455015, ""R3"": 987.069742, ""R4"": 67343.347548, ""R5"": 3988.019258, ""I1"": 5}","{""R1"": 2000, ""R2"": 2000, ""R3"": 1000, ""R4"": 1500, ""R5"": 4000}","{""A"": 10.0, ""B"": 15.0, ""C"": 3918.319}","{""R1"": 0.004940974, ""R2"": -0.00248083, ""R3"": -3.95952, ""R4"": -0.0579615, ""R5"": 0.9825225}",True
multisource_5R_network,multisource_5R_network__partial_open_14,partial_open,R5,"{""R1"": 1969.296865, ""R2"": 1969.547492, ""R3"": 992.213686, ""R4"": 1487.367461, ""R5"": 103640.911875, ""I1"": 5}","{""R1"": 2000, ""R2"": 2000, ""R3"": 1000, ""R4"": 1500, ""R5"": 4000}","{""A"": 10.0, ""B"": 15.0, ""C"": 2970.819}","{""R1"": 0.005077955, ""R2"": -0.00253865, ""R3"": -2.98405, ""R4"": -1.98728, ""R5"": 0.02866454}",True
multisource_5R_network,multisource_5R_network__partial_open_15,partial_open,R5,"{""R1"": 2028.968377, ""R2"": 2012.488673, ""R3"": 1005.250706, ""R4"": 1492.279361, ""R5"": 157100.649921, ""I1"": 5}","{""R1"": 2000, ""R2"": 2000, ""R3"": 1000, ""R4"": 1500, ""R5"": 4000}","{""A"": 10.0, ""B"": 15.0, ""C"": 3003.725}","{""R1"": 0.004928613, ""R2"": -0.00248449, ""R3"": -2.97809, ""R4"": -2.00279, ""R5"": 0.01911975}",True
multisource_5R_network,multisource_5R_network__partial_open_16,partial_open,R5,"{""R1"": 2030.664196, ""R2"": 2004.49203, ""R3"": 980.607297, ""R4"": 1528.252039, ""R5"": 190256.139369, ""I1"": 5}","{""R1"": 2000, ""R2"": 2000, ""R3"": 1000, ""R4"": 1500, ""R5"": 4000}","{""A"": 10.0, ""B"": 15.0, ""C"": 2989.216}","{""R1"": 0.004924497, ""R2"": -0.0024944, ""R3"": -3.03813, ""R4"": -1.94616, ""R5"": 0.01571153}",True
multisource_5R_network,multisource_5R_network__partial_open_17,partial_open,R4,"{""R1"": 2011.988342, ""R2"": 2027.49666, ""R3"": 1009.466945, ""R4"": 42811.183335, ""R5"": 4041.010689, ""I1"": 5}","{""R1"": 2000, ""R2"": 2000, ""R3"": 1000, ""R4"": 1500, ""R5"": 4000}","{""A"": 10.0, ""B"": 15.0, ""C"": 3971.845}","{""R1"": 0.004970208, ""R2"": -0.0024661, ""R3"": -3.92469, ""R4"": -0.0924255, ""R5"": 0.9828841}",True
multisource_5R_network,multisource_5R_network__partial_open_18,partial_open,R4,"{""R1"": 2013.338759, ""R2"": 2012.985839, ""R3"": 980.188499, ""R4"": 66597.186409, ""R5"": 3952.556561, ""I1"": 5}","{""R1"": 2000, ""R2"": 2000, ""R3"": 1000, ""R4"": 1500, ""R5"": 4000}","{""A"": 10.0, ""B"": 15.0, ""C"": 3889.394}","{""R1"": 0.004966874, ""R2"": -0.00248387, ""R3"": -3.9578, ""R4"": -0.0581765, ""R5"": 0.9840197}",True
multisource_5R_network,multisource_5R_network__partial_open_19,partial_open,R1,"{""R1"": 49694.316063, ""R2"": 1987.081836, ""R3"": 999.062034, ""R4"": 1481.043885, ""R5"": 3978.195315, ""I1"": 5}","{""R1"": 2000, ""R2"": 2000, ""R3"": 1000, ""R4"": 1500, ""R5"": 4000}","{""A"": 10.0, ""B"": 15.0, ""C"": 2604.47}","{""R1"": 0.0002012303, ""R2"": -0.00251625, ""R3"": -2.59691, ""R4"": -1.74841, ""R5"": 0.6546862}",True
multisource_5R_network,multisource_5R_network__partial_open_20,partial_open,R1,"{""R1"": 22434.100332, ""R2"": 2014.251185, ""R3"": 991.044149, ""R4"": 1491.85373, ""R5"": 3956.549604, ""I1"": 5}","{""R1"": 2000, ""R2"": 2000, ""R3"": 1000, ""R4"": 1500, ""R5"": 4000}","{""A"": 10.0, ""B"": 15.0, ""C"": 2598.299}","{""R1"": 0.00044575, ""R2"": -0.00248231, ""R3"": -2.61169, ""R4"": -1.7316, ""R5"": 0.6567082}",True
multisource_5R_network,multisource_5R_network__wrong_component_type_1,wrong_component_type,R2,"{""R1"": 1986.801584, ""R2"": 3.33e-06, ""R3"": 993.663276, ""R4"": 1501.808568, ""R5"": 4064.264648, ""I1"": 5}","{""R1"": 2000, ""R2"": 2000, ""R3"": 1000, ""R4"": 1500, ""R5"": 4000}","{""A"": 10.0, ""B"": 15.0, ""C"": 2616.944}","{""R1"": 0.005033215, ""R3"": -2.62357, ""R4"": -1.73254, ""R5"": 0.6438911}",True
multisource_5R_network,multisource_5R_network__wrong_component_type_2,wrong_component_type,R4,"{""R1"": 1990.072775, ""R2"": 1977.160348, ""R3"": 994.345542, ""R4"": 9.37e-06, ""R5"": 4070.328975, ""I1"": 5}","{""R1"": 2000, ""R2"": 2000, ""R3"": 1000, ""R4"": 1500, ""R5"": 4000}","{""A"": 10.0, ""B"": 15.0, ""C"": 4003.667}","{""R1"": 0.005024942, ""R2"": -0.00252888, ""R3"": -4.01638, ""R5"": 0.9836225}",True
multisource_5R_network,multisource_5R_network__wrong_component_type_3,wrong_component_type,R2,"{""R1"": 1993.670123, ""R2"": 1.09e-06, ""R3"": 988.716054, ""R4"": 1508.04997, ""R5"": 4079.244302, ""I1"": 5}","{""R1"": 2000, ""R2"": 2000, ""R3"": 1000, ""R4"": 1500, ""R5"": 4000}","{""A"": 10.0, ""B"": 15.0, ""C"": 2615.072}","{""R1"": 0.005015875, ""R3"": -2.6348, ""R4"": -1.72413, ""R5"": 0.6410679}",True
multisource_5R_network,multisource_5R_network__wrong_component_type_4,wrong_component_type,R2,"{""R1"": 1984.968082, ""R2"": 9.3e-06, ""R3"": 991.73046, ""R4"": 1515.668264, ""R5"": 4025.513996, ""I1"": 5}","{""R1"": 2000, ""R2"": 2000, ""R3"": 1000, ""R4"": 1500, ""R5"": 4000}","{""A"": 10.0, ""B"": 15.0, ""C"": 2619.308}","{""R1"": 0.005037864, ""R3"": -2.63107, ""R4"": -1.71826, ""R5"": 0.6506767}",True
multisource_5R_network,multisource_5R_network__wrong_component_type_5,wrong_component_type,R1,"{""R1"": 9.52e-06, ""R2"": 2030.904674, ""R3"": 1002.902486, ""R4"": 1527.163869, ""R5"": 3944.5416, ""I1"": 5}","{""R1"": 2000, ""R2"": 2000, ""R3"": 1000, ""R4"": 1500, ""R5"": 4000}","{""A"": 10.0, ""B"": 15.0, ""C"": 2634.468}","{""R2"": -0.00246196, ""R3"": -2.61687, ""R4"": -1.71525, ""R5"": 0.6678769}",True
multisource_5R_network,multisource_5R_network__wrong_component_type_6,wrong_component_type,R4,"{""R1"": 1968.770275, ""R2"": 2013.295161, ""R3"": 1019.631094, ""R4"": 2.05e-06, ""R5"": 3968.266777, ""I1"": 5}","{""R1"": 2000, ""R2"": 2000, ""R3"": 1000, ""R4"": 1500, ""R5"": 4000}","{""A"": 10.0, ""B"": 15.0, ""C"": 4063.941}","{""R1"": 0.005079313, ""R2"": -0.00248349, ""R3"": -3.97589, ""R5"": 1.02411}",True
multisource_5R_network,multisource_5R_network__wrong_component_type_7,wrong_component_type,R1,"{""R1"": 8.73e-06, ""R2"": 2001.174936, ""R3"": 1018.187688, ""R4"": 1483.453197, ""R5"": 3997.7517, ""I1"": 5}","{""R1"": 2000, ""R2"": 2000, ""R3"": 1000, ""R4"": 1500, ""R5"": 4000}","{""A"": 10.0, ""B"": 15.0, ""C"": 2633.227}","{""R2"": -0.00249853, ""R3"": -2.57637, ""R4"": -1.76495, ""R5"": 0.658677}",True
multisource_5R_network,multisource_5R_network__wrong_component_type_8,wrong_component_type,R5,"{""R1"": 1980.585347, ""R2"": 2025.805464, ""R3"": 986.445221, ""R4"": 1524.499135, ""R5"": 4.67e-06, ""I1"": 5}","{""R1"": 2000, ""R2"": 2000, ""R3"": 1000, ""R4"": 1500, ""R5"": 4000}","{""A"": 10.0, ""B"": 15.0, ""C"": 3006.525}","{""R1"": 0.005049012, ""R2"": -0.00246815, ""R3"": -3.0377, ""R4"": -1.9623}",True
multisource_5R_network,multisource_5R_network__wrong_component_type_9,wrong_component_type,R2,"{""R1"": 1980.243708, ""R2"": 6.65e-06, ""R3"": 984.280029, ""R4"": 1522.753279, ""R5"": 4054.751098, ""I1"": 5}","{""R1"": 2000, ""R2"": 2000, ""R3"": 1000, ""R4"": 1500, ""R5"": 4000}","{""A"": 10.0, ""B"": 15.0, ""C"": 2615.542}","{""R1"": 0.005049883, ""R3"": -2.64715, ""R4"": -1.70779, ""R5"": 0.645056}",True
multisource_5R_network,multisource_5R_network__wrong_component_type_10,wrong_component_type,R1,"{""R1"": 5.3e-06, ""R2"": 2006.299782, ""R3"": 995.497697, ""R4"": 1498.20431, ""R5"": 4002.66351, ""I1"": 5}","{""R1"": 2000, ""R2"": 2000, ""R3"": 1000, ""R4"": 1500, ""R5"": 4000}","{""A"": 10.0, ""B"": 15.0, ""C"": 2612.134}","{""R2"": -0.00249215, ""R3"": -2.6139, ""R4"": -1.7335, ""R5"": 0.652599}",True
multisource_5R_network,multisource_5R_network__wrong_component_type_11,wrong_component_type,R4,"{""R1"": 2017.505445, ""R2"": 2015.418166, ""R3"": 1013.016897, ""R4"": 9.11e-06, ""R5"": 4043.368197, ""I1"": 5}","{""R1"": 2000, ""R2"": 2000, ""R3"": 1000, ""R4"": 1500, ""R5"": 4000}","{""A"": 10.0, ""B"": 15.0, ""C"": 4058.321}","{""R1"": 0.004956616, ""R2"": -0.00248087, ""R3"": -3.9963, ""R5"": 1.003698}",True
multisource_5R_network,multisource_5R_network__wrong_component_type_12,wrong_component_type,R2,"{""R1"": 1971.421986, ""R2"": 5.01e-06, ""R3"": 1017.512537, ""R4"": 1479.316148, ""R5"": 3991.174514, ""I1"": 5}","{""R1"": 2000, ""R2"": 2000, ""R3"": 1000, ""R4"": 1500, ""R5"": 4000}","{""A"": 10.0, ""B"": 15.0, ""C"": 2629.178}","{""R1"": 0.005072481, ""R3"": -2.5741, ""R4"": -1.76715, ""R5"": 0.6587479}",True
multisource_5R_network,multisource_5R_network__wrong_component_type_13,wrong_component_type,R5,"{""R1"": 2015.653325, ""R2"": 1992.122724, ""R3"": 1015.847875, ""R4"": 1493.805086, ""R5"": 6.45e-06, ""I1"": 5}","{""R1"": 2000, ""R2"": 2000, ""R3"": 1000, ""R4"": 1500, ""R5"": 4000}","{""A"": 10.0, ""B"": 15.0, ""C"": 3035.308}","{""R1"": 0.004961171, ""R2"": -0.00250989, ""R3"": -2.97811, ""R4"": -2.02189}",True
multisource_5R_network,multisource_5R_network__wrong_component_type_14,wrong_component_type,R3,"{""R1"": 1995.532384, ""R2"": 2039.770403, ""R3"": 3.93e-06, ""R4"": 1482.558956, ""R5"": 4027.494305, ""I1"": 5}","{""R1"": 2000, ""R2"": 2000, ""R3"": 1000, ""R4"": 1500, ""R5"": 4000}","{""A"": 10.0, ""B"": 15.0, ""C"": 5429.24}","{""R1"": 0.005011194, ""R2"": -0.00245126, ""R4"": -3.65196, ""R5"": 1.348044}",True
multisource_5R_network,multisource_5R_network__wrong_component_type_15,wrong_component_type,R4,"{""R1"": 2038.749037, ""R2"": 1976.505812, ""R3"": 981.787867, ""R4"": 1.19e-06, ""R5"": 4028.771252, ""I1"": 5}","{""R1"": 2000, ""R2"": 2000, ""R3"": 1000, ""R4"": 1500, ""R5"": 4000}","{""A"": 10.0, ""B"": 15.0, ""C"": 3955.104}","{""R1"": 0.004904969, ""R2"": -0.00252972, ""R3"": -4.01829, ""R5"": 0.9817147}",True
multisource_5R_network,multisource_5R_network__wrong_component_type_16,wrong_component_type,R1,"{""R1"": 2.13e-06, ""R2"": 2025.71327, ""R3"": 1019.087427, ""R4"": 1495.600114, ""R5"": 4043.04024, ""I1"": 5}","{""R1"": 2000, ""R2"": 2000, ""R3"": 1000, ""R4"": 1500, ""R5"": 4000}","{""A"": 10.0, ""B"": 15.0, ""C"": 2645.87}","{""R2"": -0.00246827, ""R3"": -2.5865, ""R4"": -1.75907, ""R5"": 0.6544259}",True
multisource_5R_network,multisource_5R_network__wrong_component_type_17,wrong_component_type,R1,"{""R1"": 4.59e-06, ""R2"": 2000.836168, ""R3"": 1012.729952, ""R4"": 1526.051047, ""R5"": 4009.456888, ""I1"": 5}","{""R1"": 2000, ""R2"": 2000, ""R3"": 1000, ""R4"": 1500, ""R5"": 4000}","{""A"": 10.0, ""B"": 15.0, ""C"": 2652.943}","{""R2"": -0.00249896, ""R3"": -2.60972, ""R4"": -1.72861, ""R5"": 0.6616714}",True
multisource_5R_network,multisource_5R_network__wrong_component_type_18,wrong_component_type,R1,"{""R1"": 5.08e-06, ""R2"": 1970.851816, ""R3"": 984.864745, ""R4"": 1508.480894, ""R5"": 4033.213324, ""I1"": 5}","{""R1"": 2000, ""R2"": 2000, ""R3"": 1000, ""R4"": 1500, ""R5"": 4000}","{""A"": 10.0, ""B"": 15.0, ""C"": 2606.181}","{""R2"": -0.00253697, ""R3"": -2.63608, ""R4"": -1.71774, ""R5"": 0.6461797}",True
multisource_5R_network,multisource_5R_network__wrong_component_type_19,wrong_component_type,R2,"{""R1"": 1974.744764, ""R2"": 5.34e-06, ""R3"": 996.306836, ""R4"": 1475.738726, ""R5"": 4046.705231, ""I1"": 5}","{""R1"": 2000, ""R2"": 2000, ""R3"": 1000, ""R4"": 1500, ""R5"": 4000}","{""A"": 10.0, ""B"": 15.0, ""C"": 2603.234}","{""R1"": 0.005063946, ""R3"": -2.60285, ""R4"": -1.75386, ""R5"": 0.6432971}",True
multisource_5R_network,multisource_5R_network__wrong_component_type_20,wrong_component_type,R3,"{""R1"": 2020.106791, ""R2"": 2002.316754, ""R3"": 2.15e-06, ""R4"": 1511.724114, ""R5"": 3944.431155, ""I1"": 5}","{""R1"": 2000, ""R2"": 2000, ""R3"": 1000, ""R4"": 1500, ""R5"": 4000}","{""A"": 10.0, ""B"": 15.0, ""C"": 5475.215}","{""R1"": 0.004950233, ""R2"": -0.00249711, ""R4"": -3.61191, ""R5"": 1.388087}",True
multisource_5R_network,multisource_5R_network__multi_fault_1,multi_fault,R5:partial_short;R3:partial_open,"{""R1"": 2038.982625, ""R2"": 2006.878134, ""R3"": 11398.0836, ""R4"": 1481.535966, ""R5"": 232.159047, ""I1"": 5}","{""R1"": 2000, ""R2"": 2000, ""R3"": 1000, ""R4"": 1500, ""R5"": 4000}","{""A"": 10.0, ""B"": 15.0, ""C"": 988.3436}","{""R1"": 0.004904407, ""R2"": -0.00249143, ""R3"": -0.085834, ""R4"": -0.656983, ""R5"": 4.257183}",True
multisource_5R_network,multisource_5R_network__multi_fault_2,multi_fault,R5:partial_short;R4:partial_open,"{""R1"": 1961.397467, ""R2"": 2000.01282, ""R3"": 1000.692406, ""R4"": 32155.896777, ""R5"": 269.823667, ""I1"": 5}","{""R1"": 2000, ""R2"": 2000, ""R3"": 1000, ""R4"": 1500, ""R5"": 4000}","{""A"": 10.0, ""B"": 15.0, ""C"": 1057.833}","{""R1"": 0.005098406, ""R2"": -0.00249998, ""R3"": -1.04711, ""R4"": -0.0324305, ""R5"": 3.920461}",True
multisource_5R_network,multisource_5R_network__multi_fault_3,multi_fault,R2:partial_short;R5:partial_open,"{""R1"": 2015.576249, ""R2"": 129.443554, ""R3"": 994.762441, ""R4"": 1498.559766, ""R5"": 171894.327428, ""I1"": 5}","{""R1"": 2000, ""R2"": 2000, ""R3"": 1000, ""R4"": 1500, ""R5"": 4000}","{""A"": 10.0, ""B"": 15.0, ""C"": 2990.999}","{""R1"": 0.00496136, ""R2"": -0.0386269, ""R3"": -2.99669, ""R4"": -1.98591, ""R5"": 0.01740022}",True
multisource_5R_network,multisource_5R_network__multi_fault_4,multi_fault,R4:partial_open;R5:partial_short,"{""R1"": 1974.313291, ""R2"": 2012.831147, ""R3"": 1014.364528, ""R4"": 17175.500261, ""R5"": 573.060014, ""I1"": 5}","{""R1"": 2000, ""R2"": 2000, ""R3"": 1000, ""R4"": 1500, ""R5"": 4000}","{""A"": 10.0, ""B"": 15.0, ""C"": 1796.554}","{""R1"": 0.005065052, ""R2"": -0.00248406, ""R3"": -1.76125, ""R4"": -0.103726, ""R5"": 3.135019}",True
multisource_5R_network,multisource_5R_network__multi_fault_5,multi_fault,R5:partial_open;R3:partial_short,"{""R1"": 2004.333439, ""R2"": 2025.861269, ""R3"": 11.826429, ""R4"": 1518.362475, ""R5"": 40101.78851, ""I1"": 5}","{""R1"": 2000, ""R2"": 2000, ""R3"": 1000, ""R4"": 1500, ""R5"": 4000}","{""A"": 10.0, ""B"": 15.0, ""C"": 68.69367}","{""R1"": 0.00498919, ""R2"": -0.00246809, ""R3"": -4.96292, ""R4"": -0.0353629, ""R5"": 0.001712983}",True
multisource_5R_network,multisource_5R_network__multi_fault_6,multi_fault,R4:partial_open;R1:partial_short,"{""R1"": 280.051753, ""R2"": 1975.756604, ""R3"": 1002.424794, ""R4"": 30167.237842, ""R5"": 3983.042696, ""I1"": 5}","{""R1"": 2000, ""R2"": 2000, ""R3"": 1000, ""R4"": 1500, ""R5"": 4000}","{""A"": 10.0, ""B"": 15.0, ""C"": 3908.954}","{""R1"": 0.03570769, ""R2"": -0.00253068, ""R3"": -3.88952, ""R4"": -0.129079, ""R5"": 0.9813989}",True
multisource_5R_network,multisource_5R_network__multi_fault_7,multi_fault,R1:partial_open;R2:partial_short,"{""R1"": 48671.938692, ""R2"": 121.714131, ""R3"": 989.09599, ""R4"": 1479.934513, ""R5"": 4047.142194, ""I1"": 5}","{""R1"": 2000, ""R2"": 2000, ""R3"": 1000, ""R4"": 1500, ""R5"": 4000}","{""A"": 10.0, ""B"": 15.0, ""C"": 2596.028}","{""R1"": 0.0002054572, ""R2"": -0.0410799, ""R3"": -2.61454, ""R4"": -1.74402, ""R5"": 0.6414473}",True
multisource_5R_network,multisource_5R_network__multi_fault_8,multi_fault,R5:partial_short;R2:partial_open,"{""R1"": 1977.892228, ""R2"": 80963.804066, ""R3"": 996.615208, ""R4"": 1497.597758, ""R5"": 130.379307, ""I1"": 5}","{""R1"": 2000, ""R2"": 2000, ""R3"": 1000, ""R4"": 1500, ""R5"": 4000}","{""A"": 10.0, ""B"": 15.0, ""C"": 537.4175}","{""R1"": 0.005055887, ""R2"": -6.1756e-05, ""R3"": -0.529209, ""R4"": -0.348837, ""R5"": 4.121954}",True
multisource_5R_network,multisource_5R_network__multi_fault_9,multi_fault,R1:partial_open;R4:partial_short,"{""R1"": 15554.229612, ""R2"": 2005.024443, ""R3"": 996.566945, ""R4"": 167.271297, ""R5"": 3965.46299, ""I1"": 5}","{""R1"": 2000, ""R2"": 2000, ""R3"": 1000, ""R4"": 1500, ""R5"": 4000}","{""A"": 10.0, ""B"": 15.0, ""C"": 704.9703}","{""R1"": 0.0006429119, ""R2"": -0.00249374, ""R3"": -0.697364, ""R4"": -4.12486, ""R5"": 0.1777776}",True
multisource_5R_network,multisource_5R_network__multi_fault_10,multi_fault,R3:partial_open;R4:partial_short,"{""R1"": 1971.455378, ""R2"": 1997.967946, ""R3"": 28283.999447, ""R4"": 127.361411, ""R5"": 3933.521225, ""I1"": 5}","{""R1"": 2000, ""R2"": 2000, ""R3"": 1000, ""R4"": 1500, ""R5"": 4000}","{""A"": 10.0, ""B"": 15.0, ""C"": 628.666}","{""R1"": 0.005072395, ""R2"": -0.00250254, ""R3"": -0.0218734, ""R4"": -4.8183, ""R5"": 0.1598227}",True
multisource_5R_network,multisource_5R_network__multi_fault_11,multi_fault,R1:partial_open;R2:partial_short,"{""R1"": 36983.249486, ""R2"": 112.100055, ""R3"": 990.209973, ""R4"": 1515.329022, ""R5"": 3926.674047, ""I1"": 5}","{""R1"": 2000, ""R2"": 2000, ""R3"": 1000, ""R4"": 1500, ""R5"": 4000}","{""A"": 10.0, ""B"": 15.0, ""C"": 2608.498}","{""R1"": 0.0002703927, ""R2"": -0.044603, ""R3"": -2.62419, ""R4"": -1.71151, ""R5"": 0.6643023}",True
multisource_5R_network,multisource_5R_network__multi_fault_12,multi_fault,R3:partial_open;R2:partial_short,"{""R1"": 1975.073896, ""R2"": 242.817408, ""R3"": 47099.300481, ""R4"": 1525.97175, ""R5"": 3931.139743, ""I1"": 5}","{""R1"": 2000, ""R2"": 2000, ""R3"": 1000, ""R4"": 1500, ""R5"": 4000}","{""A"": 10.0, ""B"": 15.0, ""C"": 5381.754}","{""R1"": 0.005063102, ""R2"": -0.0205916, ""R3"": -0.114052, ""R4"": -3.51694, ""R5"": 1.369006}",True
multisource_5R_network,multisource_5R_network__multi_fault_13,multi_fault,R3:partial_short;R4:partial_open,"{""R1"": 2023.917788, ""R2"": 1977.102395, ""R3"": 84.133567, ""R4"": 60458.17855, ""R5"": 3943.474907, ""I1"": 5}","{""R1"": 2000, ""R2"": 2000, ""R3"": 1000, ""R4"": 1500, ""R5"": 4000}","{""A"": 10.0, ""B"": 15.0, ""C"": 421.1182}","{""R1"": 0.004940912, ""R2"": -0.00252895, ""R3"": -4.88649, ""R4"": -0.00671734, ""R5"": 0.1067886}",True
multisource_5R_network,multisource_5R_network__multi_fault_14,multi_fault,R3:partial_short;R1:partial_open,"{""R1"": 24474.384784, ""R2"": 2020.324571, ""R3"": 124.715917, ""R4"": 1519.463927, ""R5"": 3988.305548, ""I1"": 5}","{""R1"": 2000, ""R2"": 2000, ""R3"": 1000, ""R4"": 1500, ""R5"": 4000}","{""A"": 10.0, ""B"": 15.0, ""C"": 570.1811}","{""R1"": 0.0004085905, ""R2"": -0.00247485, ""R3"": -4.49166, ""R4"": -0.36538, ""R5"": 0.1429633}",True
multisource_5R_network,multisource_5R_network__multi_fault_15,multi_fault,R5:partial_short;R3:partial_open,"{""R1"": 1989.371716, ""R2"": 1986.358833, ""R3"": 48295.34013, ""R4"": 1515.843067, ""R5"": 376.390605, ""I1"": 5}","{""R1"": 2000, ""R2"": 2000, ""R3"": 1000, ""R4"": 1500, ""R5"": 4000}","{""A"": 10.0, ""B"": 15.0, ""C"": 1501.281}","{""R1"": 0.005026713, ""R2"": -0.00251717, ""R3"": -0.0308784, ""R4"": -0.980498, ""R5"": 3.988624}",True
multisource_5R_network,multisource_5R_network__multi_fault_16,multi_fault,R3:partial_short;R1:partial_open,"{""R1"": 82648.020189, ""R2"": 2010.881573, ""R3"": 58.02121, ""R4"": 1501.469624, ""R5"": 4002.993662, ""I1"": 5}","{""R1"": 2000, ""R2"": 2000, ""R3"": 1000, ""R4"": 1500, ""R5"": 4000}","{""A"": 10.0, ""B"": 15.0, ""C"": 285.5142}","{""R1"": 0.000120995, ""R2"": -0.00248647, ""R3"": -4.74851, ""R4"": -0.180166, ""R5"": 0.07132517}",True
multisource_5R_network,multisource_5R_network__multi_fault_17,multi_fault,R1:partial_short;R2:partial_open,"{""R1"": 185.985088, ""R2"": 65994.278215, ""R3"": 1014.358021, ""R4"": 1525.040486, ""R5"": 3960.863748, ""I1"": 5}","{""R1"": 2000, ""R2"": 2000, ""R3"": 1000, ""R4"": 1500, ""R5"": 4000}","{""A"": 10.0, ""B"": 15.0, ""C"": 2650.264}","{""R1"": 0.05376775, ""R2"": -7.57641e-05, ""R3"": -2.60289, ""R4"": -1.728, ""R5"": 0.6691126}",True
multisource_5R_network,multisource_5R_network__multi_fault_18,multi_fault,R5:partial_open;R3:partial_short,"{""R1"": 2007.296342, ""R2"": 1972.80331, ""R3"": 121.809378, ""R4"": 1481.353358, ""R5"": 80088.358801, ""I1"": 5}","{""R1"": 2000, ""R2"": 2000, ""R3"": 1000, ""R4"": 1500, ""R5"": 4000}","{""A"": 10.0, ""B"": 15.0, ""C"": 572.3466}","{""R1"": 0.004981825, ""R2"": -0.00253446, ""R3"": -4.61661, ""R4"": -0.376242, ""R5"": 0.00714644}",True
multisource_5R_network,multisource_5R_network__multi_fault_19,multi_fault,R4:partial_open;R3:partial_short,"{""R1"": 1965.088297, ""R2"": 1964.508645, ""R3"": 43.839944, ""R4"": 26884.117268, ""R5"": 3958.433916, ""I1"": 5}","{""R1"": 2000, ""R2"": 2000, ""R3"": 1000, ""R4"": 1500, ""R5"": 4000}","{""A"": 10.0, ""B"": 15.0, ""C"": 226.3483}","{""R1"": 0.00508883, ""R2"": -0.00254517, ""R3"": -4.93496, ""R4"": -0.00786145, ""R5"": 0.05718126}",True
multisource_5R_network,multisource_5R_network__multi_fault_20,multi_fault,R2:partial_open;R5:partial_short,"{""R1"": 1970.683296, ""R2"": 96580.72367, ""R3"": 994.496415, ""R4"": 1505.123658, ""R5"": 468.016108, ""I1"": 5}","{""R1"": 2000, ""R2"": 2000, ""R3"": 1000, ""R4"": 1500, ""R5"": 4000}","{""A"": 10.0, ""B"": 15.0, ""C"": 1318.764}","{""R1"": 0.005074382, ""R2"": -5.17702e-05, ""R3"": -1.31601, ""R4"": -0.866217, ""R5"": 2.817776}",True
current_source_single_R,current_source_single_R__normal_1,normal,,"{""Rx"": 419.363968, ""I1"": 0.012}","{""Rx"": 416.67}","{""p"": 5.032368}","{""Rx"": 0.012}",True
current_source_single_R,current_source_single_R__normal_2,normal,,"{""Rx"": 421.197803, ""I1"": 0.012}","{""Rx"": 416.67}","{""p"": 5.054374}","{""Rx"": 0.012}",True
current_source_single_R,current_source_single_R__normal_3,normal,,"{""Rx"": 409.868412, ""I1"": 0.012}","{""Rx"": 416.67}","{""p"": 4.918421}","{""Rx"": 0.012}",True
current_source_single_R,current_source_single_R__normal_4,normal,,"{""Rx"": 414.632879, ""I1"": 0.012}","{""Rx"": 416.67}","{""p"": 4.975595}","{""Rx"": 0.012}",True
current_source_single_R,current_source_single_R__normal_5,normal,,"{""Rx"": 410.430791, ""I1"": 0.012}","{""Rx"": 416.67}","{""p"": 4.925169}","{""Rx"": 0.012}",True
current_source_single_R,current_source_single_R__normal_6,normal,,"{""Rx"": 420.045012, ""I1"": 0.012}","{""Rx"": 416.67}","{""p"": 5.04054}","{""Rx"": 0.012}",True
current_source_single_R,current_source_single_R__normal_7,normal,,"{""Rx"": 412.776513, ""I1"": 0.012}","{""Rx"": 416.67}","{""p"": 4.953318}","{""Rx"": 0.012}",True
current_source_single_R,current_source_single_R__normal_8,normal,,"{""Rx"": 419.624915, ""I1"": 0.012}","{""Rx"": 416.67}","{""p"": 5.035499}","{""Rx"": 0.012}",True
current_source_single_R,current_source_single_R__normal_9,normal,,"{""Rx"": 412.305264, ""I1"": 0.012}","{""Rx"": 416.67}","{""p"": 4.947663}","{""Rx"": 0.012}",True
current_source_single_R,current_source_single_R__normal_10,normal,,"{""Rx"": 416.664919, ""I1"": 0.012}","{""Rx"": 416.67}","{""p"": 4.999979}","{""Rx"": 0.012}",True
current_source_single_R,current_source_single_R__normal_11,normal,,"{""Rx"": 409.609825, ""I1"": 0.012}","{""Rx"": 416.67}","{""p"": 4.915318}","{""Rx"": 0.012}",True
current_source_single_R,current_source_single_R__normal_12,normal,,"{""Rx"": 416.598058, ""I1"": 0.012}","{""Rx"": 416.67}","{""p"": 4.999177}","{""Rx"": 0.012}",True
current_source_single_R,current_source_single_R__normal_13,normal,,"{""Rx"": 417.442525, ""I1"": 0.012}","{""Rx"": 416.67}","{""p"": 5.00931}","{""Rx"": 0.012}",True
current_source_single_R,current_source_single_R__normal_14,normal,,"{""Rx"": 414.33472, ""I1"": 0.012}","{""Rx"": 416.67}","{""p"": 4.972017}","{""Rx"": 0.012}",True
current_source_single_R,current_source_single_R__normal_15,normal,,"{""Rx"": 415.727813, ""I1"": 0.012}","{""Rx"": 416.67}","{""p"": 4.988734}","{""Rx"": 0.012}",True
current_source_single_R,current_source_single_R__normal_16,normal,,"{""Rx"": 419.775523, ""I1"": 0.012}","{""Rx"": 416.67}","{""p"": 5.037306}","{""Rx"": 0.012}",True
current_source_single_R,current_source_single_R__normal_17,normal,,"{""Rx"": 424.879169, ""I1"": 0.012}","{""Rx"": 416.67}","{""p"": 5.09855}","{""Rx"": 0.012}",True
current_source_single_R,current_source_single_R__normal_18,normal,,"{""Rx"": 418.397871, ""I1"": 0.012}","{""Rx"": 416.67}","{""p"": 5.020774}","{""Rx"": 0.012}",True
current_source_single_R,current_source_single_R__normal_19,normal,,"{""Rx"": 423.73104, ""I1"": 0.012}","{""Rx"": 416.67}","{""p"": 5.084772}","{""Rx"": 0.012}",True
current_source_single_R,current_source_single_R__normal_20,normal,,"{""Rx"": 411.365551, ""I1"": 0.012}","{""Rx"": 416.67}","{""p"": 4.936387}","{""Rx"": 0.012}",True
current_source_single_R,current_source_single_R__partial_short_1,partial_short,Rx,"{""Rx"": 52.470634, ""I1"": 0.012}","{""Rx"": 416.67}","{""p"": 0.6296476}","{""Rx"": 0.012}",True
current_source_single_R,current_source_single_R__partial_short_2,partial_short,Rx,"{""Rx"": 30.157192, ""I1"": 0.012}","{""Rx"": 416.67}","{""p"": 0.3618863}","{""Rx"": 0.012}",True
current_source_single_R,current_source_single_R__partial_short_3,partial_short,Rx,"{""Rx"": 25.391912, ""I1"": 0.012}","{""Rx"": 416.67}","{""p"": 0.3047029}","{""Rx"": 0.012}",True
current_source_single_R,current_source_single_R__partial_short_4,partial_short,Rx,"{""Rx"": 10.204304, ""I1"": 0.012}","{""Rx"": 416.67}","{""p"": 0.1224516}","{""Rx"": 0.012}",True
current_source_single_R,current_source_single_R__partial_short_5,partial_short,Rx,"{""Rx"": 23.249896, ""I1"": 0.012}","{""Rx"": 416.67}","{""p"": 0.2789988}","{""Rx"": 0.012}",True
current_source_single_R,current_source_single_R__partial_short_6,partial_short,Rx,"{""Rx"": 39.635296, ""I1"": 0.012}","{""Rx"": 416.67}","{""p"": 0.4756236}","{""Rx"": 0.012}",True
current_source_single_R,current_source_single_R__partial_short_7,partial_short,Rx,"{""Rx"": 56.965236, ""I1"": 0.012}","{""Rx"": 416.67}","{""p"": 0.6835828}","{""Rx"": 0.012}",True
current_source_single_R,current_source_single_R__partial_short_8,partial_short,Rx,"{""Rx"": 24.358605, ""I1"": 0.012}","{""Rx"": 416.67}","{""p"": 0.2923033}","{""Rx"": 0.012}",True
current_source_single_R,current_source_single_R__partial_short_9,partial_short,Rx,"{""Rx"": 37.858867, ""I1"": 0.012}","{""Rx"": 416.67}","{""p"": 0.4543064}","{""Rx"": 0.012}",True
current_source_single_R,current_source_single_R__partial_short_10,partial_short,Rx,"{""Rx"": 11.044514, ""I1"": 0.012}","{""Rx"": 416.67}","{""p"": 0.1325342}","{""Rx"": 0.012}",True
current_source_single_R,current_source_single_R__partial_short_11,partial_short,Rx,"{""Rx"": 48.566606, ""I1"": 0.012}","{""Rx"": 416.67}","{""p"": 0.5827993}","{""Rx"": 0.012}",True
current_source_single_R,current_source_single_R__partial_short_12,partial_short,Rx,"{""Rx"": 25.774437, ""I1"": 0.012}","{""Rx"": 416.67}","{""p"": 0.3092932}","{""Rx"": 0.012}",True
current_source_single_R,current_source_single_R__partial_short_13,partial_short,Rx,"{""Rx"": 57.883066, ""I1"": 0.012}","{""Rx"": 416.67}","{""p"": 0.6945968}","{""Rx"": 0.012}",True
current_source_single_R,current_source_single_R__partial_short_14,partial_short,Rx,"{""Rx"": 27.622916, ""I1"": 0.012}","{""Rx"": 416.67}","{""p"": 0.331475}","{""Rx"": 0.012}",True
current_source_single_R,current_source_single_R__partial_short_15,partial_short,Rx,"{""Rx"": 18.518417, ""I1"": 0.012}","{""Rx"": 416.67}","{""p"": 0.222221}","{""Rx"": 0.012}",True
current_source_single_R,current_source_single_R__partial_short_16,partial_short,Rx,"{""Rx"": 12.844272, ""I1"": 0.012}","{""Rx"": 416.67}","{""p"": 0.1541313}","{""Rx"": 0.012}",True
current_source_single_R,current_source_single_R__partial_short_17,partial_short,Rx,"{""Rx"": 61.615132, ""I1"": 0.012}","{""Rx"": 416.67}","{""p"": 0.7393816}","{""Rx"": 0.012}",True
current_source_single_R,current_source_single_R__partial_short_18,partial_short,Rx,"{""Rx"": 46.408255, ""I1"": 0.012}","{""Rx"": 416.67}","{""p"": 0.5568991}","{""Rx"": 0.012}",True
current_source_single_R,current_source_single_R__partial_short_19,partial_short,Rx,"{""Rx"": 48.326963, ""I1"": 0.012}","{""Rx"": 416.67}","{""p"": 0.5799236}","{""Rx"": 0.012}",True
current_source_single_R,current_source_single_R__partial_short_20,partial_short,Rx,"{""Rx"": 43.680092, ""I1"": 0.012}","{""Rx"": 416.67}","{""p"": 0.5241611}","{""Rx"": 0.012}",True
current_source_single_R,current_source_single_R__partial_open_1,partial_open,Rx,"{""Rx"": 10052.350066, ""I1"": 0.012}","{""Rx"": 416.67}","{""p"": 120.6282}","{""Rx"": 0.012}",True
current_source_single_R,current_source_single_R__partial_open_2,partial_open,Rx,"{""Rx"": 17573.36718, ""I1"": 0.012}","{""Rx"": 416.67}","{""p"": 210.8804}","{""Rx"": 0.012}",True
current_source_single_R,current_source_single_R__partial_open_3,partial_open,Rx,"{""Rx"": 7241.694656, ""I1"": 0.012}","{""Rx"": 416.67}","{""p"": 86.90034}","{""Rx"": 0.012}",True
current_source_single_R,current_source_single_R__partial_open_4,partial_open,Rx,"{""Rx"": 17230.511096, ""I1"": 0.012}","{""Rx"": 416.67}","{""p"": 206.7661}","{""Rx"": 0.012}",True
current_source_single_R,current_source_single_R__partial_open_5,partial_open,Rx,"{""Rx"": 14998.329758, ""I1"": 0.012}","{""Rx"": 416.67}","{""p"": 179.98}","{""Rx"": 0.012}",True
current_source_single_R,current_source_single_R__partial_open_6,partial_open,Rx,"{""Rx"": 6575.509476, ""I1"": 0.012}","{""Rx"": 416.67}","{""p"": 78.90611}","{""Rx"": 0.012}",True
current_source_single_R,current_source_single_R__partial_open_7,partial_open,Rx,"{""Rx"": 7644.253717, ""I1"": 0.012}","{""Rx"": 416.67}","{""p"": 91.73104}","{""Rx"": 0.012}",True
current_source_single_R,current_source_single_R__partial_open_8,partial_open,Rx,"{""Rx"": 11504.86504, ""I1"": 0.012}","{""Rx"": 416.67}","{""p"": 138.0584}","{""Rx"": 0.012}",True
current_source_single_R,current_source_single_R__partial_open_9,partial_open,Rx,"{""Rx"": 6438.08776, ""I1"": 0.012}","{""Rx"": 416.67}","{""p"": 77.25705}","{""Rx"": 0.012}",True
current_source_single_R,current_source_single_R__partial_open_10,partial_open,Rx,"{""Rx"": 7136.468105, ""I1"": 0.012}","{""Rx"": 416.67}","{""p"": 85.63762}","{""Rx"": 0.012}",True
current_source_single_R,current_source_single_R__partial_open_11,partial_open,Rx,"{""Rx"": 18904.306217, ""I1"": 0.012}","{""Rx"": 416.67}","{""p"": 226.8517}","{""Rx"": 0.012}",True
current_source_single_R,current_source_single_R__partial_open_12,partial_open,Rx,"{""Rx"": 4160.981593, ""I1"": 0.012}","{""Rx"": 416.67}","{""p"": 49.93178}","{""Rx"": 0.012}",True
current_source_single_R,current_source_single_R__partial_open_13,partial_open,Rx,"{""Rx"": 8337.035991, ""I1"": 0.012}","{""Rx"": 416.67}","{""p"": 100.0444}","{""Rx"": 0.012}",True
current_source_single_R,current_source_single_R__partial_open_14,partial_open,Rx,"{""Rx"": 3994.194937, ""I1"": 0.012}","{""Rx"": 416.67}","{""p"": 47.93034}","{""Rx"": 0.012}",True
current_source_single_R,current_source_single_R__partial_open_15,partial_open,Rx,"{""Rx"": 19308.00438, ""I1"": 0.012}","{""Rx"": 416.67}","{""p"": 231.6961}","{""Rx"": 0.012}",True
current_source_single_R,current_source_single_R__partial_open_16,partial_open,Rx,"{""Rx"": 12495.051552, ""I1"": 0.012}","{""Rx"": 416.67}","{""p"": 149.9406}","{""Rx"": 0.012}",True
current_source_single_R,current_source_single_R__partial_open_17,partial_open,Rx,"{""Rx"": 7522.044073, ""I1"": 0.012}","{""Rx"": 416.67}","{""p"": 90.26453}","{""Rx"": 0.012}",True
current_source_single_R,current_source_single_R__partial_open_18,partial_open,Rx,"{""Rx"": 19732.302183, ""I1"": 0.012}","{""Rx"": 416.67}","{""p"": 236.7876}","{""Rx"": 0.012}",True
current_source_single_R,current_source_single_R__partial_open_19,partial_open,Rx,"{""Rx"": 13135.47931, ""I1"": 0.012}","{""Rx"": 416.67}","{""p"": 157.6258}","{""Rx"": 0.012}",True
current_source_single_R,current_source_single_R__partial_open_20,partial_open,Rx,"{""Rx"": 19053.249108, ""I1"": 0.012}","{""Rx"": 416.67}","{""p"": 228.639}","{""Rx"": 0.012}",True
current_source_single_R,current_source_single_R__wrong_component_type_1,wrong_component_type,Rx,"{""Rx"": 1.96e-06, ""I1"": 0.012}","{""Rx"": 416.67}","{""p"": 0.06122449}",{},True
current_source_single_R,current_source_single_R__wrong_component_type_2,wrong_component_type,Rx,"{""Rx"": 5.37e-06, ""I1"": 0.012}","{""Rx"": 416.67}","{""p"": 0.02234637}",{},True
current_source_single_R,current_source_single_R__wrong_component_type_3,wrong_component_type,Rx,"{""Rx"": 7.07e-06, ""I1"": 0.012}","{""Rx"": 416.67}","{""p"": 0.01697313}",{},True
current_source_single_R,current_source_single_R__wrong_component_type_4,wrong_component_type,Rx,"{""Rx"": 3.95e-06, ""I1"": 0.012}","{""Rx"": 416.67}","{""p"": 0.03037975}",{},True
current_source_single_R,current_source_single_R__wrong_component_type_5,wrong_component_type,Rx,"{""Rx"": 6.58e-06, ""I1"": 0.012}","{""Rx"": 416.67}","{""p"": 0.01823708}",{},True
current_source_single_R,current_source_single_R__wrong_component_type_6,wrong_component_type,Rx,"{""Rx"": 1.23e-06, ""I1"": 0.012}","{""Rx"": 416.67}","{""p"": 0.09756098}",{},True
current_source_single_R,current_source_single_R__wrong_component_type_7,wrong_component_type,Rx,"{""Rx"": 5.13e-06, ""I1"": 0.012}","{""Rx"": 416.67}","{""p"": 0.02339181}",{},True
current_source_single_R,current_source_single_R__wrong_component_type_8,wrong_component_type,Rx,"{""Rx"": 9.7e-06, ""I1"": 0.012}","{""Rx"": 416.67}","{""p"": 0.01237113}",{},True
current_source_single_R,current_source_single_R__wrong_component_type_9,wrong_component_type,Rx,"{""Rx"": 6.57e-06, ""I1"": 0.012}","{""Rx"": 416.67}","{""p"": 0.01826484}",{},True
current_source_single_R,current_source_single_R__wrong_component_type_10,wrong_component_type,Rx,"{""Rx"": 4.59e-06, ""I1"": 0.012}","{""Rx"": 416.67}","{""p"": 0.02614379}",{},True
current_source_single_R,current_source_single_R__wrong_component_type_11,wrong_component_type,Rx,"{""Rx"": 7.21e-06, ""I1"": 0.012}","{""Rx"": 416.67}","{""p"": 0.01664355}",{},True
current_source_single_R,current_source_single_R__wrong_component_type_12,wrong_component_type,Rx,"{""Rx"": 2.11e-06, ""I1"": 0.012}","{""Rx"": 416.67}","{""p"": 0.05687204}",{},True
current_source_single_R,current_source_single_R__wrong_component_type_13,wrong_component_type,Rx,"{""Rx"": 3.09e-06, ""I1"": 0.012}","{""Rx"": 416.67}","{""p"": 0.03883495}",{},True
current_source_single_R,current_source_single_R__wrong_component_type_14,wrong_component_type,Rx,"{""Rx"": 4.52e-06, ""I1"": 0.012}","{""Rx"": 416.67}","{""p"": 0.02654867}",{},True
current_source_single_R,current_source_single_R__wrong_component_type_15,wrong_component_type,Rx,"{""Rx"": 1e-06, ""I1"": 0.012}","{""Rx"": 416.67}","{""p"": 0.12}",{},True
current_source_single_R,current_source_single_R__wrong_component_type_16,wrong_component_type,Rx,"{""Rx"": 2.55e-06, ""I1"": 0.012}","{""Rx"": 416.67}","{""p"": 0.04705882}",{},True
current_source_single_R,current_source_single_R__wrong_component_type_17,wrong_component_type,Rx,"{""Rx"": 2.97e-06, ""I1"": 0.012}","{""Rx"": 416.67}","{""p"": 0.04040404}",{},True
current_source_single_R,current_source_single_R__wrong_component_type_18,wrong_component_type,Rx,"{""Rx"": 1.7e-06, ""I1"": 0.012}","{""Rx"": 416.67}","{""p"": 0.07058824}",{},True
current_source_single_R,current_source_single_R__wrong_component_type_19,wrong_component_type,Rx,"{""Rx"": 5.33e-06, ""I1"": 0.012}","{""Rx"": 416.67}","{""p"": 0.02251407}",{},True
current_source_single_R,current_source_single_R__wrong_component_type_20,wrong_component_type,Rx,"{""Rx"": 8.56e-06, ""I1"": 0.012}","{""Rx"": 416.67}","{""p"": 0.01401869}",{},True
current_source_single_R,current_source_single_R__multi_fault_1,multi_fault,Rx:partial_open;Rx:partial_short,"{""Rx"": 952.535813, ""I1"": 0.012}","{""Rx"": 416.67}","{""p"": 11.43043}","{""Rx"": 0.012}",True
current_source_single_R,current_source_single_R__multi_fault_2,multi_fault,Rx:partial_short;Rx:partial_open,"{""Rx"": 1589.591092, ""I1"": 0.012}","{""Rx"": 416.67}","{""p"": 19.07509}","{""Rx"": 0.012}",True
current_source_single_R,current_source_single_R__multi_fault_3,multi_fault,Rx:partial_open;Rx:partial_short,"{""Rx"": 1449.827499, ""I1"": 0.012}","{""Rx"": 416.67}","{""p"": 17.39793}","{""Rx"": 0.012}",True
current_source_single_R,current_source_single_R__multi_fault_4,multi_fault,Rx:partial_short;Rx:partial_open,"{""Rx"": 646.416143, ""I1"": 0.012}","{""Rx"": 416.67}","{""p"": 7.756994}","{""Rx"": 0.012}",True
current_source_single_R,current_source_single_R__multi_fault_5,multi_fault,Rx:partial_open;Rx:partial_short,"{""Rx"": 846.804642, ""I1"": 0.012}","{""Rx"": 416.67}","{""p"": 10.16166}","{""Rx"": 0.012}",True
current_source_single_R,current_source_single_R__multi_fault_6,multi_fault,Rx:partial_open;Rx:partial_short,"{""Rx"": 927.546072, ""I1"": 0.012}","{""Rx"": 416.67}","{""p"": 11.13055}","{""Rx"": 0.012}",True
current_source_single_R,current_source_single_R__multi_fault_7,multi_fault,Rx:partial_open;Rx:partial_short,"{""Rx"": 2044.385521, ""I1"": 0.012}","{""Rx"": 416.67}","{""p"": 24.53263}","{""Rx"": 0.012}",True
current_source_single_R,current_source_single_R__multi_fault_8,multi_fault,Rx:partial_short;Rx:partial_open,"{""Rx"": 282.504354, ""I1"": 0.012}","{""Rx"": 416.67}","{""p"": 3.390052}","{""Rx"": 0.012}",True
current_source_single_R,current_source_single_R__multi_fault_9,multi_fault,Rx:partial_short;Rx:partial_open,"{""Rx"": 228.774645, ""I1"": 0.012}","{""Rx"": 416.67}","{""p"": 2.745296}","{""Rx"": 0.012}",True
current_source_single_R,current_source_single_R__multi_fault_10,multi_fault,Rx:partial_open;Rx:partial_short,"{""Rx"": 1848.462601, ""I1"": 0.012}","{""Rx"": 416.67}","{""p"": 22.18155}","{""Rx"": 0.012}",True
current_source_single_R,current_source_single_R__multi_fault_11,multi_fault,Rx:partial_open;Rx:partial_short,"{""Rx"": 893.505745, ""I1"": 0.012}","{""Rx"": 416.67}","{""p"": 10.72207}","{""Rx"": 0.012}",True
current_source_single_R,current_source_single_R__multi_fault_12,multi_fault,Rx:partial_short;Rx:partial_open,"{""Rx"": 617.336453, ""I1"": 0.012}","{""Rx"": 416.67}","{""p"": 7.408037}","{""Rx"": 0.012}",True
current_source_single_R,current_source_single_R__multi_fault_13,multi_fault,Rx:partial_open;Rx:partial_short,"{""Rx"": 311.971708, ""I1"": 0.012}","{""Rx"": 416.67}","{""p"": 3.74366}","{""Rx"": 0.012}",True
current_source_single_R,current_source_single_R__multi_fault_14,multi_fault,Rx:partial_short;Rx:partial_open,"{""Rx"": 212.585022, ""I1"": 0.012}","{""Rx"": 416.67}","{""p"": 2.55102}","{""Rx"": 0.012}",True
current_source_single_R,current_source_single_R__multi_fault_15,multi_fault,Rx:partial_short;Rx:partial_open,"{""Rx"": 1204.016923, ""I1"": 0.012}","{""Rx"": 416.67}","{""p"": 14.4482}","{""Rx"": 0.012}",True
current_source_single_R,current_source_single_R__multi_fault_16,multi_fault,Rx:partial_open;Rx:partial_short,"{""Rx"": 1641.303997, ""I1"": 0.012}","{""Rx"": 416.67}","{""p"": 19.69565}","{""Rx"": 0.012}",True
current_source_single_R,current_source_single_R__multi_fault_17,multi_fault,Rx:partial_short;Rx:partial_open,"{""Rx"": 676.538285, ""I1"": 0.012}","{""Rx"": 416.67}","{""p"": 8.118459}","{""Rx"": 0.012}",True
current_source_single_R,current_source_single_R__multi_fault_18,multi_fault,Rx:partial_open;Rx:partial_short,"{""Rx"": 1893.086772, ""I1"": 0.012}","{""Rx"": 416.67}","{""p"": 22.71704}","{""Rx"": 0.012}",True
current_source_single_R,current_source_single_R__multi_fault_19,multi_fault,Rx:partial_open;Rx:partial_short,"{""Rx"": 323.490541, ""I1"": 0.012}","{""Rx"": 416.67}","{""p"": 3.881886}","{""Rx"": 0.012}",True
current_source_single_R,current_source_single_R__multi_fault_20,multi_fault,Rx:partial_open;Rx:partial_short,"{""Rx"": 1213.609448, ""I1"": 0.012}","{""Rx"": 416.67}","{""p"": 14.56331}","{""Rx"": 0.012}",True
voltage_divider_12k_9k,voltage_divider_12k_9k__normal_1,normal,,"{""R1"": 11976.511097, ""R2"": 9145.414226}","{""R1"": 12000, ""R2"": 9000}","{""o"": 3.030874, ""s"": 7.0}","{""R1"": 0.0003314092, ""R2"": 0.0003314092}",True
voltage_divider_12k_9k,voltage_divider_12k_9k__normal_2,normal,,"{""R1"": 11808.605626, ""R2"": 9098.86701}","{""R1"": 12000, ""R2"": 9000}","{""o"": 3.046378, ""s"": 7.0}","{""R1"": 0.0003348085, ""R2"": 0.0003348085}",True
voltage_divider_12k_9k,voltage_divider_12k_9k__normal_3,normal,,"{""R1"": 12050.161526, ""R2"": 8977.998782}","{""R1"": 12000, ""R2"": 9000}","{""o"": 2.988659, ""s"": 7.0}","{""R1"": 0.0003328869, ""R2"": 0.0003328869}",True
voltage_divider_12k_9k,voltage_divider_12k_9k__normal_4,normal,,"{""R1"": 11882.312629, ""R2"": 9117.908499}","{""R1"": 12000, ""R2"": 9000}","{""o"": 3.039271, ""s"": 7.0}","{""R1"": 0.0003333298, ""R2"": 0.0003333298}",True
voltage_divider_12k_9k,voltage_divider_12k_9k__normal_5,normal,,"{""R1"": 11996.445031, ""R2"": 9009.184407}","{""R1"": 12000, ""R2"": 9000}","{""o"": 3.002257, ""s"": 7.0}","{""R1"": 0.000333244, ""R2"": 0.000333244}",True
voltage_divider_12k_9k,voltage_divider_12k_9k__normal_6,normal,,"{""R1"": 12038.225071, ""R2"": 8928.981439}","{""R1"": 12000, ""R2"": 9000}","{""o"": 2.980982, ""s"": 7.0}","{""R1"": 0.0003338547, ""R2"": 0.0003338547}",True
voltage_divider_12k_9k,voltage_divider_12k_9k__normal_7,normal,,"{""R1"": 11844.34392, ""R2"": 9057.664087}","{""R1"": 12000, ""R2"": 9000}","{""o"": 3.033376, ""s"": 7.0}","{""R1"": 0.0003348961, ""R2"": 0.0003348961}",True
voltage_divider_12k_9k,voltage_divider_12k_9k__normal_8,normal,,"{""R1"": 11987.037578, ""R2"": 9123.574567}","{""R1"": 12000, ""R2"": 9000}","{""o"": 3.025257, ""s"": 7.0}","{""R1"": 0.0003315868, ""R2"": 0.0003315868}",True
voltage_divider_12k_9k,voltage_divider_12k_9k__normal_9,normal,,"{""R1"": 11833.30183, ""R2"": 8937.87667}","{""R1"": 12000, ""R2"": 9000}","{""o"": 3.012113, ""s"": 7.0}","{""R1"": 0.0003370054, ""R2"": 0.0003370054}",True
voltage_divider_12k_9k,voltage_divider_12k_9k__normal_10,normal,,"{""R1"": 11885.560308, ""R2"": 8980.529239}","{""R1"": 12000, ""R2"": 9000}","{""o"": 3.012721, ""s"": 7.0}","{""R1"": 0.0003354725, ""R2"": 0.0003354725}",True
voltage_divider_12k_9k,voltage_divider_12k_9k__normal_11,normal,,"{""R1"": 11835.692742, ""R2"": 8825.118408}","{""R1"": 12000, ""R2"": 9000}","{""o"": 2.99, ""s"": 7.0}","{""R1"": 0.0003388057, ""R2"": 0.0003388057}",True
voltage_divider_12k_9k,voltage_divider_12k_9k__normal_12,normal,,"{""R1"": 12012.607674, ""R2"": 9130.637437}","{""R1"": 12000, ""R2"": 9000}","{""o"": 3.022926, ""s"": 7.0}","{""R1"": 0.000331075, ""R2"": 0.000331075}",True
voltage_divider_12k_9k,voltage_divider_12k_9k__normal_13,normal,,"{""R1"": 11790.991389, ""R2"": 9166.011417}","{""R1"": 12000, ""R2"": 9000}","{""o"": 3.061606, ""s"": 7.0}","{""R1"": 0.0003340172, ""R2"": 0.0003340172}",True
voltage_divider_12k_9k,voltage_divider_12k_9k__normal_14,normal,,"{""R1"": 12009.744116, ""R2"": 9084.979231}","{""R1"": 12000, ""R2"": 9000}","{""o"": 3.014728, ""s"": 7.0}","{""R1"": 0.0003318365, ""R2"": 0.0003318365}",True
voltage_divider_12k_9k,voltage_divider_12k_9k__normal_15,normal,,"{""R1"": 11838.58366, ""R2"": 9087.279894}","{""R1"": 12000, ""R2"": 9000}","{""o"": 3.039825, ""s"": 7.0}","{""R1"": 0.0003345143, ""R2"": 0.0003345143}",True
voltage_divider_12k_9k,voltage_divider_12k_9k__normal_16,normal,,"{""R1"": 11810.543925, ""R2"": 9077.952965}","{""R1"": 12000, ""R2"": 9000}","{""o"": 3.042137, ""s"": 7.0}","{""R1"": 0.0003351127, ""R2"": 0.0003351127}",True
voltage_divider_12k_9k,voltage_divider_12k_9k__normal_17,normal,,"{""R1"": 11888.82428, ""R2"": 9095.422865}","{""R1"": 12000, ""R2"": 9000}","{""o"": 3.034084, ""s"": 7.0}","{""R1"": 0.0003335836, ""R2"": 0.0003335836}",True
voltage_divider_12k_9k,voltage_divider_12k_9k__normal_18,normal,,"{""R1"": 12047.50849, ""R2"": 8945.926938}","{""R1"": 12000, ""R2"": 9000}","{""o"": 2.982908, ""s"": 7.0}","{""R1"": 0.0003334376, ""R2"": 0.0003334376}",True
voltage_divider_12k_9k,voltage_divider_12k_9k__normal_19,normal,,"{""R1"": 11872.469107, ""R2"": 9046.533892}","{""R1"": 12000, ""R2"": 9000}","{""o"": 3.027187, ""s"": 7.0}","{""R1"": 0.000334624, ""R2"": 0.000334624}",True
voltage_divider_12k_9k,voltage_divider_12k_9k__normal_20,normal,,"{""R1"": 12049.434461, ""R2"": 8989.694829}","{""R1"": 12000, ""R2"": 9000}","{""o"": 2.990992, ""s"": 7.0}","{""R1"": 0.0003327134, ""R2"": 0.0003327134}",True
voltage_divider_12k_9k,voltage_divider_12k_9k__partial_short_1,partial_short,R1,"{""R1"": 725.990129, ""R2"": 9027.742048}","{""R1"": 12000, ""R2"": 9000}","{""o"": 6.478976, ""s"": 7.0}","{""R1"": 0.000717674, ""R2"": 0.000717674}",True
voltage_divider_12k_9k,voltage_divider_12k_9k__partial_short_2,partial_short,R1,"{""R1"": 1214.088328, ""R2"": 8840.079961}","{""R1"": 12000, ""R2"": 9000}","{""o"": 6.154717, ""s"": 7.0}","{""R1"": 0.0006962286, ""R2"": 0.0006962286}",True
voltage_divider_12k_9k,voltage_divider_12k_9k__partial_short_3,partial_short,R2,"{""R1"": 12076.947381, ""R2"": 230.404492}","{""R1"": 12000, ""R2"": 9000}","{""o"": 0.1310462, ""s"": 7.0}","{""R1"": 0.0005687657, ""R2"": 0.0005687657}",True
voltage_divider_12k_9k,voltage_divider_12k_9k__partial_short_4,partial_short,R2,"{""R1"": 11781.114701, ""R2"": 214.910504}","{""R1"": 12000, ""R2"": 9000}","{""o"": 0.125406, ""s"": 7.0}","{""R1"": 0.0005835266, ""R2"": 0.0005835266}",True
voltage_divider_12k_9k,voltage_divider_12k_9k__partial_short_5,partial_short,R1,"{""R1"": 659.799412, ""R2"": 8850.295124}","{""R1"": 12000, ""R2"": 9000}","{""o"": 6.514348, ""s"": 7.0}","{""R1"": 0.00073606, ""R2"": 0.00073606}",True
voltage_divider_12k_9k,voltage_divider_12k_9k__partial_short_6,partial_short,R1,"{""R1"": 1069.693894, ""R2"": 8998.040166}","{""R1"": 12000, ""R2"": 9000}","{""o"": 6.256252, ""s"": 7.0}","{""R1"": 0.0006952905, ""R2"": 0.0006952905}",True
voltage_divider_12k_9k,voltage_divider_12k_9k__partial_short_7,partial_short,R1,"{""R1"": 1513.409431, ""R2"": 8983.53382}","{""R1"": 12000, ""R2"": 9000}","{""o"": 5.990767, ""s"": 7.0}","{""R1"": 0.0006668608, ""R2"": 0.0006668608}",True
voltage_divider_12k_9k,voltage_divider_12k_9k__partial_short_8,partial_short,R1,"{""R1"": 148.511315, ""R2"": 9078.370406}","{""R1"": 12000, ""R2"": 9000}","{""o"": 6.887331, ""s"": 7.0}","{""R1"": 0.0007586528, ""R2"": 0.0007586528}",True
voltage_divider_12k_9k,voltage_divider_12k_9k__partial_short_9,partial_short,R2,"{""R1"": 12086.067957, ""R2"": 248.722346}","{""R1"": 12000, ""R2"": 9000}","{""o"": 0.1411501, ""s"": 7.0}","{""R1"": 0.0005675005, ""R2"": 0.0005675005}",True
voltage_divider_12k_9k,voltage_divider_12k_9k__partial_short_10,partial_short,R1,"{""R1"": 253.193166, ""R2"": 8918.86475}","{""R1"": 12000, ""R2"": 9000}","{""o"": 6.806766, ""s"": 7.0}","{""R1"": 0.0007631875, ""R2"": 0.0007631875}",True
voltage_divider_12k_9k,voltage_divider_12k_9k__partial_short_11,partial_short,R1,"{""R1"": 1270.860704, ""R2"": 8872.90766}","{""R1"": 12000, ""R2"": 9000}","{""o"": 6.123006, ""s"": 7.0}","{""R1"": 0.0006900788, ""R2"": 0.0006900788}",True
voltage_divider_12k_9k,voltage_divider_12k_9k__partial_short_12,partial_short,R1,"{""R1"": 435.023676, ""R2"": 8877.130865}","{""R1"": 12000, ""R2"": 9000}","{""o"": 6.67299, ""s"": 7.0}","{""R1"": 0.0007517057, ""R2"": 0.0007517057}",True
voltage_divider_12k_9k,voltage_divider_12k_9k__partial_short_13,partial_short,R1,"{""R1"": 910.000042, ""R2"": 8829.830475}","{""R1"": 12000, ""R2"": 9000}","{""o"": 6.345984, ""s"": 7.0}","{""R1"": 0.0007186983, ""R2"": 0.0007186983}",True
voltage_divider_12k_9k,voltage_divider_12k_9k__partial_short_14,partial_short,R1,"{""R1"": 450.275607, ""R2"": 9047.198953}","{""R1"": 12000, ""R2"": 9000}","{""o"": 6.66813, ""s"": 7.0}","{""R1"": 0.000737038, ""R2"": 0.000737038}",True
voltage_divider_12k_9k,voltage_divider_12k_9k__partial_short_15,partial_short,R2,"{""R1"": 11936.686636, ""R2"": 1023.159943}","{""R1"": 12000, ""R2"": 9000}","{""o"": 0.5526392, ""s"": 7.0}","{""R1"": 0.0005401299, ""R2"": 0.0005401299}",True
voltage_divider_12k_9k,voltage_divider_12k_9k__partial_short_16,partial_short,R2,"{""R1"": 11970.175037, ""R2"": 1021.565555}","{""R1"": 12000, ""R2"": 9000}","{""o"": 0.5504235, ""s"": 7.0}","{""R1"": 0.0005388039, ""R2"": 0.0005388039}",True
voltage_divider_12k_9k,voltage_divider_12k_9k__partial_short_17,partial_short,R1,"{""R1"": 1565.245106, ""R2"": 8841.539934}","{""R1"": 12000, ""R2"": 9000}","{""o"": 5.947157, ""s"": 7.0}","{""R1"": 0.0006726381, ""R2"": 0.0006726381}",True
voltage_divider_12k_9k,voltage_divider_12k_9k__partial_short_18,partial_short,R1,"{""R1"": 653.516865, ""R2"": 9104.646898}","{""R1"": 12000, ""R2"": 9000}","{""o"": 6.531201, ""s"": 7.0}","{""R1"": 0.0007173481, ""R2"": 0.0007173481}",True
voltage_divider_12k_9k,voltage_divider_12k_9k__partial_short_19,partial_short,R1,"{""R1"": 1327.846554, ""R2"": 9141.367036}","{""R1"": 12000, ""R2"": 9000}","{""o"": 6.112166, ""s"": 7.0}","{""R1"": 0.0006686271, ""R2"": 0.0006686271}",True
voltage_divider_12k_9k,voltage_divider_12k_9k__partial_short_20,partial_short,R2,"{""R1"": 11862.681943, ""R2"": 974.788827}","{""R1"": 12000, ""R2"": 9000}","{""o"": 0.5315316, ""s"": 7.0}","{""R1"": 0.0005452787, ""R2"": 0.0005452787}",True
voltage_divider_12k_9k,voltage_divider_12k_9k__partial_open_1,partial_open,R1,"{""R1"": 473036.474061, ""R2"": 8848.926408}","{""R1"": 12000, ""R2"": 9000}","{""o"": 0.1285419, ""s"": 7.0}","{""R1"": 1.452628e-05, ""R2"": 1.452628e-05}",True
voltage_divider_12k_9k,voltage_divider_12k_9k__partial_open_2,partial_open,R1,"{""R1"": 174283.123176, ""R2"": 9153.071169}","{""R1"": 12000, ""R2"": 9000}","{""o"": 0.3492849, ""s"": 7.0}","{""R1"": 3.816041e-05, ""R2"": 3.816041e-05}",True
voltage_divider_12k_9k,voltage_divider_12k_9k__partial_open_3,partial_open,R2,"{""R1"": 11842.797933, ""R2"": 244532.235662}","{""R1"": 12000, ""R2"": 9000}","{""o"": 6.676647, ""s"": 7.0}","{""R1"": 2.730375e-05, ""R2"": 2.730375e-05}",True
voltage_divider_12k_9k,voltage_divider_12k_9k__partial_open_4,partial_open,R2,"{""R1"": 11808.785915, ""R2"": 69918.056359}","{""R1"": 12000, ""R2"": 9000}","{""o"": 5.988564, ""s"": 7.0}","{""R1"": 8.565117e-05, ""R2"": 8.565117e-05}",True
voltage_divider_12k_9k,voltage_divider_12k_9k__partial_open_5,partial_open,R1,"{""R1"": 456945.619172, ""R2"": 8915.494637}","{""R1"": 12000, ""R2"": 9000}","{""o"": 0.1339637, ""s"": 7.0}","{""R1"": 1.502594e-05, ""R2"": 1.502594e-05}",True
voltage_divider_12k_9k,voltage_divider_12k_9k__partial_open_6,partial_open,R1,"{""R1"": 204604.58275, ""R2"": 9087.103727}","{""R1"": 12000, ""R2"": 9000}","{""o"": 0.2976706, ""s"": 7.0}","{""R1"": 3.275747e-05, ""R2"": 3.275747e-05}",True
voltage_divider_12k_9k,voltage_divider_12k_9k__partial_open_7,partial_open,R2,"{""R1"": 11963.93187, ""R2"": 146948.445694}","{""R1"": 12000, ""R2"": 9000}","{""o"": 6.472996, ""s"": 7.0}","{""R1"": 4.404943e-05, ""R2"": 4.404943e-05}",True
voltage_divider_12k_9k,voltage_divider_12k_9k__partial_open_8,partial_open,R2,"{""R1"": 12153.444698, ""R2"": 313269.092762}","{""R1"": 12000, ""R2"": 9000}","{""o"": 6.738573, ""s"": 7.0}","{""R1"": 2.15105e-05, ""R2"": 2.15105e-05}",True
voltage_divider_12k_9k,voltage_divider_12k_9k__partial_open_9,partial_open,R2,"{""R1"": 12040.746776, ""R2"": 230988.811897}","{""R1"": 12000, ""R2"": 9000}","{""o"": 6.653189, ""s"": 7.0}","{""R1"": 2.880308e-05, ""R2"": 2.880308e-05}",True
voltage_divider_12k_9k,voltage_divider_12k_9k__partial_open_10,partial_open,R1,"{""R1"": 248437.628876, ""R2"": 8960.980103}","{""R1"": 12000, ""R2"": 9000}","{""o"": 0.2436954, ""s"": 7.0}","{""R1"": 2.719517e-05, ""R2"": 2.719517e-05}",True
voltage_divider_12k_9k,voltage_divider_12k_9k__partial_open_11,partial_open,R1,"{""R1"": 250529.653272, ""R2"": 9120.933297}","{""R1"": 12000, ""R2"": 9000}","{""o"": 0.245894, ""s"": 7.0}","{""R1"": 2.695931e-05, ""R2"": 2.695931e-05}",True
voltage_divider_12k_9k,voltage_divider_12k_9k__partial_open_12,partial_open,R2,"{""R1"": 11862.861518, ""R2"": 340430.229979}","{""R1"": 12000, ""R2"": 9000}","{""o"": 6.764287, ""s"": 7.0}","{""R1"": 1.986982e-05, ""R2"": 1.986982e-05}",True
voltage_divider_12k_9k,voltage_divider_12k_9k__partial_open_13,partial_open,R1,"{""R1"": 90282.621234, ""R2"": 9009.825414}","{""R1"": 12000, ""R2"": 9000}","{""o"": 0.635182, ""s"": 7.0}","{""R1"": 7.049882e-05, ""R2"": 7.049882e-05}",True
voltage_divider_12k_9k,voltage_divider_12k_9k__partial_open_14,partial_open,R1,"{""R1"": 184365.334275, ""R2"": 9020.597129}","{""R1"": 12000, ""R2"": 9000}","{""o"": 0.326519, ""s"": 7.0}","{""R1"": 3.619705e-05, ""R2"": 3.619705e-05}",True
voltage_divider_12k_9k,voltage_divider_12k_9k__partial_open_15,partial_open,R2,"{""R1"": 12182.609511, ""R2"": 280436.914174}","{""R1"": 12000, ""R2"": 9000}","{""o"": 6.708569, ""s"": 7.0}","{""R1"": 2.392185e-05, ""R2"": 2.392185e-05}",True
voltage_divider_12k_9k,voltage_divider_12k_9k__partial_open_16,partial_open,R1,"{""R1"": 279183.221925, ""R2"": 8968.936389}","{""R1"": 12000, ""R2"": 9000}","{""o"": 0.2178799, ""s"": 7.0}","{""R1"": 2.429272e-05, ""R2"": 2.429272e-05}",True
voltage_divider_12k_9k,voltage_divider_12k_9k__partial_open_17,partial_open,R1,"{""R1"": 367029.771615, ""R2"": 8857.203575}","{""R1"": 12000, ""R2"": 9000}","{""o"": 0.1649443, ""s"": 7.0}","{""R1"": 1.862262e-05, ""R2"": 1.862262e-05}",True
voltage_divider_12k_9k,voltage_divider_12k_9k__partial_open_18,partial_open,R2,"{""R1"": 12075.90678, ""R2"": 115648.839364}","{""R1"": 12000, ""R2"": 9000}","{""o"": 6.338176, ""s"": 7.0}","{""R1"": 5.480535e-05, ""R2"": 5.480535e-05}",True
voltage_divider_12k_9k,voltage_divider_12k_9k__partial_open_19,partial_open,R1,"{""R1"": 195060.888927, ""R2"": 8824.311218}","{""R1"": 12000, ""R2"": 9000}","{""o"": 0.3029655, ""s"": 7.0}","{""R1"": 3.433305e-05, ""R2"": 3.433305e-05}",True
voltage_divider_12k_9k,voltage_divider_12k_9k__partial_open_20,partial_open,R2,"{""R1"": 12194.62114, ""R2"": 277315.073699}","{""R1"": 12000, ""R2"": 9000}","{""o"": 6.705149, ""s"": 7.0}","{""R1"": 2.417881e-05, ""R2"": 2.417881e-05}",True
voltage_divider_12k_9k,voltage_divider_12k_9k__wrong_component_type_1,wrong_component_type,R2,"{""R1"": 11916.637373, ""R2"": 8.23e-06}","{""R1"": 12000, ""R2"": 9000}","{""o"": 7.0, ""s"": 7.0}","{""R1"": 0.0}",True
voltage_divider_12k_9k,voltage_divider_12k_9k__wrong_component_type_2,wrong_component_type,R1,"{""R1"": 7.05e-06, ""R2"": 8979.347771}","{""R1"": 12000, ""R2"": 9000}","{""o"": 0.0, ""s"": 7.0}","{""R2"": 0.0}",True
voltage_divider_12k_9k,voltage_divider_12k_9k__wrong_component_type_3,wrong_component_type,R2,"{""R1"": 11814.179796, ""R2"": 2.85e-06}","{""R1"": 12000, ""R2"": 9000}","{""o"": 7.0, ""s"": 7.0}","{""R1"": 0.0}",True
voltage_divider_12k_9k,voltage_divider_12k_9k__wrong_component_type_4,wrong_component_type,R2,"{""R1"": 12139.59595, ""R2"": 9.82e-06}","{""R1"": 12000, ""R2"": 9000}","{""o"": 7.0, ""s"": 7.0}","{""R1"": -7.31638e-20}",True
voltage_divider_12k_9k,voltage_divider_12k_9k__wrong_component_type_5,wrong_component_type,R1,"{""R1"": 8.77e-06, ""R2"": 9172.015993}","{""R1"": 12000, ""R2"": 9000}","{""o"": 0.0, ""s"": 7.0}","{""R2"": 0.0}",True
voltage_divider_12k_9k,voltage_divider_12k_9k__wrong_component_type_6,wrong_component_type,R1,"{""R1"": 1.19e-06, ""R2"": 8905.909923}","{""R1"": 12000, ""R2"": 9000}","{""o"": 0.0, ""s"": 7.0}","{""R2"": 0.0}",True
voltage_divider_12k_9k,voltage_divider_12k_9k__wrong_component_type_7,wrong_component_type,R1,"{""R1"": 2.1e-06, ""R2"": 9126.268831}","{""R1"": 12000, ""R2"": 9000}","{""o"": 0.0, ""s"": 7.0}","{""R2"": 0.0}",True
voltage_divider_12k_9k,voltage_divider_12k_9k__wrong_component_type_8,wrong_component_type,R2,"{""R1"": 11914.495825, ""R2"": 3e-06}","{""R1"": 12000, ""R2"": 9000}","{""o"": 7.0, ""s"": 7.0}","{""R1"": 7.454603e-20}",True
voltage_divider_12k_9k,voltage_divider_12k_9k__wrong_component_type_9,wrong_component_type,R1,"{""R1"": 3.92e-06, ""R2"": 9134.546644}","{""R1"": 12000, ""R2"": 9000}","{""o"": 0.0, ""s"": 7.0}","{""R2"": 0.0}",True
voltage_divider_12k_9k,voltage_divider_12k_9k__wrong_component_type_10,wrong_component_type,R1,"{""R1"": 8.28e-06, ""R2"": 9096.468932}","{""R1"": 12000, ""R2"": 9000}","{""o"": 0.0, ""s"": 7.0}","{""R2"": 0.0}",True
voltage_divider_12k_9k,voltage_divider_12k_9k__wrong_component_type_11,wrong_component_type,R2,"{""R1"": 11867.784309, ""R2"": 8.21e-06}","{""R1"": 12000, ""R2"": 9000}","{""o"": 7.0, ""s"": 7.0}","{""R1"": 0.0}",True
voltage_divider_12k_9k,voltage_divider_12k_9k__wrong_component_type_12,wrong_component_type,R2,"{""R1"": 11936.180833, ""R2"": 1.8e-06}","{""R1"": 12000, ""R2"": 9000}","{""o"": 7.0, ""s"": 7.0}","{""R1"": 0.0}",True
voltage_divider_12k_9k,voltage_divider_12k_9k__wrong_component_type_13,wrong_component_type,R2,"{""R1"": 12224.289805, ""R2"": 2.9e-06}","{""R1"": 12000, ""R2"": 9000}","{""o"": 7.0, ""s"": 7.0}","{""R1"": 0.0}",True
voltage_divider_12k_9k,voltage_divider_12k_9k__wrong_component_type_14,wrong_component_type,R2,"{""R1"": 12082.293375, ""R2"": 2.48e-06}","{""R1"": 12000, ""R2"": 9000}","{""o"": 7.0, ""s"": 7.0}","{""R1"": 7.351075e-20}",True
voltage_divider_12k_9k,voltage_divider_12k_9k__wrong_component_type_15,wrong_component_type,R1,"{""R1"": 3.91e-06, ""R2"": 9042.761617}","{""R1"": 12000, ""R2"": 9000}","{""o"": 0.0, ""s"": 7.0}","{""R2"": 0.0}",True
voltage_divider_12k_9k,voltage_divider_12k_9k__wrong_component_type_16,wrong_component_type,R2,"{""R1"": 12149.555152, ""R2"": 5.45e-06}","{""R1"": 12000, ""R2"": 9000}","{""o"": 7.0, ""s"": 7.0}","{""R1"": -7.31038e-20}",True
voltage_divider_12k_9k,voltage_divider_12k_9k__wrong_component_type_17,wrong_component_type,R2,"{""R1"": 11892.920253, ""R2"": 3.92e-06}","{""R1"": 12000, ""R2"": 9000}","{""o"": 7.0, ""s"": 7.0}","{""R1"": 0.0}",True
voltage_divider_12k_9k,voltage_divider_12k_9k__wrong_component_type_18,wrong_component_type,R1,"{""R1"": 6.46e-06, ""R2"": 9042.17791}","{""R1"": 12000, ""R2"": 9000}","{""o"": 0.0, ""s"": 7.0}","{""R2"": 0.0}",True
voltage_divider_12k_9k,voltage_divider_12k_9k__wrong_component_type_19,wrong_component_type,R2,"{""R1"": 11879.845004, ""R2"": 3.93e-06}","{""R1"": 12000, ""R2"": 9000}","{""o"": 7.0, ""s"": 7.0}","{""R1"": 0.0}",True
voltage_divider_12k_9k,voltage_divider_12k_9k__wrong_component_type_20,wrong_component_type,R1,"{""R1"": 7.19e-06, ""R2"": 8994.068995}","{""R1"": 12000, ""R2"": 9000}","{""o"": 0.0, ""s"": 7.0}","{""R2"": 0.0}",True
voltage_divider_12k_9k,voltage_divider_12k_9k__multi_fault_1,multi_fault,R2:partial_open;R1:partial_short,"{""R1"": 564.069157, ""R2"": 296475.469275}","{""R1"": 12000, ""R2"": 9000}","{""o"": 6.986707, ""s"": 7.0}","{""R1"": 2.356589e-05, ""R2"": 2.356589e-05}",True
voltage_divider_12k_9k,voltage_divider_12k_9k__multi_fault_2,multi_fault,R2:partial_short;R1:partial_open,"{""R1"": 491973.276252, ""R2"": 594.771798}","{""R1"": 12000, ""R2"": 9000}","{""o"": 0.008452441, ""s"": 7.0}","{""R1"": 1.421123e-05, ""R2"": 1.421123e-05}",True
voltage_divider_12k_9k,voltage_divider_12k_9k__multi_fault_3,multi_fault,R2:partial_open;R1:partial_short,"{""R1"": 131.792695, ""R2"": 108045.660194}","{""R1"": 12000, ""R2"": 9000}","{""o"": 6.991472, ""s"": 7.0}","{""R1"": 6.470849e-05, ""R2"": 6.470849e-05}",True
voltage_divider_12k_9k,voltage_divider_12k_9k__multi_fault_4,multi_fault,R2:partial_open;R1:partial_short,"{""R1"": 1453.007358, ""R2"": 153506.173314}","{""R1"": 12000, ""R2"": 9000}","{""o"": 6.934363, ""s"": 7.0}","{""R1"": 4.517319e-05, ""R2"": 4.517319e-05}",True
voltage_divider_12k_9k,voltage_divider_12k_9k__multi_fault_5,multi_fault,R2:partial_short;R1:partial_open,"{""R1"": 139691.968325, ""R2"": 865.437284}","{""R1"": 12000, ""R2"": 9000}","{""o"": 0.04310026, ""s"": 7.0}","{""R1"": 4.980172e-05, ""R2"": 4.980172e-05}",True
voltage_divider_12k_9k,voltage_divider_12k_9k__multi_fault_6,multi_fault,R1:partial_open;R2:partial_short,"{""R1"": 363443.064019, ""R2"": 880.377865}","{""R1"": 12000, ""R2"": 9000}","{""o"": 0.01691531, ""s"": 7.0}","{""R1"": 1.92137e-05, ""R2"": 1.92137e-05}",True
voltage_divider_12k_9k,voltage_divider_12k_9k__multi_fault_7,multi_fault,R1:partial_open;R2:partial_short,"{""R1"": 329477.710635, ""R2"": 188.175804}","{""R1"": 12000, ""R2"": 9000}","{""o"": 0.003995653, ""s"": 7.0}","{""R1"": 2.123362e-05, ""R2"": 2.123362e-05}",True
voltage_divider_12k_9k,voltage_divider_12k_9k__multi_fault_8,multi_fault,R1:partial_short;R2:partial_open,"{""R1"": 1492.422721, ""R2"": 426131.243285}","{""R1"": 12000, ""R2"": 9000}","{""o"": 6.97557, ""s"": 7.0}","{""R1"": 1.636953e-05, ""R2"": 1.636953e-05}",True
voltage_divider_12k_9k,voltage_divider_12k_9k__multi_fault_9,multi_fault,R1:partial_short;R2:partial_open,"{""R1"": 1535.430698, ""R2"": 423364.441585}","{""R1"": 12000, ""R2"": 9000}","{""o"": 6.974705, ""s"": 7.0}","{""R1"": 1.647447e-05, ""R2"": 1.647447e-05}",True
voltage_divider_12k_9k,voltage_divider_12k_9k__multi_fault_10,multi_fault,R1:partial_short;R2:partial_open,"{""R1"": 768.837582, ""R2"": 224214.305529}","{""R1"": 12000, ""R2"": 9000}","{""o"": 6.976079, ""s"": 7.0}","{""R1"": 3.111344e-05, ""R2"": 3.111344e-05}",True
voltage_divider_12k_9k,voltage_divider_12k_9k__multi_fault_11,multi_fault,R2:partial_open;R1:partial_short,"{""R1"": 1196.725515, ""R2"": 449564.175798}","{""R1"": 12000, ""R2"": 9000}","{""o"": 6.981416, ""s"": 7.0}","{""R1"": 1.55293e-05, ""R2"": 1.55293e-05}",True
voltage_divider_12k_9k,voltage_divider_12k_9k__multi_fault_12,multi_fault,R1:partial_short;R2:partial_open,"{""R1"": 224.502119, ""R2"": 437995.647424}","{""R1"": 12000, ""R2"": 9000}","{""o"": 6.996414, ""s"": 7.0}","{""R1"": 1.597371e-05, ""R2"": 1.597371e-05}",True
voltage_divider_12k_9k,voltage_divider_12k_9k__multi_fault_13,multi_fault,R1:partial_short;R2:partial_open,"{""R1"": 879.785726, ""R2"": 316902.815683}","{""R1"": 12000, ""R2"": 9000}","{""o"": 6.98062, ""s"": 7.0}","{""R1"": 2.202764e-05, ""R2"": 2.202764e-05}",True
voltage_divider_12k_9k,voltage_divider_12k_9k__multi_fault_14,multi_fault,R2:partial_open;R1:partial_short,"{""R1"": 363.445922, ""R2"": 198482.344888}","{""R1"": 12000, ""R2"": 9000}","{""o"": 6.987206, ""s"": 7.0}","{""R1"": 3.520316e-05, ""R2"": 3.520316e-05}",True
voltage_divider_12k_9k,voltage_divider_12k_9k__multi_fault_15,multi_fault,R1:partial_open;R2:partial_short,"{""R1"": 72940.823919, ""R2"": 358.43452}","{""R1"": 12000, ""R2"": 9000}","{""o"": 0.03423011, ""s"": 7.0}","{""R1"": 9.549892e-05, ""R2"": 9.549892e-05}",True
voltage_divider_12k_9k,voltage_divider_12k_9k__multi_fault_16,multi_fault,R2:partial_short;R1:partial_open,"{""R1"": 66884.713053, ""R2"": 773.707796}","{""R1"": 12000, ""R2"": 9000}","{""o"": 0.08004849, ""s"": 7.0}","{""R1"": 0.0001034609, ""R2"": 0.0001034609}",True
voltage_divider_12k_9k,voltage_divider_12k_9k__multi_fault_17,multi_fault,R2:partial_short;R1:partial_open,"{""R1"": 125726.447377, ""R2"": 623.058934}","{""R1"": 12000, ""R2"": 9000}","{""o"": 0.03451864, ""s"": 7.0}","{""R1"": 5.540188e-05, ""R2"": 5.540188e-05}",True
voltage_divider_12k_9k,voltage_divider_12k_9k__multi_fault_18,multi_fault,R2:partial_short;R1:partial_open,"{""R1"": 356761.847816, ""R2"": 911.866654}","{""R1"": 12000, ""R2"": 9000}","{""o"": 0.01784606, ""s"": 7.0}","{""R1"": 1.957091e-05, ""R2"": 1.957091e-05}",True
voltage_divider_12k_9k,voltage_divider_12k_9k__multi_fault_19,multi_fault,R1:partial_open;R2:partial_short,"{""R1"": 531940.475609, ""R2"": 988.206671}","{""R1"": 12000, ""R2"": 9000}","{""o"": 0.01298006, ""s"": 7.0}","{""R1"": 1.313497e-05, ""R2"": 1.313497e-05}",True
voltage_divider_12k_9k,voltage_divider_12k_9k__multi_fault_20,multi_fault,R1:partial_open;R2:partial_short,"{""R1"": 322876.742799, ""R2"": 896.031028}","{""R1"": 12000, ""R2"": 9000}","{""o"": 0.01937228, ""s"": 7.0}","{""R1"": 2.16201e-05, ""R2"": 2.16201e-05}",True
kvl_series_loop_ABCDEF,kvl_series_loop_ABCDEF__normal_1,normal,,"{""R_FA"": 7919.026321, ""R_AB"": 6099.302037, ""R_BC"": 12183.764464, ""R_DE"": 3970.796855}","{""R_FA"": 8000, ""R_AB"": 6000, ""R_BC"": 12000, ""R_DE"": 4000}","{""A"": 7.873651, ""B"": 13.938, ""C"": 26.05196, ""D"": 2.051956, ""E"": 6.0}","{""R_FA"": -0.00099427, ""R_AB"": -0.00099427, ""R_BC"": -0.00099427, ""R_DE"": -0.00099427}",True
kvl_series_loop_ABCDEF,kvl_series_loop_ABCDEF__normal_2,normal,,"{""R_FA"": 7938.192306, ""R_AB"": 6033.126885, ""R_BC"": 12112.296705, ""R_DE"": 4023.690685}","{""R_FA"": 8000, ""R_AB"": 6000, ""R_BC"": 12000, ""R_DE"": 4000}","{""A"": 7.909899, ""B"": 13.92152, ""C"": 25.99065, ""D"": 1.99065, ""E"": 6.0}","{""R_FA"": -0.000996436, ""R_AB"": -0.000996436, ""R_BC"": -0.000996436, ""R_DE"": -0.000996436}",True
kvl_series_loop_ABCDEF,kvl_series_loop_ABCDEF__normal_3,normal,,"{""R_FA"": 8108.167666, ""R_AB"": 6022.345653, ""R_BC"": 11902.260394, ""R_DE"": 4013.519309}","{""R_FA"": 8000, ""R_AB"": 6000, ""R_BC"": 12000, ""R_DE"": 4000}","{""A"": 8.095675, ""B"": 14.10874, ""C"": 25.99266, ""D"": 1.992664, ""E"": 6.0}","{""R_FA"": -0.000998459, ""R_AB"": -0.000998459, ""R_BC"": -0.000998459, ""R_DE"": -0.000998459}",True
kvl_series_loop_ABCDEF,kvl_series_loop_ABCDEF__normal_4,normal,,"{""R_FA"": 8011.671306, ""R_AB"": 5902.877916, ""R_BC"": 11823.768063, ""R_DE"": 3953.709873}","{""R_FA"": 8000, ""R_AB"": 6000, ""R_BC"": 12000, ""R_DE"": 4000}","{""A"": 8.09477, ""B"": 14.05887, ""C"": 26.00528, ""D"": 2.005281, ""E"": 6.0}","{""R_FA"": -0.00101037, ""R_AB"": -0.00101037, ""R_BC"": -0.00101037, ""R_DE"": -0.00101037}",True
kvl_series_loop_ABCDEF,kvl_series_loop_ABCDEF__normal_5,normal,,"{""R_FA"": 8124.687507, ""R_AB"": 5888.486834, ""R_BC"": 11804.055864, ""R_DE"": 4072.90055}","{""R_FA"": 8000, ""R_AB"": 6000, ""R_BC"": 12000, ""R_DE"": 4000}","{""A"": 8.154552, ""B"": 14.06468, ""C"": 25.91213, ""D"": 1.912128, ""E"": 6.0}","{""R_FA"": -0.00100368, ""R_AB"": -0.00100368, ""R_BC"": -0.00100368, ""R_DE"": -0.00100368}",True
kvl_series_loop_ABCDEF,kvl_series_loop_ABCDEF__normal_6,normal,,"{""R_FA"": 7917.065073, ""R_AB"": 5973.465276, ""R_BC"": 12057.538025, ""R_DE"": 4072.124909}","{""R_FA"": 8000, ""R_AB"": 6000, ""R_BC"": 12000, ""R_DE"": 4000}","{""A"": 7.91174, ""B"": 13.88119, ""C"": 25.93061, ""D"": 1.930614, ""E"": 6.0}","{""R_FA"": -0.000999327, ""R_AB"": -0.000999327, ""R_BC"": -0.000999327, ""R_DE"": -0.000999327}",True
kvl_series_loop_ABCDEF,kvl_series_loop_ABCDEF__normal_7,normal,,"{""R_FA"": 7971.534719, ""R_AB"": 5960.593452, ""R_BC"": 12182.564091, ""R_DE"": 3990.787598}","{""R_FA"": 8000, ""R_AB"": 6000, ""R_BC"": 12000, ""R_DE"": 4000}","{""A"": 7.943605, ""B"": 13.88331, ""C"": 26.02319, ""D"": 2.023195, ""E"": 6.0}","{""R_FA"": -0.000996496, ""R_AB"": -0.000996496, ""R_BC"": -0.000996496, ""R_DE"": -0.000996496}",True
kvl_series_loop_ABCDEF,kvl_series_loop_ABCDEF__normal_8,normal,,"{""R_FA"": 7944.552007, ""R_AB"": 5948.416391, ""R_BC"": 12157.512889, ""R_DE"": 3965.99548}","{""R_FA"": 8000, ""R_AB"": 6000, ""R_BC"": 12000, ""R_DE"": 4000}","{""A"": 7.940191, ""B"": 13.88534, ""C"": 26.03618, ""D"": 2.036182, ""E"": 6.0}","{""R_FA"": -0.000999451, ""R_AB"": -0.000999451, ""R_BC"": -0.000999451, ""R_DE"": -0.000999451}",True
kvl_series_loop_ABCDEF,kvl_series_loop_ABCDEF__normal_9,normal,,"{""R_FA"": 7888.768849, ""R_AB"": 5914.697768, ""R_BC"": 11817.683591, ""R_DE"": 3938.883617}","{""R_FA"": 8000, ""R_AB"": 6000, ""R_BC"": 12000, ""R_DE"": 4000}","{""A"": 8.006184, ""B"": 14.00891, ""C"": 26.00249, ""D"": 2.002491, ""E"": 6.0}","{""R_FA"": -0.00101488, ""R_AB"": -0.00101488, ""R_BC"": -0.00101488, ""R_DE"": -0.00101488}",True
kvl_series_loop_ABCDEF,kvl_series_loop_ABCDEF__normal_10,normal,,"{""R_FA"": 8045.070829, ""R_AB"": 5925.654471, ""R_BC"": 11780.150859, ""R_DE"": 3963.349096}","{""R_FA"": 8000, ""R_AB"": 6000, ""R_BC"": 12000, ""R_DE"": 4000}","{""A"": 8.122444, ""B"": 14.10509, ""C"": 25.99853, ""D"": 1.998534, ""E"": 6.0}","{""R_FA"": -0.00100962, ""R_AB"": -0.00100962, ""R_BC"": -0.00100962, ""R_DE"": -0.00100962}",True
kvl_series_loop_ABCDEF,kvl_series_loop_ABCDEF__normal_11,normal,,"{""R_FA"": 7967.484742, ""R_AB"": 6046.338672, ""R_BC"": 12045.053157, ""R_DE"": 4018.83574}","{""R_FA"": 8000, ""R_AB"": 6000, ""R_BC"": 12000, ""R_DE"": 4000}","{""A"": 7.946899, ""B"": 13.97762, ""C"": 25.99155, ""D"": 1.991548, ""E"": 6.0}","{""R_FA"": -0.000997416, ""R_AB"": -0.000997416, ""R_BC"": -0.000997416, ""R_DE"": -0.000997416}",True
kvl_series_loop_ABCDEF,kvl_series_loop_ABCDEF__normal_12,normal,,"{""R_FA"": 7978.378351, ""R_AB"": 5931.549719, ""R_BC"": 11838.647973, ""R_DE"": 3947.231746}","{""R_FA"": 8000, ""R_AB"": 6000, ""R_BC"": 12000, ""R_DE"": 4000}","{""A"": 8.060106, ""B"": 14.05242, ""C"": 26.01233, ""D"": 2.012334, ""E"": 6.0}","{""R_FA"": -0.00101024, ""R_AB"": -0.00101024, ""R_BC"": -0.00101024, ""R_DE"": -0.00101024}",True
kvl_series_loop_ABCDEF,kvl_series_loop_ABCDEF__normal_13,normal,,"{""R_FA"": 8056.085281, ""R_AB"": 5975.243365, ""R_BC"": 12072.644773, ""R_DE"": 4012.045101}","{""R_FA"": 8000, ""R_AB"": 6000, ""R_BC"": 12000, ""R_DE"": 4000}","{""A"": 8.02505, ""B"": 13.97727, ""C"": 26.00341, ""D"": 2.003411, ""E"": 6.0}","{""R_FA"": -0.000996148, ""R_AB"": -0.000996148, ""R_BC"": -0.000996148, ""R_DE"": -0.000996148}",True
kvl_series_loop_ABCDEF,kvl_series_loop_ABCDEF__normal_14,normal,,"{""R_FA"": 7861.924169, ""R_AB"": 5937.977206, ""R_BC"": 11997.203412, ""R_DE"": 3964.935743}","{""R_FA"": 8000, ""R_AB"": 6000, ""R_BC"": 12000, ""R_DE"": 4000}","{""A"": 7.924783, ""B"": 13.91024, ""C"": 26.00336, ""D"": 2.003363, ""E"": 6.0}","{""R_FA"": -0.001008, ""R_AB"": -0.001008, ""R_BC"": -0.001008, ""R_DE"": -0.001008}",True
kvl_series_loop_ABCDEF,kvl_series_loop_ABCDEF__normal_15,normal,,"{""R_FA"": 8097.055221, ""R_AB"": 6104.092976, ""R_BC"": 11994.769072, ""R_DE"": 3952.997791}","{""R_FA"": 8000, ""R_AB"": 6000, ""R_BC"": 12000, ""R_DE"": 4000}","{""A"": 8.057061, ""B"": 14.131, ""C"": 26.06653, ""D"": 2.066527, ""E"": 6.0}","{""R_FA"": -0.000995061, ""R_AB"": -0.000995061, ""R_BC"": -0.000995061, ""R_DE"": -0.000995061}",True
kvl_series_loop_ABCDEF,kvl_series_loop_ABCDEF__normal_16,normal,,"{""R_FA"": 8063.610802, ""R_AB"": 6039.064325, ""R_BC"": 11972.559073, ""R_DE"": 4028.875981}","{""R_FA"": 8000, ""R_AB"": 6000, ""R_BC"": 12000, ""R_DE"": 4000}","{""A"": 8.035724, ""B"": 14.0539, ""C"": 25.98506, ""D"": 1.985057, ""E"": 6.0}","{""R_FA"": -0.000996542, ""R_AB"": -0.000996542, ""R_BC"": -0.000996542, ""R_DE"": -0.000996542}",True
kvl_series_loop_ABCDEF,kvl_series_loop_ABCDEF__normal_17,normal,,"{""R_FA"": 7965.126944, ""R_AB"": 6055.828309, ""R_BC"": 12179.229158, ""R_DE"": 4055.252279}","{""R_FA"": 8000, ""R_AB"": 6000, ""R_BC"": 12000, ""R_DE"": 4000}","{""A"": 7.89788, ""B"": 13.90258, ""C"": 25.97898, ""D"": 1.978985, ""E"": 6.0}","{""R_FA"": -0.000991557, ""R_AB"": -0.000991557, ""R_BC"": -0.000991557, ""R_DE"": -0.000991557}",True
kvl_series_loop_ABCDEF,kvl_series_loop_ABCDEF__normal_18,normal,,"{""R_FA"": 7955.103153, ""R_AB"": 5940.983654, ""R_BC"": 12200.117295, ""R_DE"": 3966.089969}","{""R_FA"": 8000, ""R_AB"": 6000, ""R_BC"": 12000, ""R_DE"": 4000}","{""A"": 7.938619, ""B"": 13.86729, ""C"": 26.04213, ""D"": 2.042128, ""E"": 6.0}","{""R_FA"": -0.000997928, ""R_AB"": -0.000997928, ""R_BC"": -0.000997928, ""R_DE"": -0.000997928}",True
kvl_series_loop_ABCDEF,kvl_series_loop_ABCDEF__normal_19,normal,,"{""R_FA"": 8112.727666, ""R_AB"": 6106.428283, ""R_BC"": 12133.449027, ""R_DE"": 4063.808729}","{""R_FA"": 8000, ""R_AB"": 6000, ""R_BC"": 12000, ""R_DE"": 4000}","{""A"": 8.001661, ""B"": 14.02449, ""C"": 25.99183, ""D"": 1.991827, ""E"": 6.0}","{""R_FA"": -0.00098631, ""R_AB"": -0.00098631, ""R_BC"": -0.00098631, ""R_DE"": -0.00098631}",True
kvl_series_loop_ABCDEF,kvl_series_loop_ABCDEF__normal_20,normal,,"{""R_FA"": 7977.454646, ""R_AB"": 6109.912308, ""R_BC"": 11898.421661, ""R_DE"": 4009.769795}","{""R_FA"": 8000, ""R_AB"": 6000, ""R_BC"": 12000, ""R_DE"": 4000}","{""A"": 7.978636, ""B"": 14.08945, ""C"": 25.98964, ""D"": 1.989636, ""E"": 6.0}","{""R_FA"": -0.00100015, ""R_AB"": -0.00100015, ""R_BC"": -0.00100015, ""R_DE"": -0.00100015}",True
kvl_series_loop_ABCDEF,kvl_series_loop_ABCDEF__partial_short_1,partial_short,R_BC,"{""R_FA"": 7988.42008, ""R_AB"": 5938.904532, ""R_BC"": 662.605864, ""R_DE"": 3952.084648}","{""R_FA"": 8000, ""R_AB"": 6000, ""R_BC"": 12000, ""R_DE"": 4000}","{""A"": 12.92484, ""B"": 22.53367, ""C"": 23.60574, ""D"": -0.394264, ""E"": 6.0}","{""R_FA"": -0.00161795, ""R_AB"": -0.00161795, ""R_BC"": -0.00161795, ""R_DE"": -0.00161795}",True
kvl_series_loop_ABCDEF,kvl_series_loop_ABCDEF__partial_short_2,partial_short,R_DE,"{""R_FA"": 8091.690031, ""R_AB"": 5966.245171, ""R_BC"": 11887.318933, ""R_DE"": 459.84899}","{""R_FA"": 8000, ""R_AB"": 6000, ""R_BC"": 12000, ""R_DE"": 4000}","{""A"": 9.193325, ""B"": 15.97184, ""C"": 29.47755, ""D"": 5.477545, ""E"": 6.0}","{""R_FA"": -0.00113614, ""R_AB"": -0.00113614, ""R_BC"": -0.00113614, ""R_DE"": -0.00113614}",True
kvl_series_loop_ABCDEF,kvl_series_loop_ABCDEF__partial_short_3,partial_short,R_BC,"{""R_FA"": 8055.095968, ""R_AB"": 5907.352242, ""R_BC"": 1036.080741, ""R_DE"": 3954.687923}","{""R_FA"": 8000, ""R_AB"": 6000, ""R_BC"": 12000, ""R_DE"": 4000}","{""A"": 12.74997, ""B"": 22.10039, ""C"": 23.74034, ""D"": -0.259657, ""E"": 6.0}","{""R_FA"": -0.00158284, ""R_AB"": -0.00158284, ""R_BC"": -0.00158284, ""R_DE"": -0.00158284}",True
kvl_series_loop_ABCDEF,kvl_series_loop_ABCDEF__partial_short_4,partial_short,R_BC,"{""R_FA"": 8038.995986, ""R_AB"": 6041.713675, ""R_BC"": 1579.094509, ""R_DE"": 3958.011208}","{""R_FA"": 8000, ""R_AB"": 6000, ""R_BC"": 12000, ""R_DE"": 4000}","{""A"": 12.29341, ""B"": 21.53253, ""C"": 23.94732, ""D"": -0.0526789, ""E"": 6.0}","{""R_FA"": -0.00152922, ""R_AB"": -0.00152922, ""R_BC"": -0.00152922, ""R_DE"": -0.00152922}",True
kvl_series_loop_ABCDEF,kvl_series_loop_ABCDEF__partial_short_5,partial_short,R_BC,"{""R_FA"": 7957.681848, ""R_AB"": 6061.318494, ""R_BC"": 982.510172, ""R_DE"": 3998.563097}","{""R_FA"": 8000, ""R_AB"": 6000, ""R_BC"": 12000, ""R_DE"": 4000}","{""A"": 12.56471, ""B"": 22.13518, ""C"": 23.6865, ""D"": -0.313496, ""E"": 6.0}","{""R_FA"": -0.00157894, ""R_AB"": -0.00157894, ""R_BC"": -0.00157894, ""R_DE"": -0.00157894}",True
kvl_series_loop_ABCDEF,kvl_series_loop_ABCDEF__partial_short_6,partial_short,R_AB,"{""R_FA"": 8155.882515, ""R_AB"": 341.697617, ""R_BC"": 12070.847991, ""R_DE"": 3995.688061}","{""R_FA"": 8000, ""R_AB"": 6000, ""R_BC"": 12000, ""R_DE"": 4000}","{""A"": 9.960728, ""B"": 10.37804, ""C"": 25.12009, ""D"": 1.120091, ""E"": 6.0}","{""R_FA"": -0.00122129, ""R_AB"": -0.00122129, ""R_BC"": -0.00122129, ""R_DE"": -0.00122129}",True
kvl_series_loop_ABCDEF,kvl_series_loop_ABCDEF__partial_short_7,partial_short,R_BC,"{""R_FA"": 7862.762323, ""R_AB"": 5921.870066, ""R_BC"": 1570.529635, ""R_DE"": 4040.682302}","{""R_FA"": 8000, ""R_AB"": 6000, ""R_BC"": 12000, ""R_DE"": 4000}","{""A"": 12.16152, ""B"": 21.32101, ""C"": 23.75018, ""D"": -0.249817, ""E"": 6.0}","{""R_FA"": -0.00154672, ""R_AB"": -0.00154672, ""R_BC"": -0.00154672, ""R_DE"": -0.00154672}",True
kvl_series_loop_ABCDEF,kvl_series_loop_ABCDEF__partial_short_8,partial_short,R_AB,"{""R_FA"": 8068.078151, ""R_AB"": 814.077134, ""R_BC"": 12175.087799, ""R_DE"": 3952.291775}","{""R_FA"": 8000, ""R_AB"": 6000, ""R_BC"": 12000, ""R_DE"": 4000}","{""A"": 9.678003, ""B"": 10.65452, ""C"": 25.25906, ""D"": 1.259058, ""E"": 6.0}","{""R_FA"": -0.00119954, ""R_AB"": -0.00119954, ""R_BC"": -0.00119954, ""R_DE"": -0.00119954}",True
kvl_series_loop_ABCDEF,kvl_series_loop_ABCDEF__partial_short_9,partial_short,R_DE,"{""R_FA"": 8000.560909, ""R_AB"": 6030.254927, ""R_BC"": 12120.67624, ""R_DE"": 53.282036}","{""R_FA"": 8000, ""R_AB"": 6000, ""R_BC"": 12000, ""R_DE"": 4000}","{""A"": 9.159279, ""B"": 16.06289, ""C"": 29.939, ""D"": 5.939001, ""E"": 6.0}","{""R_FA"": -0.00114483, ""R_AB"": -0.00114483, ""R_BC"": -0.00114483, ""R_DE"": -0.00114483}",True
kvl_series_loop_ABCDEF,kvl_series_loop_ABCDEF__partial_short_10,partial_short,R_DE,"{""R_FA"": 8013.808382, ""R_AB"": 6008.503572, ""R_BC"": 12228.183025, ""R_DE"": 293.200159}","{""R_FA"": 8000, ""R_AB"": 6000, ""R_BC"": 12000, ""R_DE"": 4000}","{""A"": 9.057302, ""B"": 15.84818, ""C"": 29.66862, ""D"": 5.668622, ""E"": 6.0}","{""R_FA"": -0.00113021, ""R_AB"": -0.00113021, ""R_BC"": -0.00113021, ""R_DE"": -0.00113021}",True
kvl_series_loop_ABCDEF,kvl_series_loop_ABCDEF__partial_short_11,partial_short,R_AB,"{""R_FA"": 7954.008169, ""R_AB"": 559.070448, ""R_BC"": 12001.171589, ""R_DE"": 4015.80877}","{""R_FA"": 8000, ""R_AB"": 6000, ""R_BC"": 12000, ""R_DE"": 4000}","{""A"": 9.727667, ""B"": 10.4114, ""C"": 25.08871, ""D"": 1.088709, ""E"": 6.0}","{""R_FA"": -0.00122299, ""R_AB"": -0.00122299, ""R_BC"": -0.00122299, ""R_DE"": -0.00122299}",True
kvl_series_loop_ABCDEF,kvl_series_loop_ABCDEF__partial_short_12,partial_short,R_BC,"{""R_FA"": 8067.955329, ""R_AB"": 5941.242562, ""R_BC"": 639.922668, ""R_DE"": 4023.106785}","{""R_FA"": 8000, ""R_AB"": 6000, ""R_BC"": 12000, ""R_DE"": 4000}","{""A"": 12.9625, ""B"": 22.50808, ""C"": 23.53622, ""D"": -0.463782, ""E"": 6.0}","{""R_FA"": -0.00160666, ""R_AB"": -0.00160666, ""R_BC"": -0.00160666, ""R_DE"": -0.00160666}",True
kvl_series_loop_ABCDEF,kvl_series_loop_ABCDEF__partial_short_13,partial_short,R_DE,"{""R_FA"": 7951.838782, ""R_AB"": 5997.757142, ""R_BC"": 11981.578199, ""R_DE"": 522.143352}","{""R_FA"": 8000, ""R_AB"": 6000, ""R_BC"": 12000, ""R_DE"": 4000}","{""A"": 9.017968, ""B"": 15.81986, ""C"": 29.40785, ""D"": 5.407851, ""E"": 6.0}","{""R_FA"": -0.00113407, ""R_AB"": -0.00113407, ""R_BC"": -0.00113407, ""R_DE"": -0.00113407}",True
kvl_series_loop_ABCDEF,kvl_series_loop_ABCDEF__partial_short_14,partial_short,R_DE,"{""R_FA"": 8026.249125, ""R_AB"": 5910.487991, ""R_BC"": 12054.919283, ""R_DE"": 195.013483}","{""R_FA"": 8000, ""R_AB"": 6000, ""R_BC"": 12000, ""R_DE"": 4000}","{""A"": 9.19504, ""B"": 15.96622, ""C"": 29.77659, ""D"": 5.776588, ""E"": 6.0}","{""R_FA"": -0.00114562, ""R_AB"": -0.00114562, ""R_BC"": -0.00114562, ""R_DE"": -0.00114562}",True
kvl_series_loop_ABCDEF,kvl_series_loop_ABCDEF__partial_short_15,partial_short,R_AB,"{""R_FA"": 7955.50543, ""R_AB"": 200.417442, ""R_BC"": 12080.214473, ""R_DE"": 3939.176453}","{""R_FA"": 8000, ""R_AB"": 6000, ""R_BC"": 12000, ""R_DE"": 4000}","{""A"": 9.872267, ""B"": 10.12097, ""C"": 25.11174, ""D"": 1.111737, ""E"": 6.0}","{""R_FA"": -0.00124094, ""R_AB"": -0.00124094, ""R_BC"": -0.00124094, ""R_DE"": -0.00124094}",True
kvl_series_loop_ABCDEF,kvl_series_loop_ABCDEF__partial_short_16,partial_short,R_FA,"{""R_FA"": 968.721729, ""R_AB"": 5987.899467, ""R_BC"": 12084.237005, ""R_DE"": 3993.803312}","{""R_FA"": 8000, ""R_AB"": 6000, ""R_BC"": 12000, ""R_DE"": 4000}","{""A"": 1.261649, ""B"": 9.0602, ""C"": 24.79853, ""D"": 0.7985301, ""E"": 6.0}","{""R_FA"": -0.00130239, ""R_AB"": -0.00130239, ""R_BC"": -0.00130239, ""R_DE"": -0.00130239}",True
kvl_series_loop_ABCDEF,kvl_series_loop_ABCDEF__partial_short_17,partial_short,R_DE,"{""R_FA"": 8089.069866, ""R_AB"": 6017.167836, ""R_BC"": 12150.819303, ""R_DE"": 587.834065}","{""R_FA"": 8000, ""R_AB"": 6000, ""R_BC"": 12000, ""R_DE"": 4000}","{""A"": 9.039787, ""B"": 15.76416, ""C"": 29.34308, ""D"": 5.343077, ""E"": 6.0}","{""R_FA"": -0.00111753, ""R_AB"": -0.00111753, ""R_BC"": -0.00111753, ""R_DE"": -0.00111753}",True
kvl_series_loop_ABCDEF,kvl_series_loop_ABCDEF__partial_short_18,partial_short,R_AB,"{""R_FA"": 7894.84405, ""R_AB"": 543.341471, ""R_BC"": 11845.557947, ""R_DE"": 3995.506591}","{""R_FA"": 8000, ""R_AB"": 6000, ""R_BC"": 12000, ""R_DE"": 4000}","{""A"": 9.755051, ""B"": 10.42642, ""C"": 25.06306, ""D"": 1.06306, ""E"": 6.0}","{""R_FA"": -0.00123562, ""R_AB"": -0.00123562, ""R_BC"": -0.00123562, ""R_DE"": -0.00123562}",True
kvl_series_loop_ABCDEF,kvl_series_loop_ABCDEF__partial_short_19,partial_short,R_FA,"{""R_FA"": 752.954534, ""R_AB"": 6022.968721, ""R_BC"": 11806.496046, ""R_DE"": 3934.06692}","{""R_FA"": 8000, ""R_AB"": 6000, ""R_BC"": 12000, ""R_DE"": 4000}","{""A"": 1.003204, ""B"": 9.027949, ""C"": 24.75842, ""D"": 0.7584181, ""E"": 6.0}","{""R_FA"": -0.00133236, ""R_AB"": -0.00133236, ""R_BC"": -0.00133236, ""R_DE"": -0.00133236}",True
kvl_series_loop_ABCDEF,kvl_series_loop_ABCDEF__partial_short_20,partial_short,R_DE,"{""R_FA"": 8054.068797, ""R_AB"": 5897.54833, ""R_BC"": 11819.100046, ""R_DE"": 223.142719}","{""R_FA"": 8000, ""R_AB"": 6000, ""R_BC"": 12000, ""R_DE"": 4000}","{""A"": 9.295351, ""B"": 16.10182, ""C"": 29.74247, ""D"": 5.742467, ""E"": 6.0}","{""R_FA"": -0.00115412, ""R_AB"": -0.00115412, ""R_BC"": -0.00115412, ""R_DE"": -0.00115412}",True
kvl_series_loop_ABCDEF,kvl_series_loop_ABCDEF__partial_open_1,partial_open,R_DE,"{""R_FA"": 7949.110339, ""R_AB"": 6018.097044, ""R_BC"": 11816.078259, ""R_DE"": 134864.679974}","{""R_FA"": 8000, ""R_AB"": 6000, ""R_BC"": 12000, ""R_DE"": 4000}","{""A"": 1.484446, ""B"": 2.608288, ""C"": 4.814867, ""D"": -19.1851, ""E"": 6.0}","{""R_FA"": -0.000186744, ""R_AB"": -0.000186744, ""R_BC"": -0.000186744, ""R_DE"": -0.000186744}",True
kvl_series_loop_ABCDEF,kvl_series_loop_ABCDEF__partial_open_2,partial_open,R_DE,"{""R_FA"": 7924.711614, ""R_AB"": 6023.409826, ""R_BC"": 12156.418916, ""R_DE"": 105876.300443}","{""R_FA"": 8000, ""R_AB"": 6000, ""R_BC"": 12000, ""R_DE"": 4000}","{""A"": 1.801332, ""B"": 3.170488, ""C"": 5.933711, ""D"": -18.0663, ""E"": 6.0}","{""R_FA"": -0.000227306, ""R_AB"": -0.000227306, ""R_BC"": -0.000227306, ""R_DE"": -0.000227306}",True
kvl_series_loop_ABCDEF,kvl_series_loop_ABCDEF__partial_open_3,partial_open,R_BC,"{""R_FA"": 7844.770067, ""R_AB"": 5963.277296, ""R_BC"": 532580.193321, ""R_DE"": 4014.53355}","{""R_FA"": 8000, ""R_AB"": 6000, ""R_BC"": 12000, ""R_DE"": 4000}","{""A"": 0.4275834, ""B"": 0.7526151, ""C"": 29.78119, ""D"": 5.781186, ""E"": 6.0}","{""R_FA"": -5.45055e-05, ""R_AB"": -5.45055e-05, ""R_BC"": -5.45055e-05, ""R_DE"": -5.45055e-05}",True
kvl_series_loop_ABCDEF,kvl_series_loop_ABCDEF__partial_open_4,partial_open,R_DE,"{""R_FA"": 8148.224835, ""R_AB"": 5882.788537, ""R_BC"": 11979.746244, ""R_DE"": 42879.052517}","{""R_FA"": 8000, ""R_AB"": 6000, ""R_BC"": 12000, ""R_DE"": 4000}","{""A"": 3.548373, ""B"": 6.110198, ""C"": 11.32711, ""D"": -12.6729, ""E"": 6.0}","{""R_FA"": -0.000435478, ""R_AB"": -0.000435478, ""R_BC"": -0.000435478, ""R_DE"": -0.000435478}",True
kvl_series_loop_ABCDEF,kvl_series_loop_ABCDEF__partial_open_5,partial_open,R_BC,"{""R_FA"": 7858.751721, ""R_AB"": 6094.524713, ""R_BC"": 373717.040512, ""R_DE"": 3948.55367}","{""R_FA"": 8000, ""R_AB"": 6000, ""R_BC"": 12000, ""R_DE"": 4000}","{""A"": 0.6020204, ""B"": 1.068892, ""C"": 29.69752, ""D"": 5.697521, ""E"": 6.0}","{""R_FA"": -7.66051e-05, ""R_AB"": -7.66051e-05, ""R_BC"": -7.66051e-05, ""R_DE"": -7.66051e-05}",True
kvl_series_loop_ABCDEF,kvl_series_loop_ABCDEF__partial_open_6,partial_open,R_AB,"{""R_FA"": 7864.750644, ""R_AB"": 293765.133892, ""R_BC"": 12083.365298, ""R_DE"": 3953.099001}","{""R_FA"": 8000, ""R_AB"": 6000, ""R_BC"": 12000, ""R_DE"": 4000}","{""A"": 0.7427369, ""B"": 28.48554, ""C"": 29.62667, ""D"": 5.626674, ""E"": 6.0}","{""R_FA"": -9.44387e-05, ""R_AB"": -9.44387e-05, ""R_BC"": -9.44387e-05, ""R_DE"": -9.44387e-05}",True
kvl_series_loop_ABCDEF,kvl_series_loop_ABCDEF__partial_open_7,partial_open,R_AB,"{""R_FA"": 8137.208268, ""R_AB"": 68724.543983, ""R_BC"": 12021.148795, ""R_DE"": 4052.793653}","{""R_FA"": 8000, ""R_AB"": 6000, ""R_BC"": 12000, ""R_DE"": 4000}","{""A"": 2.626722, ""B"": 24.81127, ""C"": 28.69174, ""D"": 4.691743, ""E"": 6.0}","{""R_FA"": -0.000322804, ""R_AB"": -0.000322804, ""R_BC"": -0.000322804, ""R_DE"": -0.000322804}",True
kvl_series_loop_ABCDEF,kvl_series_loop_ABCDEF__partial_open_8,partial_open,R_DE,"{""R_FA"": 8006.705298, ""R_AB"": 6085.946771, ""R_BC"": 11820.791009, ""R_DE"": 168304.126993}","{""R_FA"": 8000, ""R_AB"": 6000, ""R_BC"": 12000, ""R_DE"": 4000}","{""A"": 1.236763, ""B"": 2.176835, ""C"": 4.002744, ""D"": -19.9973, ""E"": 6.0}","{""R_FA"": -0.000154466, ""R_AB"": -0.000154466, ""R_BC"": -0.000154466, ""R_DE"": -0.000154466}",True
kvl_series_loop_ABCDEF,kvl_series_loop_ABCDEF__partial_open_9,partial_open,R_BC,"{""R_FA"": 7989.099424, ""R_AB"": 5986.817402, ""R_BC"": 378313.023791, ""R_DE"": 4032.882149}","{""R_FA"": 8000, ""R_AB"": 6000, ""R_BC"": 12000, ""R_DE"": 4000}","{""A"": 0.6047433, ""B"": 1.057922, ""C"": 29.69473, ""D"": 5.694727, ""E"": 6.0}","{""R_FA"": -7.56961e-05, ""R_AB"": -7.56961e-05, ""R_BC"": -7.56961e-05, ""R_DE"": -7.56961e-05}",True
kvl_series_loop_ABCDEF,kvl_series_loop_ABCDEF__partial_open_10,partial_open,R_FA,"{""R_FA"": 78614.350228, ""R_AB"": 5969.307424, ""R_BC"": 11991.350155, ""R_DE"": 3998.325079}","{""R_FA"": 8000, ""R_AB"": 6000, ""R_BC"": 12000, ""R_DE"": 4000}","{""A"": 23.44986, ""B"": 25.23044, ""C"": 28.80734, ""D"": 4.80734, ""E"": 6.0}","{""R_FA"": -0.00029829, ""R_AB"": -0.00029829, ""R_BC"": -0.00029829, ""R_DE"": -0.00029829}",True
kvl_series_loop_ABCDEF,kvl_series_loop_ABCDEF__partial_open_11,partial_open,R_AB,"{""R_FA"": 8041.755603, ""R_AB"": 239185.153756, ""R_BC"": 12158.065344, ""R_DE"": 3960.369301}","{""R_FA"": 8000, ""R_AB"": 6000, ""R_BC"": 12000, ""R_DE"": 4000}","{""A"": 0.9161076, ""B"": 28.16381, ""C"": 29.54884, ""D"": 5.548839, ""E"": 6.0}","{""R_FA"": -0.000113919, ""R_AB"": -0.000113919, ""R_BC"": -0.000113919, ""R_DE"": -0.000113919}",True
kvl_series_loop_ABCDEF,kvl_series_loop_ABCDEF__partial_open_12,partial_open,R_DE,"{""R_FA"": 8088.524118, ""R_AB"": 6099.04197, ""R_BC"": 11924.01047, ""R_DE"": 111996.293772}","{""R_FA"": 8000, ""R_AB"": 6000, ""R_BC"": 12000, ""R_DE"": 4000}","{""A"": 1.757001, ""B"": 3.081845, ""C"": 5.671996, ""D"": -18.328, ""E"": 6.0}","{""R_FA"": -0.000217222, ""R_AB"": -0.000217222, ""R_BC"": -0.000217222, ""R_DE"": -0.000217222}",True
kvl_series_loop_ABCDEF,kvl_series_loop_ABCDEF__partial_open_13,partial_open,R_DE,"{""R_FA"": 8008.25065, ""R_AB"": 5956.618914, ""R_BC"": 12152.194936, ""R_DE"": 48215.905126}","{""R_FA"": 8000, ""R_AB"": 6000, ""R_BC"": 12000, ""R_DE"": 4000}","{""A"": 3.232045, ""B"": 5.636074, ""C"": 10.54057, ""D"": -13.4594, ""E"": 6.0}","{""R_FA"": -0.000403589, ""R_AB"": -0.000403589, ""R_BC"": -0.000403589, ""R_DE"": -0.000403589}",True
kvl_series_loop_ABCDEF,kvl_series_loop_ABCDEF__partial_open_14,partial_open,R_DE,"{""R_FA"": 8008.1242, ""R_AB"": 5890.671088, ""R_BC"": 11964.247987, ""R_DE"": 58638.508826}","{""R_FA"": 8000, ""R_AB"": 6000, ""R_BC"": 12000, ""R_DE"": 4000}","{""A"": 2.843069, ""B"": 4.934393, ""C"": 9.181977, ""D"": -14.818, ""E"": 6.0}","{""R_FA"": -0.000355023, ""R_AB"": -0.000355023, ""R_BC"": -0.000355023, ""R_DE"": -0.000355023}",True
kvl_series_loop_ABCDEF,kvl_series_loop_ABCDEF__partial_open_15,partial_open,R_BC,"{""R_FA"": 8107.205183, ""R_AB"": 6035.797561, ""R_BC"": 262211.063758, ""R_DE"": 3993.324078}","{""R_FA"": 8000, ""R_AB"": 6000, ""R_BC"": 12000, ""R_DE"": 4000}","{""A"": 0.8675528, ""B"": 1.513444, ""C"": 29.57267, ""D"": 5.572674, ""E"": 6.0}","{""R_FA"": -0.00010701, ""R_AB"": -0.00010701, ""R_BC"": -0.00010701, ""R_DE"": -0.00010701}",True
kvl_series_loop_ABCDEF,kvl_series_loop_ABCDEF__partial_open_16,partial_open,R_DE,"{""R_FA"": 7951.112448, ""R_AB"": 5885.380082, ""R_BC"": 11876.312081, ""R_DE"": 63747.315408}","{""R_FA"": 8000, ""R_AB"": 6000, ""R_BC"": 12000, ""R_DE"": 4000}","{""A"": 2.666365, ""B"": 4.639998, ""C"": 8.622659, ""D"": -15.3773, ""E"": 6.0}","{""R_FA"": -0.000335345, ""R_AB"": -0.000335345, ""R_BC"": -0.000335345, ""R_DE"": -0.000335345}",True
kvl_series_loop_ABCDEF,kvl_series_loop_ABCDEF__partial_open_17,partial_open,R_DE,"{""R_FA"": 8140.644914, ""R_AB"": 6079.598397, ""R_BC"": 11967.011637, ""R_DE"": 82976.704361}","{""R_FA"": 8000, ""R_AB"": 6000, ""R_BC"": 12000, ""R_DE"": 4000}","{""A"": 2.237179, ""B"": 3.90795, ""C"": 7.196676, ""D"": -16.8033, ""E"": 6.0}","{""R_FA"": -0.000274816, ""R_AB"": -0.000274816, ""R_BC"": -0.000274816, ""R_DE"": -0.000274816}",True
kvl_series_loop_ABCDEF,kvl_series_loop_ABCDEF__partial_open_18,partial_open,R_BC,"{""R_FA"": 8096.212939, ""R_AB"": 6105.173441, ""R_BC"": 373423.354841, ""R_DE"": 3924.992037}","{""R_FA"": 8000, ""R_AB"": 6000, ""R_BC"": 12000, ""R_DE"": 4000}","{""A"": 0.6203207, ""B"": 1.088091, ""C"": 29.69927, ""D"": 5.699273, ""E"": 6.0}","{""R_FA"": -7.66186e-05, ""R_AB"": -7.66186e-05, ""R_BC"": -7.66186e-05, ""R_DE"": -7.66186e-05}",True
kvl_series_loop_ABCDEF,kvl_series_loop_ABCDEF__partial_open_19,partial_open,R_AB,"{""R_FA"": 8034.031402, ""R_AB"": 113907.951915, ""R_BC"": 11863.802113, ""R_DE"": 3926.431855}","{""R_FA"": 8000, ""R_AB"": 6000, ""R_BC"": 12000, ""R_DE"": 4000}","{""A"": 1.749924, ""B"": 26.56067, ""C"": 29.14477, ""D"": 5.144768, ""E"": 6.0}","{""R_FA"": -0.000217814, ""R_AB"": -0.000217814, ""R_BC"": -0.000217814, ""R_DE"": -0.000217814}",True
kvl_series_loop_ABCDEF,kvl_series_loop_ABCDEF__partial_open_20,partial_open,R_AB,"{""R_FA"": 8133.093029, ""R_AB"": 167846.653896, ""R_BC"": 12230.158465, ""R_DE"": 3970.523654}","{""R_FA"": 8000, ""R_AB"": 6000, ""R_BC"": 12000, ""R_DE"": 4000}","{""A"": 1.269603, ""B"": 27.47102, ""C"": 29.38019, ""D"": 5.380188, ""E"": 6.0}","{""R_FA"": -0.000156103, ""R_AB"": -0.000156103, ""R_BC"": -0.000156103, ""R_DE"": -0.000156103}",True
kvl_series_loop_ABCDEF,kvl_series_loop_ABCDEF__wrong_component_type_1,wrong_component_type,R_AB,"{""R_FA"": 7943.15936, ""R_AB"": 9.69e-06, ""R_BC"": 11794.111686, ""R_DE"": 4058.593865}","{""R_FA"": 8000, ""R_AB"": 6000, ""R_BC"": 12000, ""R_DE"": 4000}","{""A"": 0.0, ""B"": 30.0, ""C"": 30.0, ""D"": 6.0, ""E"": 6.0}","{""R_FA"": 0.0, ""R_BC"": 3.012277e-19, ""R_DE"": 8.753558e-19}",True
kvl_series_loop_ABCDEF,kvl_series_loop_ABCDEF__wrong_component_type_2,wrong_component_type,R_AB,"{""R_FA"": 7947.575896, ""R_AB"": 8.37e-06, ""R_BC"": 12213.841481, ""R_DE"": 4008.649522}","{""R_FA"": 8000, ""R_AB"": 6000, ""R_BC"": 12000, ""R_DE"": 4000}","{""A"": 0.0, ""B"": 30.0, ""C"": 30.0, ""D"": 6.0, ""E"": 6.0}","{""R_FA"": 0.0, ""R_BC"": -2.90876e-19, ""R_DE"": 0.0}",True
kvl_series_loop_ABCDEF,kvl_series_loop_ABCDEF__wrong_component_type_3,wrong_component_type,R_DE,"{""R_FA"": 8138.988797, ""R_AB"": 5929.991546, ""R_BC"": 11921.771078, ""R_DE"": 8.43e-06}","{""R_FA"": 8000, ""R_AB"": 6000, ""R_BC"": 12000, ""R_DE"": 4000}","{""A"": 0.0, ""B"": 0.0, ""C"": 0.0, ""D"": -24.0, ""E"": 6.0}","{""R_FA"": 0.0, ""R_AB"": 0.0, ""R_BC"": 0.0}",True
kvl_series_loop_ABCDEF,kvl_series_loop_ABCDEF__wrong_component_type_4,wrong_component_type,R_AB,"{""R_FA"": 8010.764746, ""R_AB"": 7.8e-06, ""R_BC"": 11873.505486, ""R_DE"": 3945.561025}","{""R_FA"": 8000, ""R_AB"": 6000, ""R_BC"": 12000, ""R_DE"": 4000}","{""A"": 0.0, ""B"": 30.0, ""C"": 30.0, ""D"": 6.0, ""E"": 6.0}","{""R_FA"": 0.0, ""R_BC"": 0.0, ""R_DE"": -9.00433e-19}",True
kvl_series_loop_ABCDEF,kvl_series_loop_ABCDEF__wrong_component_type_5,wrong_component_type,R_BC,"{""R_FA"": 8066.426542, ""R_AB"": 5888.30775, ""R_BC"": 9.15e-06, ""R_DE"": 3963.604683}","{""R_FA"": 8000, ""R_AB"": 6000, ""R_BC"": 12000, ""R_DE"": 4000}","{""A"": 0.0, ""B"": 0.0, ""C"": 30.0, ""D"": 6.0, ""E"": 6.0}","{""R_FA"": 0.0, ""R_AB"": 0.0, ""R_DE"": 0.0}",True
kvl_series_loop_ABCDEF,kvl_series_loop_ABCDEF__wrong_component_type_6,wrong_component_type,R_DE,"{""R_FA"": 8049.196611, ""R_AB"": 6090.956866, ""R_BC"": 11821.572914, ""R_DE"": 6.79e-06}","{""R_FA"": 8000, ""R_AB"": 6000, ""R_BC"": 12000, ""R_DE"": 4000}","{""A"": 0.0, ""B"": 0.0, ""C"": 0.0, ""D"": -24.0, ""E"": 6.0}","{""R_FA"": 0.0, ""R_AB"": 0.0, ""R_BC"": 0.0}",True
kvl_series_loop_ABCDEF,kvl_series_loop_ABCDEF__wrong_component_type_7,wrong_component_type,R_DE,"{""R_FA"": 8048.009163, ""R_AB"": 5977.231613, ""R_BC"": 12169.57908, ""R_DE"": 6.66e-06}","{""R_FA"": 8000, ""R_AB"": 6000, ""R_BC"": 12000, ""R_DE"": 4000}","{""A"": 0.0, ""B"": 0.0, ""C"": 0.0, ""D"": -24.0, ""E"": 6.0}","{""R_FA"": 0.0, ""R_AB"": 0.0, ""R_BC"": 0.0}",True
kvl_series_loop_ABCDEF,kvl_series_loop_ABCDEF__wrong_component_type_8,wrong_component_type,R_DE,"{""R_FA"": 7967.554311, ""R_AB"": 5927.995918, ""R_BC"": 12220.701556, ""R_DE"": 6.58e-06}","{""R_FA"": 8000, ""R_AB"": 6000, ""R_BC"": 12000, ""R_DE"": 4000}","{""A"": 0.0, ""B"": 0.0, ""C"": 0.0, ""D"": -24.0, ""E"": 6.0}","{""R_FA"": 0.0, ""R_AB"": 0.0, ""R_BC"": 0.0}",True
kvl_series_loop_ABCDEF,kvl_series_loop_ABCDEF__wrong_component_type_9,wrong_component_type,R_FA,"{""R_FA"": 7.64e-06, ""R_AB"": 6024.910224, ""R_BC"": 12224.189709, ""R_DE"": 3945.479314}","{""R_FA"": 8000, ""R_AB"": 6000, ""R_BC"": 12000, ""R_DE"": 4000}","{""A"": 30.0, ""B"": 30.0, ""C"": 30.0, ""D"": 6.0, ""E"": 6.0}","{""R_AB"": 0.0, ""R_BC"": -2.9063e-19, ""R_DE"": 0.0}",True
kvl_series_loop_ABCDEF,kvl_series_loop_ABCDEF__wrong_component_type_10,wrong_component_type,R_DE,"{""R_FA"": 8154.807878, ""R_AB"": 5944.688522, ""R_BC"": 12171.867871, ""R_DE"": 9.57e-06}","{""R_FA"": 8000, ""R_AB"": 6000, ""R_BC"": 12000, ""R_DE"": 4000}","{""A"": 0.0, ""B"": 0.0, ""C"": 0.0, ""D"": -24.0, ""E"": 6.0}","{""R_FA"": 0.0, ""R_AB"": 0.0, ""R_BC"": 0.0}",True
kvl_series_loop_ABCDEF,kvl_series_loop_ABCDEF__wrong_component_type_11,wrong_component_type,R_FA,"{""R_FA"": 8.43e-06, ""R_AB"": 6107.693052, ""R_BC"": 12196.463454, ""R_DE"": 3999.064769}","{""R_FA"": 8000, ""R_AB"": 6000, ""R_BC"": 12000, ""R_DE"": 4000}","{""A"": 30.0, ""B"": 30.0, ""C"": 30.0, ""D"": 6.0, ""E"": 6.0}","{""R_AB"": 0.0, ""R_BC"": -8.73871e-19, ""R_DE"": -3.55354e-18}",True
kvl_series_loop_ABCDEF,kvl_series_loop_ABCDEF__wrong_component_type_12,wrong_component_type,R_BC,"{""R_FA"": 8000.495532, ""R_AB"": 5932.358134, ""R_BC"": 9.98e-06, ""R_DE"": 4059.038772}","{""R_FA"": 8000, ""R_AB"": 6000, ""R_BC"": 12000, ""R_DE"": 4000}","{""A"": 0.0, ""B"": 0.0, ""C"": 30.0, ""D"": 6.0, ""E"": 6.0}","{""R_FA"": 0.0, ""R_AB"": 0.0, ""R_DE"": 0.0}",True
kvl_series_loop_ABCDEF,kvl_series_loop_ABCDEF__wrong_component_type_13,wrong_component_type,R_DE,"{""R_FA"": 7840.184406, ""R_AB"": 6079.396679, ""R_BC"": 12142.445718, ""R_DE"": 4.37e-06}","{""R_FA"": 8000, ""R_AB"": 6000, ""R_BC"": 12000, ""R_DE"": 4000}","{""A"": 0.0, ""B"": 0.0, ""C"": 0.0, ""D"": -24.0, ""E"": 6.0}","{""R_FA"": 0.0, ""R_AB"": 0.0, ""R_BC"": 0.0}",True
kvl_series_loop_ABCDEF,kvl_series_loop_ABCDEF__wrong_component_type_14,wrong_component_type,R_FA,"{""R_FA"": 1.25e-06, ""R_AB"": 5928.716745, ""R_BC"": 11821.693676, ""R_DE"": 3994.211988}","{""R_FA"": 8000, ""R_AB"": 6000, ""R_BC"": 12000, ""R_DE"": 4000}","{""A"": 30.0, ""B"": 30.0, ""C"": 30.0, ""D"": 6.0, ""E"": 6.0}","{""R_AB"": 0.0, ""R_BC"": -1.2021e-18, ""R_DE"": -1.77893e-18}",True
kvl_series_loop_ABCDEF,kvl_series_loop_ABCDEF__wrong_component_type_15,wrong_component_type,R_FA,"{""R_FA"": 2.78e-06, ""R_AB"": 6048.464281, ""R_BC"": 11861.567616, ""R_DE"": 4075.146949}","{""R_FA"": 8000, ""R_AB"": 6000, ""R_BC"": 12000, ""R_DE"": 4000}","{""A"": 30.0, ""B"": 30.0, ""C"": 30.0, ""D"": 6.0, ""E"": 6.0}","{""R_AB"": 0.0, ""R_BC"": 5.990294e-19, ""R_DE"": 0.0}",True
kvl_series_loop_ABCDEF,kvl_series_loop_ABCDEF__wrong_component_type_16,wrong_component_type,R_DE,"{""R_FA"": 7953.004053, ""R_AB"": 6111.433117, ""R_BC"": 11981.771994, ""R_DE"": 5.18e-06}","{""R_FA"": 8000, ""R_AB"": 6000, ""R_BC"": 12000, ""R_DE"": 4000}","{""A"": 0.0, ""B"": 0.0, ""C"": 0.0, ""D"": -24.0, ""E"": 6.0}","{""R_FA"": 0.0, ""R_AB"": 0.0, ""R_BC"": 0.0}",True
kvl_series_loop_ABCDEF,kvl_series_loop_ABCDEF__wrong_component_type_17,wrong_component_type,R_FA,"{""R_FA"": 8.07e-06, ""R_AB"": 6086.847865, ""R_BC"": 12031.233663, ""R_DE"": 3975.279345}","{""R_FA"": 8000, ""R_AB"": 6000, ""R_BC"": 12000, ""R_DE"": 4000}","{""A"": 30.0, ""B"": 30.0, ""C"": 30.0, ""D"": 6.0, ""E"": 6.0}","{""R_AB"": 0.0, ""R_BC"": 2.952909e-19, ""R_DE"": 1.787403e-18}",True
kvl_series_loop_ABCDEF,kvl_series_loop_ABCDEF__wrong_component_type_18,wrong_component_type,R_BC,"{""R_FA"": 8025.232603, ""R_AB"": 6057.955943, ""R_BC"": 7.21e-06, ""R_DE"": 3987.822364}","{""R_FA"": 8000, ""R_AB"": 6000, ""R_BC"": 12000, ""R_DE"": 4000}","{""A"": 0.0, ""B"": 0.0, ""C"": 30.0, ""D"": 6.0, ""E"": 6.0}","{""R_FA"": 0.0, ""R_AB"": 0.0, ""R_DE"": 0.0}",True
kvl_series_loop_ABCDEF,kvl_series_loop_ABCDEF__wrong_component_type_19,wrong_component_type,R_DE,"{""R_FA"": 7992.669265, ""R_AB"": 5906.958241, ""R_BC"": 12216.892402, ""R_DE"": 2.65e-06}","{""R_FA"": 8000, ""R_AB"": 6000, ""R_BC"": 12000, ""R_DE"": 4000}","{""A"": 0.0, ""B"": 0.0, ""C"": 0.0, ""D"": -24.0, ""E"": 6.0}","{""R_FA"": 0.0, ""R_AB"": 0.0, ""R_BC"": 0.0}",True
kvl_series_loop_ABCDEF,kvl_series_loop_ABCDEF__wrong_component_type_20,wrong_component_type,R_DE,"{""R_FA"": 8073.147259, ""R_AB"": 6089.150526, ""R_BC"": 11976.509508, ""R_DE"": 7.12e-06}","{""R_FA"": 8000, ""R_AB"": 6000, ""R_BC"": 12000, ""R_DE"": 4000}","{""A"": 0.0, ""B"": 0.0, ""C"": 0.0, ""D"": -24.0, ""E"": 6.0}","{""R_FA"": 0.0, ""R_AB"": 0.0, ""R_BC"": 0.0}",True
kvl_series_loop_ABCDEF,kvl_series_loop_ABCDEF__multi_fault_1,multi_fault,R_DE:partial_short;R_FA:partial_open,"{""R_FA"": 85571.363067, ""R_AB"": 6015.106612, ""R_BC"": 11954.714589, ""R_DE"": 305.044563}","{""R_FA"": 8000, ""R_AB"": 6000, ""R_BC"": 12000, ""R_DE"": 4000}","{""A"": 24.7206, ""B"": 26.45829, ""C"": 29.91188, ""D"": 5.911876, ""E"": 6.0}","{""R_FA"": -0.000288889, ""R_AB"": -0.000288889, ""R_BC"": -0.000288889, ""R_DE"": -0.000288889}",True
kvl_series_loop_ABCDEF,kvl_series_loop_ABCDEF__multi_fault_2,multi_fault,R_FA:partial_short;R_BC:partial_open,"{""R_FA"": 130.632419, ""R_AB"": 6109.785587, ""R_BC"": 397453.753486, ""R_DE"": 3943.240852}","{""R_FA"": 8000, ""R_AB"": 6000, ""R_BC"": 12000, ""R_DE"": 4000}","{""A"": 0.009613869, ""B"": 0.4592624, ""C"": 29.7098, ""D"": 5.709798, ""E"": 6.0}","{""R_FA"": -7.35948e-05, ""R_AB"": -7.35948e-05, ""R_BC"": -7.35948e-05, ""R_DE"": -7.35948e-05}",True
kvl_series_loop_ABCDEF,kvl_series_loop_ABCDEF__multi_fault_3,multi_fault,R_DE:partial_open;R_BC:partial_short,"{""R_FA"": 7941.892953, ""R_AB"": 6007.227952, ""R_BC"": 1035.076197, ""R_DE"": 146543.301135}","{""R_FA"": 8000, ""R_AB"": 6000, ""R_BC"": 12000, ""R_DE"": 4000}","{""A"": 1.475023, ""B"": 2.590727, ""C"": 2.782968, ""D"": -21.217, ""E"": 6.0}","{""R_FA"": -0.000185727, ""R_AB"": -0.000185727, ""R_BC"": -0.000185727, ""R_DE"": -0.000185727}",True
kvl_series_loop_ABCDEF,kvl_series_loop_ABCDEF__multi_fault_4,multi_fault,R_FA:partial_open;R_BC:partial_short,"{""R_FA"": 343931.695272, ""R_AB"": 5943.888908, ""R_BC"": 722.745366, ""R_DE"": 4033.548759}","{""R_FA"": 8000, ""R_AB"": 6000, ""R_BC"": 12000, ""R_DE"": 4000}","{""A"": 29.09482, ""B"": 29.59764, ""C"": 29.65878, ""D"": 5.658783, ""E"": 6.0}","{""R_FA"": -8.45948e-05, ""R_AB"": -8.45948e-05, ""R_BC"": -8.45948e-05, ""R_DE"": -8.45948e-05}",True
kvl_series_loop_ABCDEF,kvl_series_loop_ABCDEF__multi_fault_5,multi_fault,R_FA:partial_short;R_DE:partial_open,"{""R_FA"": 1041.141322, ""R_AB"": 6112.253389, ""R_BC"": 11975.889071, ""R_DE"": 139583.075848}","{""R_FA"": 8000, ""R_AB"": 6000, ""R_BC"": 12000, ""R_DE"": 4000}","{""A"": 0.1967978, ""B"": 1.352143, ""C"": 3.61584, ""D"": -20.3842, ""E"": 6.0}","{""R_FA"": -0.000189021, ""R_AB"": -0.000189021, ""R_BC"": -0.000189021, ""R_DE"": -0.000189021}",True
kvl_series_loop_ABCDEF,kvl_series_loop_ABCDEF__multi_fault_6,multi_fault,R_BC:partial_open;R_AB:partial_short,"{""R_FA"": 8124.140036, ""R_AB"": 588.885464, ""R_BC"": 517095.471976, ""R_DE"": 3956.493396}","{""R_FA"": 8000, ""R_AB"": 6000, ""R_BC"": 12000, ""R_DE"": 4000}","{""A"": 0.460061, ""B"": 0.4934089, ""C"": 29.77595, ""D"": 5.775948, ""E"": 6.0}","{""R_FA"": -5.66289e-05, ""R_AB"": -5.66289e-05, ""R_BC"": -5.66289e-05, ""R_DE"": -5.66289e-05}",True
kvl_series_loop_ABCDEF,kvl_series_loop_ABCDEF__multi_fault_7,multi_fault,R_DE:partial_short;R_AB:partial_open,"{""R_FA"": 7876.771884, ""R_AB"": 128634.33308, ""R_BC"": 11953.55286, ""R_DE"": 222.193961}","{""R_FA"": 8000, ""R_AB"": 6000, ""R_BC"": 12000, ""R_DE"": 4000}","{""A"": 1.589267, ""B"": 27.54334, ""C"": 29.95517, ""D"": 5.955169, ""E"": 6.0}","{""R_FA"": -0.000201766, ""R_AB"": -0.000201766, ""R_BC"": -0.000201766, ""R_DE"": -0.000201766}",True
kvl_series_loop_ABCDEF,kvl_series_loop_ABCDEF__multi_fault_8,multi_fault,R_BC:partial_open;R_FA:partial_short,"{""R_FA"": 819.668317, ""R_AB"": 6072.631051, ""R_BC"": 168305.535578, ""R_DE"": 4001.28633}","{""R_FA"": 8000, ""R_AB"": 6000, ""R_BC"": 12000, ""R_DE"": 4000}","{""A"": 0.1372219, ""B"": 1.15385, ""C"": 29.33014, ""D"": 5.330139, ""E"": 6.0}","{""R_FA"": -0.000167412, ""R_AB"": -0.000167412, ""R_BC"": -0.000167412, ""R_DE"": -0.000167412}",True
kvl_series_loop_ABCDEF,kvl_series_loop_ABCDEF__multi_fault_9,multi_fault,R_BC:partial_short;R_DE:partial_open,"{""R_FA"": 7905.710217, ""R_AB"": 5956.003802, ""R_BC"": 1707.311188, ""R_DE"": 159705.520801}","{""R_FA"": 8000, ""R_AB"": 6000, ""R_BC"": 12000, ""R_DE"": 4000}","{""A"": 1.353142, ""B"": 2.372572, ""C"": 2.664795, ""D"": -21.3352, ""E"": 6.0}","{""R_FA"": -0.00017116, ""R_AB"": -0.00017116, ""R_BC"": -0.00017116, ""R_DE"": -0.00017116}",True
kvl_series_loop_ABCDEF,kvl_series_loop_ABCDEF__multi_fault_10,multi_fault,R_AB:partial_open;R_BC:partial_short,"{""R_FA"": 7856.504799, ""R_AB"": 44315.903842, ""R_BC"": 1398.695232, ""R_DE"": 4060.501571}","{""R_FA"": 8000, ""R_AB"": 6000, ""R_BC"": 12000, ""R_DE"": 4000}","{""A"": 4.089686, ""B"": 27.15823, ""C"": 27.88632, ""D"": 3.886315, ""E"": 6.0}","{""R_FA"": -0.000520548, ""R_AB"": -0.000520548, ""R_BC"": -0.000520548, ""R_DE"": -0.000520548}",True
kvl_series_loop_ABCDEF,kvl_series_loop_ABCDEF__multi_fault_11,multi_fault,R_AB:partial_short;R_FA:partial_open,"{""R_FA"": 50785.293116, ""R_AB"": 688.019055, ""R_BC"": 12113.499624, ""R_DE"": 3984.77229}","{""R_FA"": 8000, ""R_AB"": 6000, ""R_BC"": 12000, ""R_DE"": 4000}","{""A"": 22.54733, ""B"": 22.85279, ""C"": 28.23087, ""D"": 4.230866, ""E"": 6.0}","{""R_FA"": -0.000443974, ""R_AB"": -0.000443974, ""R_BC"": -0.000443974, ""R_DE"": -0.000443974}",True
kvl_series_loop_ABCDEF,kvl_series_loop_ABCDEF__multi_fault_12,multi_fault,R_BC:partial_open;R_FA:partial_short,"{""R_FA"": 539.632987, ""R_AB"": 6076.201094, ""R_BC"": 353500.333329, ""R_DE"": 3973.120165}","{""R_FA"": 8000, ""R_AB"": 6000, ""R_BC"": 12000, ""R_DE"": 4000}","{""A"": 0.04446434, ""B"": 0.5451273, ""C"": 29.67263, ""D"": 5.672625, ""E"": 6.0}","{""R_FA"": -8.23974e-05, ""R_AB"": -8.23974e-05, ""R_BC"": -8.23974e-05, ""R_DE"": -8.23974e-05}",True
kvl_series_loop_ABCDEF,kvl_series_loop_ABCDEF__multi_fault_13,multi_fault,R_BC:partial_open;R_FA:partial_short,"{""R_FA"": 828.950063, ""R_AB"": 6119.901347, ""R_BC"": 579641.076954, ""R_DE"": 4010.005086}","{""R_FA"": 8000, ""R_AB"": 6000, ""R_BC"": 12000, ""R_DE"": 4000}","{""A"": 0.04210719, ""B"": 0.3529725, ""C"": 29.79631, ""D"": 5.796309, ""E"": 6.0}","{""R_FA"": -5.07958e-05, ""R_AB"": -5.07958e-05, ""R_BC"": -5.07958e-05, ""R_DE"": -5.07958e-05}",True
kvl_series_loop_ABCDEF,kvl_series_loop_ABCDEF__multi_fault_14,multi_fault,R_AB:partial_short;R_DE:partial_open,"{""R_FA"": 7868.892825, ""R_AB"": 750.708692, ""R_BC"": 12214.720871, ""R_DE"": 107043.916242}","{""R_FA"": 8000, ""R_AB"": 6000, ""R_BC"": 12000, ""R_DE"": 4000}","{""A"": 1.846028, ""B"": 2.022143, ""C"": 4.887694, ""D"": -19.1123, ""E"": 6.0}","{""R_FA"": -0.000234598, ""R_AB"": -0.000234598, ""R_BC"": -0.000234598, ""R_DE"": -0.000234598}",True
kvl_series_loop_ABCDEF,kvl_series_loop_ABCDEF__multi_fault_15,multi_fault,R_AB:partial_short;R_FA:partial_open,"{""R_FA"": 290052.346896, ""R_AB"": 245.017823, ""R_BC"": 11877.238458, ""R_DE"": 3990.382675}","{""R_FA"": 8000, ""R_AB"": 6000, ""R_BC"": 12000, ""R_DE"": 4000}","{""A"": 28.42118, ""B"": 28.44519, ""C"": 29.609, ""D"": 5.608997, ""E"": 6.0}","{""R_FA"": -9.79864e-05, ""R_AB"": -9.79864e-05, ""R_BC"": -9.79864e-05, ""R_DE"": -9.79864e-05}",True
kvl_series_loop_ABCDEF,kvl_series_loop_ABCDEF__multi_fault_16,multi_fault,R_BC:partial_short;R_FA:partial_open,"{""R_FA"": 214738.835055, ""R_AB"": 6087.720791, ""R_BC"": 1411.444577, ""R_DE"": 4029.422319}","{""R_FA"": 8000, ""R_AB"": 6000, ""R_BC"": 12000, ""R_DE"": 4000}","{""A"": 28.47147, ""B"": 29.27861, ""C"": 29.46575, ""D"": 5.465753, ""E"": 6.0}","{""R_FA"": -0.000132586, ""R_AB"": -0.000132586, ""R_BC"": -0.000132586, ""R_DE"": -0.000132586}",True
kvl_series_loop_ABCDEF,kvl_series_loop_ABCDEF__multi_fault_17,multi_fault,R_BC:partial_short;R_DE:partial_open,"{""R_FA"": 8033.604589, ""R_AB"": 5979.929122, ""R_BC"": 701.190935, ""R_DE"": 123174.805895}","{""R_FA"": 8000, ""R_AB"": 6000, ""R_BC"": 12000, ""R_DE"": 4000}","{""A"": 1.747835, ""B"": 3.048861, ""C"": 3.201416, ""D"": -20.7986, ""E"": 6.0}","{""R_FA"": -0.000217565, ""R_AB"": -0.000217565, ""R_BC"": -0.000217565, ""R_DE"": -0.000217565}",True
kvl_series_loop_ABCDEF,kvl_series_loop_ABCDEF__multi_fault_18,multi_fault,R_AB:partial_short;R_BC:partial_open,"{""R_FA"": 7843.944878, ""R_AB"": 142.949798, ""R_BC"": 178169.93882, ""R_DE"": 4031.951546}","{""R_FA"": 8000, ""R_AB"": 6000, ""R_BC"": 12000, ""R_DE"": 4000}","{""A"": 1.237288, ""B"": 1.259837, ""C"": 29.36401, ""D"": 5.364008, ""E"": 6.0}","{""R_FA"": -0.000157738, ""R_AB"": -0.000157738, ""R_BC"": -0.000157738, ""R_DE"": -0.000157738}",True
kvl_series_loop_ABCDEF,kvl_series_loop_ABCDEF__multi_fault_19,multi_fault,R_BC:partial_short;R_FA:partial_open,"{""R_FA"": 60181.169558, ""R_AB"": 6042.04789, ""R_BC"": 483.852559, ""R_DE"": 4053.708495}","{""R_FA"": 8000, ""R_AB"": 6000, ""R_BC"": 12000, ""R_DE"": 4000}","{""A"": 25.51463, ""B"": 28.07624, ""C"": 28.28137, ""D"": 4.281375, ""E"": 6.0}","{""R_FA"": -0.000423964, ""R_AB"": -0.000423964, ""R_BC"": -0.000423964, ""R_DE"": -0.000423964}",True
kvl_series_loop_ABCDEF,kvl_series_loop_ABCDEF__multi_fault_20,multi_fault,R_DE:partial_short;R_AB:partial_open,"{""R_FA"": 7926.951643, ""R_AB"": 196406.201176, ""R_BC"": 12155.364102, ""R_DE"": 160.131726}","{""R_FA"": 8000, ""R_AB"": 6000, ""R_BC"": 12000, ""R_DE"": 4000}","{""A"": 1.097669, ""B"": 28.29464, ""C"": 29.97783, ""D"": 5.977826, ""E"": 6.0}","{""R_FA"": -0.000138473, ""R_AB"": -0.000138473, ""R_BC"": -0.000138473, ""R_DE"": -0.000138473}",True
vdr_parallel_network,vdr_parallel_network__normal_1,normal,,"{""R1"": 5924.113072, ""R2"": 11760.566099, ""R3"": 12164.926259, ""I1"": 0.012}","{""R1"": 6000, ""R2"": 12000, ""R3"": 12000}","{""T"": 35.71056}","{""R1"": 0.006028, ""R2"": 0.003036466, ""R3"": 0.002935534}",True
vdr_parallel_network,vdr_parallel_network__normal_2,normal,,"{""R1"": 5987.64064, ""R2"": 12075.93302, ""R3"": 11850.194702, ""I1"": 0.012}","{""R1"": 6000, ""R2"": 12000, ""R3"": 12000}","{""T"": 35.90591}","{""R1"": 0.005996671, ""R2"": 0.002973345, ""R3"": 0.003029985}",True
vdr_parallel_network,vdr_parallel_network__normal_3,normal,,"{""R1"": 6115.834089, ""R2"": 11828.538109, ""R3"": 11797.033383, ""I1"": 0.012}","{""R1"": 6000, ""R2"": 12000, ""R3"": 12000}","{""T"": 36.0557}","{""R1"": 0.005895468, ""R2"": 0.003048196, ""R3"": 0.003056336}",True
vdr_parallel_network,vdr_parallel_network__normal_4,normal,,"{""R1"": 5948.005755, ""R2"": 12229.639887, ""R3"": 11777.758581, ""I1"": 0.012}","{""R1"": 6000, ""R2"": 12000, ""R3"": 12000}","{""T"": 35.84252}","{""R1"": 0.006025972, ""R2"": 0.002930791, ""R3"": 0.003043237}",True
vdr_parallel_network,vdr_parallel_network__normal_5,normal,,"{""R1"": 5891.364412, ""R2"": 12129.225463, ""R3"": 11818.569947, ""I1"": 0.012}","{""R1"": 6000, ""R2"": 12000, ""R3"": 12000}","{""T"": 35.62966}","{""R1"": 0.006047777, ""R2"": 0.002937505, ""R3"": 0.003014718}",True
vdr_parallel_network,vdr_parallel_network__normal_6,normal,,"{""R1"": 5901.826369, ""R2"": 11932.054434, ""R3"": 11897.747051, ""I1"": 0.012}","{""R1"": 6000, ""R2"": 12000, ""R3"": 12000}","{""T"": 35.57701}","{""R1"": 0.006028136, ""R2"": 0.002981633, ""R3"": 0.002990231}",True
vdr_parallel_network,vdr_parallel_network__normal_7,normal,,"{""R1"": 6072.745809, ""R2"": 12052.483638, ""R3"": 11989.165273, ""I1"": 0.012}","{""R1"": 6000, ""R2"": 12000, ""R3"": 12000}","{""T"": 36.24838}","{""R1"": 0.005969027, ""R2"": 0.003007545, ""R3"": 0.003023428}",True
vdr_parallel_network,vdr_parallel_network__normal_8,normal,,"{""R1"": 5989.495421, ""R2"": 12114.468073, ""R3"": 12058.285015, ""I1"": 0.012}","{""R1"": 6000, ""R2"": 12000, ""R3"": 12000}","{""T"": 36.09724}","{""R1"": 0.006026757, ""R2"": 0.00297968, ""R3"": 0.002993563}",True
vdr_parallel_network,vdr_parallel_network__normal_9,normal,,"{""R1"": 6024.507855, ""R2"": 11776.220746, ""R3"": 11770.063453, ""I1"": 0.012}","{""R1"": 6000, ""R2"": 12000, ""R3"": 12000}","{""T"": 35.72844}","{""R1"": 0.005930517, ""R2"": 0.003033948, ""R3"": 0.003035535}",True
vdr_parallel_network,vdr_parallel_network__normal_10,normal,,"{""R1"": 6114.599238, ""R2"": 12208.317864, ""R3"": 12235.194782, ""I1"": 0.012}","{""R1"": 6000, ""R2"": 12000, ""R3"": 12000}","{""T"": 36.67641}","{""R1"": 0.00599817, ""R2"": 0.003004215, ""R3"": 0.002997615}",True
vdr_parallel_network,vdr_parallel_network__normal_11,normal,,"{""R1"": 5953.008734, ""R2"": 12132.277802, ""R3"": 11917.835601, ""I1"": 0.012}","{""R1"": 6000, ""R2"": 12000, ""R3"": 12000}","{""T"": 35.8943}","{""R1"": 0.006029607, ""R2"": 0.002958579, ""R3"": 0.003011814}",True
vdr_parallel_network,vdr_parallel_network__normal_12,normal,,"{""R1"": 5896.861318, ""R2"": 11880.399389, ""R3"": 12185.363656, ""I1"": 0.012}","{""R1"": 6000, ""R2"": 12000, ""R3"": 12000}","{""T"": 35.73346}","{""R1"": 0.006059743, ""R2"": 0.003007766, ""R3"": 0.002932491}",True
vdr_parallel_network,vdr_parallel_network__normal_13,normal,,"{""R1"": 5997.018122, ""R2"": 12200.087977, ""R3"": 12017.561023, ""I1"": 0.012}","{""R1"": 6000, ""R2"": 12000, ""R3"": 12000}","{""T"": 36.15245}","{""R1"": 0.006028404, ""R2"": 0.002963294, ""R3"": 0.003008302}",True
vdr_parallel_network,vdr_parallel_network__normal_14,normal,,"{""R1"": 6079.95711, ""R2"": 11966.463159, ""R3"": 12111.285956, ""I1"": 0.012}","{""R1"": 6000, ""R2"": 12000, ""R3"": 12000}","{""T"": 36.29662}","{""R1"": 0.00596988, ""R2"": 0.003033195, ""R3"": 0.002996925}",True
vdr_parallel_network,vdr_parallel_network__normal_15,normal,,"{""R1"": 5904.475613, ""R2"": 11816.617081, ""R3"": 12217.598965, ""I1"": 0.012}","{""R1"": 6000, ""R2"": 12000, ""R3"": 12000}","{""T"": 35.73143}","{""R1"": 0.006051584, ""R2"": 0.003023829, ""R3"": 0.002924587}",True
vdr_parallel_network,vdr_parallel_network__normal_16,normal,,"{""R1"": 6028.070438, ""R2"": 11968.069365, ""R3"": 12014.337991, ""I1"": 0.012}","{""R1"": 6000, ""R2"": 12000, ""R3"": 12000}","{""T"": 36.07069}","{""R1"": 0.005983786, ""R2"": 0.00301391, ""R3"": 0.003002303}",True
vdr_parallel_network,vdr_parallel_network__normal_17,normal,,"{""R1"": 6087.332582, ""R2"": 12210.487566, ""R3"": 11958.662118, ""I1"": 0.012}","{""R1"": 6000, ""R2"": 12000, ""R3"": 12000}","{""T"": 36.38638}","{""R1"": 0.005977392, ""R2"": 0.002979928, ""R3"": 0.003042679}",True
vdr_parallel_network,vdr_parallel_network__normal_18,normal,,"{""R1"": 5885.239051, ""R2"": 11856.632833, ""R3"": 11877.025626, ""I1"": 0.012}","{""R1"": 6000, ""R2"": 12000, ""R3"": 12000}","{""T"": 35.45536}","{""R1"": 0.006024455, ""R2"": 0.00299034, ""R3"": 0.002985205}",True
vdr_parallel_network,vdr_parallel_network__normal_19,normal,,"{""R1"": 5903.44956, ""R2"": 12052.880239, ""R3"": 11771.19531, ""I1"": 0.012}","{""R1"": 6000, ""R2"": 12000, ""R3"": 12000}","{""T"": 35.57523}","{""R1"": 0.006026177, ""R2"": 0.002951596, ""R3"": 0.003022228}",True
vdr_parallel_network,vdr_parallel_network__normal_20,normal,,"{""R1"": 5928.038908, ""R2"": 12226.723731, ""R3"": 12175.613766, ""I1"": 0.012}","{""R1"": 6000, ""R2"": 12000, ""R3"": 12000}","{""T"": 36.07837}","{""R1"": 0.006086054, ""R2"": 0.00295078, ""R3"": 0.002963166}",True
vdr_parallel_network,vdr_parallel_network__partial_short_1,partial_short,R1,"{""R1"": 789.612841, ""R2"": 12109.386743, ""R3"": 12235.034983, ""I1"": 0.012}","{""R1"": 6000, ""R2"": 12000, ""R3"": 12000}","{""T"": 8.387171}","{""R1"": 0.01062188, ""R2"": 0.0006926174, ""R3"": 0.0006855045}",True
vdr_parallel_network,vdr_parallel_network__partial_short_2,partial_short,R2,"{""R1"": 6105.594809, ""R2"": 663.988387, ""R3"": 11902.807741, ""I1"": 0.012}","{""R1"": 6000, ""R2"": 12000, ""R3"": 12000}","{""T"": 6.842096}","{""R1"": 0.001120627, ""R2"": 0.01030454, ""R3"": 0.0005748305}",True
vdr_parallel_network,vdr_parallel_network__partial_short_3,partial_short,R1,"{""R1"": 749.334843, ""R2"": 12045.15863, ""R3"": 11807.62384, ""I1"": 0.012}","{""R1"": 6000, ""R2"": 12000, ""R3"": 12000}","{""T"": 7.988131}","{""R1"": 0.0106603, ""R2"": 0.0006631818, ""R3"": 0.0006765231}",True
vdr_parallel_network,vdr_parallel_network__partial_short_4,partial_short,R3,"{""R1"": 6007.881088, ""R2"": 11884.219628, ""R3"": 1440.907503, ""I1"": 0.012}","{""R1"": 6000, ""R2"": 12000, ""R3"": 12000}","{""T"": 12.70379}","{""R1"": 0.00211452, ""R2"": 0.001068963, ""R3"": 0.008816517}",True
vdr_parallel_network,vdr_parallel_network__partial_short_5,partial_short,R2,"{""R1"": 5938.660216, ""R2"": 979.129835, ""R3"": 11808.800858, ""I1"": 0.012}","{""R1"": 6000, ""R2"": 12000, ""R3"": 12000}","{""T"": 9.416301}","{""R1"": 0.001585593, ""R2"": 0.00961701, ""R3"": 0.0007973969}",True
vdr_parallel_network,vdr_parallel_network__partial_short_6,partial_short,R1,"{""R1"": 416.462989, ""R2"": 11873.525799, ""R3"": 11858.444022, ""I1"": 0.012}","{""R1"": 6000, ""R2"": 12000, ""R3"": 12000}","{""T"": 4.669764}","{""R1"": 0.01121292, ""R2"": 0.0003932921, ""R3"": 0.0003937923}",True
vdr_parallel_network,vdr_parallel_network__partial_short_7,partial_short,R3,"{""R1"": 6049.903165, ""R2"": 11979.906827, ""R3"": 787.488743, ""I1"": 0.012}","{""R1"": 6000, ""R2"": 12000, ""R3"": 12000}","{""T"": 7.901888}","{""R1"": 0.001306118, ""R2"": 0.0006595951, ""R3"": 0.01003429}",True
vdr_parallel_network,vdr_parallel_network__partial_short_8,partial_short,R3,"{""R1"": 6029.381768, ""R2"": 12183.180643, ""R3"": 1605.030521, ""I1"": 0.012}","{""R1"": 6000, ""R2"": 12000, ""R3"": 12000}","{""T"": 13.77765}","{""R1"": 0.002285085, ""R2"": 0.001130874, ""R3"": 0.008584041}",True
vdr_parallel_network,vdr_parallel_network__partial_short_9,partial_short,R3,"{""R1"": 6019.528138, ""R2"": 11976.411205, ""R3"": 528.894113, ""I1"": 0.012}","{""R1"": 6000, ""R2"": 12000, ""R3"": 12000}","{""T"": 5.606531}","{""R1"": 0.0009313904, ""R2"": 0.0004681311, ""R3"": 0.01060048}",True
vdr_parallel_network,vdr_parallel_network__partial_short_10,partial_short,R3,"{""R1"": 5937.776268, ""R2"": 12171.890331, ""R3"": 738.68184, ""I1"": 0.012}","{""R1"": 6000, ""R2"": 12000, ""R3"": 12000}","{""T"": 7.479746}","{""R1"": 0.001259688, ""R2"": 0.0006145098, ""R3"": 0.0101258}",True
vdr_parallel_network,vdr_parallel_network__partial_short_11,partial_short,R3,"{""R1"": 5998.896208, ""R2"": 11867.139832, ""R3"": 184.696184, ""I1"": 0.012}","{""R1"": 6000, ""R2"": 12000, ""R3"": 12000}","{""T"": 2.118173}","{""R1"": 0.0003530937, ""R2"": 0.0001784906, ""R3"": 0.01146842}",True
vdr_parallel_network,vdr_parallel_network__partial_short_12,partial_short,R1,"{""R1"": 850.564667, ""R2"": 11825.590359, ""R3"": 12180.303045, ""I1"": 0.012}","{""R1"": 6000, ""R2"": 12000, ""R3"": 12000}","{""T"": 8.939535}","{""R1"": 0.01051012, ""R2"": 0.0007559483, ""R3"": 0.0007339337}",True
vdr_parallel_network,vdr_parallel_network__partial_short_13,partial_short,R1,"{""R1"": 752.200343, ""R2"": 12058.383431, ""R3"": 11947.251029, ""I1"": 0.012}","{""R1"": 6000, ""R2"": 12000, ""R3"": 12000}","{""T"": 8.021046}","{""R1"": 0.01066344, ""R2"": 0.0006651842, ""R3"": 0.0006713717}",True
vdr_parallel_network,vdr_parallel_network__partial_short_14,partial_short,R1,"{""R1"": 845.138214, ""R2"": 11893.963343, ""R3"": 11784.50689, ""I1"": 0.012}","{""R1"": 6000, ""R2"": 12000, ""R3"": 12000}","{""T"": 8.874612}","{""R1"": 0.01050078, ""R2"": 0.0007461442, ""R3"": 0.0007530745}",True
vdr_parallel_network,vdr_parallel_network__partial_short_15,partial_short,R2,"{""R1"": 6028.400138, ""R2"": 1161.461058, ""R3"": 11764.221142, ""I1"": 0.012}","{""R1"": 6000, ""R2"": 12000, ""R3"": 12000}","{""T"": 10.79263}","{""R1"": 0.001790298, ""R2"": 0.00929229, ""R3"": 0.0009174116}",True
vdr_parallel_network,vdr_parallel_network__partial_short_16,partial_short,R3,"{""R1"": 6095.605378, ""R2"": 11965.251984, ""R3"": 193.24599, ""I1"": 0.012}","{""R1"": 6000, ""R2"": 12000, ""R3"": 12000}","{""T"": 2.213051}","{""R1"": 0.0003630567, ""R2"": 0.0001849565, ""R3"": 0.01145199}",True
vdr_parallel_network,vdr_parallel_network__partial_short_17,partial_short,R1,"{""R1"": 655.398037, ""R2"": 11886.503639, ""R3"": 12019.525206, ""I1"": 0.012}","{""R1"": 6000, ""R2"": 12000, ""R3"": 12000}","{""T"": 7.087518}","{""R1"": 0.01081407, ""R2"": 0.000596266, ""R3"": 0.0005896671}",True
vdr_parallel_network,vdr_parallel_network__partial_short_18,partial_short,R3,"{""R1"": 5910.859961, ""R2"": 12216.831481, ""R3"": 736.595026, ""I1"": 0.012}","{""R1"": 6000, ""R2"": 12000, ""R3"": 12000}","{""T"": 7.459752}","{""R1"": 0.001262042, ""R2"": 0.0006106127, ""R3"": 0.01012735}",True
vdr_parallel_network,vdr_parallel_network__partial_short_19,partial_short,R3,"{""R1"": 5914.743933, ""R2"": 11835.949097, ""R3"": 1542.365058, ""I1"": 0.012}","{""R1"": 6000, ""R2"": 12000, ""R3"": 12000}","{""T"": 13.30506}","{""R1"": 0.002249474, ""R2"": 0.001124123, ""R3"": 0.008626403}",True
vdr_parallel_network,vdr_parallel_network__partial_short_20,partial_short,R2,"{""R1"": 5922.931728, ""R2"": 223.142793, ""R3"": 12007.569033, ""I1"": 0.012}","{""R1"": 6000, ""R2"": 12000, ""R3"": 12000}","{""T"": 2.535094}","{""R1"": 0.0004280135, ""R2"": 0.01136086, ""R3"": 0.0002111247}",True
vdr_parallel_network,vdr_parallel_network__partial_open_1,partial_open,R3,"{""R1"": 5947.766641, ""R2"": 12155.938418, ""R3"": 490976.930585, ""I1"": 0.012}","{""R1"": 6000, ""R2"": 12000, ""R3"": 12000}","{""T"": 47.53767}","{""R1"": 0.007992524, ""R2"": 0.003910654, ""R3"": 9.682261e-05}",True
vdr_parallel_network,vdr_parallel_network__partial_open_2,partial_open,R2,"{""R1"": 5923.813622, ""R2"": 484000.077329, ""R3"": 11973.618634, ""I1"": 0.012}","{""R1"": 6000, ""R2"": 12000, ""R3"": 12000}","{""T"": 47.17107}","{""R1"": 0.007962956, ""R2"": 9.746087e-05, ""R3"": 0.003939583}",True
vdr_parallel_network,vdr_parallel_network__partial_open_3,partial_open,R3,"{""R1"": 5941.384416, ""R2"": 12060.068111, ""R3"": 309337.474327, ""I1"": 0.012}","{""R1"": 6000, ""R2"": 12000, ""R3"": 12000}","{""T"": 47.15833}","{""R1"": 0.007937263, ""R2"": 0.003910287, ""R3"": 0.0001524495}",True
vdr_parallel_network,vdr_parallel_network__partial_open_4,partial_open,R3,"{""R1"": 5939.282064, ""R2"": 11789.023703, ""R3"": 238903.917504, ""I1"": 0.012}","{""R1"": 6000, ""R2"": 12000, ""R3"": 12000}","{""T"": 46.62349}","{""R1"": 0.007850022, ""R2"": 0.003954822, ""R3"": 0.0001951558}",True
vdr_parallel_network,vdr_parallel_network__partial_open_5,partial_open,R3,"{""R1"": 5940.048708, ""R2"": 11907.960547, ""R3"": 495231.078678, ""I1"": 0.012}","{""R1"": 6000, ""R2"": 12000, ""R3"": 12000}","{""T"": 47.17992}","{""R1"": 0.007942683, ""R2"": 0.003962049, ""R3"": 9.52685e-05}",True
vdr_parallel_network,vdr_parallel_network__partial_open_6,partial_open,R3,"{""R1"": 6080.099322, ""R2"": 11838.192874, ""R3"": 120188.496895, ""I1"": 0.012}","{""R1"": 6000, ""R2"": 12000, ""R3"": 12000}","{""T"": 46.64476}","{""R1"": 0.007671711, ""R2"": 0.003940193, ""R3"": 0.0003880967}",True
vdr_parallel_network,vdr_parallel_network__partial_open_7,partial_open,R1,"{""R1"": 242810.993039, ""R2"": 12214.972934, ""R3"": 12150.414229, ""I1"": 0.012}","{""R1"": 6000, ""R2"": 12000, ""R3"": 12000}","{""T"": 71.3068}","{""R1"": 0.0002936721, ""R2"": 0.005837655, ""R3"": 0.005868673}",True
vdr_parallel_network,vdr_parallel_network__partial_open_8,partial_open,R3,"{""R1"": 6025.60642, ""R2"": 12059.957335, ""R3"": 181382.09463, ""I1"": 0.012}","{""R1"": 6000, ""R2"": 12000, ""R3"": 12000}","{""T"": 47.17154}","{""R1"": 0.007828514, ""R2"": 0.003911419, ""R3"": 0.0002600673}",True
vdr_parallel_network,vdr_parallel_network__partial_open_9,partial_open,R1,"{""R1"": 146278.117589, ""R2"": 12026.349061, ""R3"": 12126.331564, ""I1"": 0.012}","{""R1"": 6000, ""R2"": 12000, ""R3"": 12000}","{""T"": 69.58449}","{""R1"": 0.0004756999, ""R2"": 0.005786003, ""R3"": 0.005738297}",True
vdr_parallel_network,vdr_parallel_network__partial_open_10,partial_open,R1,"{""R1"": 147890.629803, ""R2"": 11961.108362, ""R3"": 12098.294545, ""I1"": 0.012}","{""R1"": 6000, ""R2"": 12000, ""R3"": 12000}","{""T"": 69.35521}","{""R1"": 0.0004689629, ""R2"": 0.005798393, ""R3"": 0.005732644}",True
vdr_parallel_network,vdr_parallel_network__partial_open_11,partial_open,R2,"{""R1"": 6019.678145, ""R2"": 374057.39293, ""R3"": 11893.51525, ""I1"": 0.012}","{""R1"": 6000, ""R2"": 12000, ""R3"": 12000}","{""T"": 47.45434}","{""R1"": 0.007883202, ""R2"": 0.0001268638, ""R3"": 0.003989934}",True
vdr_parallel_network,vdr_parallel_network__partial_open_12,partial_open,R3,"{""R1"": 6019.775866, ""R2"": 11870.778226, ""R3"": 143670.530557, ""I1"": 0.012}","{""R1"": 6000, ""R2"": 12000, ""R3"": 12000}","{""T"": 46.63454}","{""R1"": 0.00774689, ""R2"": 0.003928516, ""R3"": 0.0003245937}",True
vdr_parallel_network,vdr_parallel_network__partial_open_13,partial_open,R3,"{""R1"": 5898.535158, ""R2"": 12097.774142, ""R3"": 562152.627842, ""I1"": 0.012}","{""R1"": 6000, ""R2"": 12000, ""R3"": 12000}","{""T"": 47.24924}","{""R1"": 0.008010335, ""R2"": 0.003905615, ""R3"": 8.405056e-05}",True
vdr_parallel_network,vdr_parallel_network__partial_open_14,partial_open,R3,"{""R1"": 6039.161166, ""R2"": 12225.984514, ""R3"": 232299.228687, ""I1"": 0.012}","{""R1"": 6000, ""R2"": 12000, ""R3"": 12000}","{""T"": 47.67889}","{""R1"": 0.007894953, ""R2"": 0.0038998, ""R3"": 0.0002052477}",True
vdr_parallel_network,vdr_parallel_network__partial_open_15,partial_open,R3,"{""R1"": 5897.046751, ""R2"": 11913.073381, ""R3"": 155867.825448, ""I1"": 0.012}","{""R1"": 6000, ""R2"": 12000, ""R3"": 12000}","{""T"": 46.16565}","{""R1"": 0.007828606, ""R2"": 0.003875209, ""R3"": 0.0002961846}",True
vdr_parallel_network,vdr_parallel_network__partial_open_16,partial_open,R3,"{""R1"": 6065.618765, ""R2"": 12192.255248, ""R3"": 159553.408525, ""I1"": 0.012}","{""R1"": 6000, ""R2"": 12000, ""R3"": 12000}","{""T"": 47.40265}","{""R1"": 0.007814973, ""R2"": 0.003887931, ""R3"": 0.0002970958}",True
vdr_parallel_network,vdr_parallel_network__partial_open_17,partial_open,R3,"{""R1"": 5919.080438, ""R2"": 11865.581084, ""R3"": 229396.882474, ""I1"": 0.012}","{""R1"": 6000, ""R2"": 12000, ""R3"": 12000}","{""T"": 46.58714}","{""R1"": 0.007870673, ""R2"": 0.003926242, ""R3"": 0.0002030853}",True
vdr_parallel_network,vdr_parallel_network__partial_open_18,partial_open,R2,"{""R1"": 6083.255943, ""R2"": 585903.735909, ""R3"": 11811.866582, ""I1"": 0.012}","{""R1"": 6000, ""R2"": 12000, ""R3"": 12000}","{""T"": 47.85585}","{""R1"": 0.007866815, ""R2"": 8.167869e-05, ""R3"": 0.004051506}",True
vdr_parallel_network,vdr_parallel_network__partial_open_19,partial_open,R2,"{""R1"": 5983.059639, ""R2"": 179743.320709, ""R3"": 11993.742818, ""I1"": 0.012}","{""R1"": 6000, ""R2"": 12000, ""R3"": 12000}","{""T"": 46.86056}","{""R1"": 0.007832207, ""R2"": 0.0002607082, ""R3"": 0.003907084}",True
vdr_parallel_network,vdr_parallel_network__partial_open_20,partial_open,R2,"{""R1"": 5912.259618, ""R2"": 72623.960742, ""R3"": 11772.114245, ""I1"": 0.012}","{""R1"": 6000, ""R2"": 12000, ""R3"": 12000}","{""T"": 44.80017}","{""R1"": 0.007577504, ""R2"": 0.0006168786, ""R3"": 0.003805618}",True
vdr_parallel_network,vdr_parallel_network__wrong_component_type_1,wrong_component_type,R2,"{""R1"": 6038.677471, ""R2"": 6.07e-06, ""R3"": 12049.631825, ""I1"": 0.012}","{""R1"": 6000, ""R2"": 12000, ""R3"": 12000}","{""T"": 48.2724}","{""R1"": 0.007993869, ""R3"": 0.004006131}",True
vdr_parallel_network,vdr_parallel_network__wrong_component_type_2,wrong_component_type,R3,"{""R1"": 5952.676559, ""R2"": 12158.843555, ""R3"": 4.29e-06, ""I1"": 0.012}","{""R1"": 6000, ""R2"": 12000, ""R3"": 12000}","{""T"": 47.95467}","{""R1"": 0.008055984, ""R2"": 0.003944016}",True
vdr_parallel_network,vdr_parallel_network__wrong_component_type_3,wrong_component_type,R3,"{""R1"": 5950.397684, ""R2"": 12090.138934, ""R3"": 5.01e-06, ""I1"": 0.012}","{""R1"": 6000, ""R2"": 12000, ""R3"": 12000}","{""T"": 47.85299}","{""R1"": 0.008041982, ""R2"": 0.003958018}",True
vdr_parallel_network,vdr_parallel_network__wrong_component_type_4,wrong_component_type,R2,"{""R1"": 6034.610377, ""R2"": 3.69e-06, ""R3"": 11933.935215, ""I1"": 0.012}","{""R1"": 6000, ""R2"": 12000, ""R3"": 12000}","{""T"": 48.09514}","{""R1"": 0.007969884, ""R3"": 0.004030116}",True
vdr_parallel_network,vdr_parallel_network__wrong_component_type_5,wrong_component_type,R1,"{""R1"": 1.2e-06, ""R2"": 11989.01103, ""R3"": 12013.311567, ""I1"": 0.012}","{""R1"": 6000, ""R2"": 12000, ""R3"": 12000}","{""T"": 72.00689}","{""R2"": 0.006006075, ""R3"": 0.005993925}",True
vdr_parallel_network,vdr_parallel_network__wrong_component_type_6,wrong_component_type,R3,"{""R1"": 5887.92998, ""R2"": 11941.863931, ""R3"": 4.08e-06, ""I1"": 0.012}","{""R1"": 6000, ""R2"": 12000, ""R3"": 12000}","{""T"": 47.32272}","{""R1"": 0.008037242, ""R2"": 0.003962758}",True
vdr_parallel_network,vdr_parallel_network__wrong_component_type_7,wrong_component_type,R2,"{""R1"": 6077.963628, ""R2"": 5.66e-06, ""R3"": 12092.792129, ""I1"": 0.012}","{""R1"": 6000, ""R2"": 12000, ""R3"": 12000}","{""T"": 48.53924}","{""R1"": 0.007986102, ""R3"": 0.004013898}",True
vdr_parallel_network,vdr_parallel_network__wrong_component_type_8,wrong_component_type,R3,"{""R1"": 5900.380092, ""R2"": 12199.510338, ""R3"": 8.08e-06, ""I1"": 0.012}","{""R1"": 6000, ""R2"": 12000, ""R3"": 12000}","{""T"": 47.72299}","{""R1"": 0.008088122, ""R2"": 0.003911878}",True
vdr_parallel_network,vdr_parallel_network__wrong_component_type_9,wrong_component_type,R2,"{""R1"": 5901.729465, ""R2"": 5.54e-06, ""R3"": 12008.357051, ""I1"": 0.012}","{""R1"": 6000, ""R2"": 12000, ""R3"": 12000}","{""T"": 47.48391}","{""R1"": 0.008045762, ""R3"": 0.003954238}",True
vdr_parallel_network,vdr_parallel_network__wrong_component_type_10,wrong_component_type,R3,"{""R1"": 5906.940397, ""R2"": 12174.256491, ""R3"": 3.86e-06, ""I1"": 0.012}","{""R1"": 6000, ""R2"": 12000, ""R3"": 12000}","{""T"": 47.72645}","{""R1"": 0.008079724, ""R2"": 0.003920276}",True
vdr_parallel_network,vdr_parallel_network__wrong_component_type_11,wrong_component_type,R3,"{""R1"": 5897.248997, ""R2"": 12184.622903, ""R3"": 5.75e-06, ""I1"": 0.012}","{""R1"": 6000, ""R2"": 12000, ""R3"": 12000}","{""T"": 47.68694}","{""R1"": 0.008086302, ""R2"": 0.003913698}",True
vdr_parallel_network,vdr_parallel_network__wrong_component_type_12,wrong_component_type,R1,"{""R1"": 8.27e-06, ""R2"": 11903.92141, ""R3"": 12097.906459, ""I1"": 0.012}","{""R1"": 6000, ""R2"": 12000, ""R3"": 12000}","{""T"": 72.00078}","{""R2"": 0.006048493, ""R3"": 0.005951507}",True
vdr_parallel_network,vdr_parallel_network__wrong_component_type_13,wrong_component_type,R3,"{""R1"": 6029.278636, ""R2"": 11878.285974, ""R3"": 4.69e-06, ""I1"": 0.012}","{""R1"": 6000, ""R2"": 12000, ""R3"": 12000}","{""T"": 47.99145}","{""R1"": 0.007959733, ""R2"": 0.004040267}",True
vdr_parallel_network,vdr_parallel_network__wrong_component_type_14,wrong_component_type,R1,"{""R1"": 1.8e-06, ""R2"": 11836.816563, ""R3"": 12192.102368, ""I1"": 0.012}","{""R1"": 6000, ""R2"": 12000, ""R3"": 12000}","{""T"": 72.071}","{""R2"": 0.006088715, ""R3"": 0.005911285}",True
vdr_parallel_network,vdr_parallel_network__wrong_component_type_15,wrong_component_type,R3,"{""R1"": 6078.96818, ""R2"": 12218.091473, ""R3"": 9.07e-06, ""I1"": 0.012}","{""R1"": 6000, ""R2"": 12000, ""R3"": 12000}","{""T"": 48.71169}","{""R1"": 0.008013151, ""R2"": 0.003986849}",True
vdr_parallel_network,vdr_parallel_network__wrong_component_type_16,wrong_component_type,R3,"{""R1"": 5968.591436, ""R2"": 11880.199454, ""R3"": 7.88e-06, ""I1"": 0.012}","{""R1"": 6000, ""R2"": 12000, ""R3"": 12000}","{""T"": 47.67251}","{""R1"": 0.00798723, ""R2"": 0.00401277}",True
vdr_parallel_network,vdr_parallel_network__wrong_component_type_17,wrong_component_type,R2,"{""R1"": 6082.788041, ""R2"": 2.22e-06, ""R3"": 11995.213142, ""I1"": 0.012}","{""R1"": 6000, ""R2"": 12000, ""R3"": 12000}","{""T"": 48.43301}","{""R1"": 0.007962305, ""R3"": 0.004037695}",True
vdr_parallel_network,vdr_parallel_network__wrong_component_type_18,wrong_component_type,R3,"{""R1"": 6054.407723, ""R2"": 12172.905162, ""R3"": 6e-06, ""I1"": 0.012}","{""R1"": 6000, ""R2"": 12000, ""R3"": 12000}","{""T"": 48.52041}","{""R1"": 0.008014065, ""R2"": 0.003985935}",True
vdr_parallel_network,vdr_parallel_network__wrong_component_type_19,wrong_component_type,R2,"{""R1"": 6017.347409, ""R2"": 5.44e-06, ""R3"": 12185.081841, ""I1"": 0.012}","{""R1"": 6000, ""R2"": 12000, ""R3"": 12000}","{""T"": 48.33764}","{""R1"": 0.008033048, ""R3"": 0.003966952}",True
vdr_parallel_network,vdr_parallel_network__wrong_component_type_20,wrong_component_type,R2,"{""R1"": 5903.028498, ""R2"": 1.26e-06, ""R3"": 12177.756421, ""I1"": 0.012}","{""R1"": 6000, ""R2"": 12000, ""R3"": 12000}","{""T"": 47.70964}","{""R1"": 0.008082231, ""R3"": 0.003917769}",True
vdr_parallel_network,vdr_parallel_network__multi_fault_1,multi_fault,R2:partial_open;R3:partial_short,"{""R1"": 6042.707713, ""R2"": 152335.327133, ""R3"": 169.762379, ""I1"": 0.012}","{""R1"": 6000, ""R2"": 12000, ""R3"": 12000}","{""T"": 1.979336}","{""R1"": 0.0003275578, ""R2"": 1.299328e-05, ""R3"": 0.01165945}",True
vdr_parallel_network,vdr_parallel_network__multi_fault_2,multi_fault,R1:partial_short;R3:partial_open,"{""R1"": 738.329675, ""R2"": 11767.954706, ""R3"": 194488.776863, ""I1"": 0.012}","{""R1"": 6000, ""R2"": 12000, ""R3"": 12000}","{""T"": 8.307219}","{""R1"": 0.01125137, ""R2"": 0.0007059187, ""R3"": 4.27131e-05}",True
vdr_parallel_network,vdr_parallel_network__multi_fault_3,multi_fault,R3:partial_short;R1:partial_open,"{""R1"": 140873.140753, ""R2"": 12034.948541, ""R3"": 523.768366, ""I1"": 0.012}","{""R1"": 6000, ""R2"": 12000, ""R3"": 12000}","{""T"": 6.001708}","{""R1"": 4.260364e-05, ""R2"": 0.00049869, ""R3"": 0.01145871}",True
vdr_parallel_network,vdr_parallel_network__multi_fault_4,multi_fault,R1:partial_short;R3:partial_open,"{""R1"": 811.957318, ""R2"": 11957.886859, ""R3"": 440003.607313, ""I1"": 0.012}","{""R1"": 6000, ""R2"": 12000, ""R3"": 12000}","{""T"": 9.108219}","{""R1"": 0.01121761, ""R2"": 0.0007616914, ""R3"": 2.070033e-05}",True
vdr_parallel_network,vdr_parallel_network__multi_fault_5,multi_fault,R3:partial_short;R2:partial_open,"{""R1"": 5914.694378, ""R2"": 173028.045931, ""R3"": 566.716923, ""I1"": 0.012}","{""R1"": 6000, ""R2"": 12000, ""R3"": 12000}","{""T"": 6.187483}","{""R1"": 0.001046121, ""R2"": 3.576e-05, ""R3"": 0.01091812}",True
vdr_parallel_network,vdr_parallel_network__multi_fault_6,multi_fault,R2:partial_short;R1:partial_open,"{""R1"": 238792.861353, ""R2"": 631.79426, ""R3"": 11975.25755, ""I1"": 0.012}","{""R1"": 6000, ""R2"": 12000, ""R3"": 12000}","{""T"": 7.183534}","{""R1"": 3.00827e-05, ""R2"": 0.01137005, ""R3"": 0.0005998647}",True
vdr_parallel_network,vdr_parallel_network__multi_fault_7,multi_fault,R3:partial_short;R1:partial_open,"{""R1"": 124142.259873, ""R2"": 11863.198787, ""R3"": 1097.012791, ""I1"": 0.012}","{""R1"": 6000, ""R2"": 12000, ""R3"": 12000}","{""T"": 11.95319}","{""R1"": 9.628624e-05, ""R2"": 0.001007586, ""R3"": 0.01089613}",True
vdr_parallel_network,vdr_parallel_network__multi_fault_8,multi_fault,R2:partial_short;R3:partial_open,"{""R1"": 5960.834758, ""R2"": 606.110126, ""R3"": 591991.415971, ""I1"": 0.012}","{""R1"": 6000, ""R2"": 12000, ""R3"": 12000}","{""T"": 6.595885}","{""R1"": 0.001106537, ""R2"": 0.01088232, ""R3"": 1.114186e-05}",True
vdr_parallel_network,vdr_parallel_network__multi_fault_9,multi_fault,R1:partial_open;R3:partial_short,"{""R1"": 254411.240844, ""R2"": 11952.87622, ""R3"": 179.584348, ""I1"": 0.012}","{""R1"": 6000, ""R2"": 12000, ""R3"": 12000}","{""T"": 2.121638}","{""R1"": 8.339405e-06, ""R2"": 0.0001775002, ""R3"": 0.01181416}",True
vdr_parallel_network,vdr_parallel_network__multi_fault_10,multi_fault,R3:partial_open;R1:partial_short,"{""R1"": 798.686604, ""R2"": 12164.244857, ""R3"": 284022.067294, ""I1"": 0.012}","{""R1"": 6000, ""R2"": 12000, ""R3"": 12000}","{""T"": 8.970054}","{""R1"": 0.01123101, ""R2"": 0.0007374115, ""R3"": 3.158224e-05}",True
vdr_parallel_network,vdr_parallel_network__multi_fault_11,multi_fault,R1:partial_short;R3:partial_open,"{""R1"": 245.056331, ""R2"": 12225.092526, ""R3"": 141151.970088, ""I1"": 0.012}","{""R1"": 6000, ""R2"": 12000, ""R3"": 12000}","{""T"": 2.877989}","{""R1"": 0.01174419, ""R2"": 0.0002354166, ""R3"": 2.038929e-05}",True
vdr_parallel_network,vdr_parallel_network__multi_fault_12,multi_fault,R3:partial_open;R1:partial_short,"{""R1"": 169.491783, ""R2"": 12153.611757, ""R3"": 208877.139353, ""I1"": 0.012}","{""R1"": 6000, ""R2"": 12000, ""R3"": 12000}","{""T"": 2.004323}","{""R1"": 0.01182549, ""R2"": 0.0001649158, ""R3"": 9.595704e-06}",True
vdr_parallel_network,vdr_parallel_network__multi_fault_13,multi_fault,R2:partial_short;R3:partial_open,"{""R1"": 5961.006518, ""R2"": 1052.178498, ""R3"": 456376.471249, ""I1"": 0.012}","{""R1"": 6000, ""R2"": 12000, ""R3"": 12000}","{""T"": 10.71087}","{""R1"": 0.001796822, ""R2"": 0.01017971, ""R3"": 2.346937e-05}",True
vdr_parallel_network,vdr_parallel_network__multi_fault_14,multi_fault,R1:partial_open;R3:partial_short,"{""R1"": 57718.590501, ""R2"": 11902.771594, ""R3"": 1753.191452, ""I1"": 0.012}","{""R1"": 6000, ""R2"": 12000, ""R3"": 12000}","{""T"": 17.86438}","{""R1"": 0.0003095082, ""R2"": 0.001500859, ""R3"": 0.01018963}",True
vdr_parallel_network,vdr_parallel_network__multi_fault_15,multi_fault,R1:partial_short;R2:partial_open,"{""R1"": 392.019753, ""R2"": 362178.261441, ""R3"": 11840.984127, ""I1"": 0.012}","{""R1"": 6000, ""R2"": 12000, ""R3"": 12000}","{""T"": 4.548719}","{""R1"": 0.01160329, ""R2"": 1.255934e-05, ""R3"": 0.0003841504}",True
vdr_parallel_network,vdr_parallel_network__multi_fault_16,multi_fault,R1:partial_short;R2:partial_open,"{""R1"": 716.085007, ""R2"": 227132.179654, ""R3"": 11975.363579, ""I1"": 0.012}","{""R1"": 6000, ""R2"": 12000, ""R3"": 12000}","{""T"": 8.08413}","{""R1"": 0.01128934, ""R2"": 3.559218e-05, ""R3"": 0.0006750634}",True
vdr_parallel_network,vdr_parallel_network__multi_fault_17,multi_fault,R2:partial_open;R3:partial_short,"{""R1"": 5985.674212, ""R2"": 441348.128144, ""R3"": 480.586786, ""I1"": 0.012}","{""R1"": 6000, ""R2"": 12000, ""R3"": 12000}","{""T"": 5.333047}","{""R1"": 0.0008909684, ""R2"": 1.208354e-05, ""R3"": 0.01109695}",True
vdr_parallel_network,vdr_parallel_network__multi_fault_18,multi_fault,R1:partial_short;R2:partial_open,"{""R1"": 422.212995, ""R2"": 423057.449058, ""R3"": 12046.249429, ""I1"": 0.012}","{""R1"": 6000, ""R2"": 12000, ""R3"": 12000}","{""T"": 4.890275}","{""R1"": 0.01158248, ""R2"": 1.155936e-05, ""R3"": 0.0004059583}",True
vdr_parallel_network,vdr_parallel_network__multi_fault_19,multi_fault,R2:partial_open;R3:partial_short,"{""R1"": 6118.750287, ""R2"": 105412.640822, ""R3"": 1456.361297, ""I1"": 0.012}","{""R1"": 6000, ""R2"": 12000, ""R3"": 12000}","{""T"": 13.96061}","{""R1"": 0.002281611, ""R2"": 0.0001324377, ""R3"": 0.009585951}",True
vdr_parallel_network,vdr_parallel_network__multi_fault_20,multi_fault,R2:partial_open;R3:partial_short,"{""R1"": 6027.551148, ""R2"": 269306.712756, ""R3"": 241.255188, ""I1"": 0.012}","{""R1"": 6000, ""R2"": 12000, ""R3"": 12000}","{""T"": 2.78125}","{""R1"": 0.0004614229, ""R2"": 1.032744e-05, ""R3"": 0.01152825}",True
wheatstone_bridge,wheatstone_bridge__normal_1,normal,,"{""R1"": 98.367545, ""R3"": 198.47007, ""R2"": 149.105353, ""R4"": 297.428566, ""Rg"": 50.660298}","{""R1"": 100, ""R3"": 200, ""R2"": 150, ""R4"": 300, ""Rg"": 50}","{""mid1"": 13.35686, ""mid2"": 13.34497, ""pos"": 20.0}","{""R1"": 0.06753385, ""R3"": 0.06729912, ""R2"": 0.04463308, ""R4"": 0.04486781, ""Rg"": 0.0002347338}",True
wheatstone_bridge,wheatstone_bridge__normal_2,normal,,"{""R1"": 101.746214, ""R3"": 199.917859, ""R2"": 152.11653, ""R4"": 298.297546, ""Rg"": 49.179351}","{""R1"": 100, ""R3"": 200, ""R2"": 150, ""R4"": 300, ""Rg"": 50}","{""mid1"": 13.25159, ""mid2"": 13.24959, ""pos"": 20.0}","{""R1"": 0.06632592, ""R3"": 0.06628517, ""R2"": 0.0443766, ""R4"": 0.04441735, ""Rg"": 4.074524e-05}",True
wheatstone_bridge,wheatstone_bridge__normal_3,normal,,"{""R1"": 99.95473, ""R3"": 203.684025, ""R2"": 147.193948, ""R4"": 299.929869, ""Rg"": 49.109599}","{""R1"": 100, ""R3"": 200, ""R2"": 150, ""R4"": 300, ""Rg"": 50}","{""mid1"": 13.41613, ""mid2"": 13.41608, ""pos"": 20.0}","{""R1"": 0.0658685, ""R3"": 0.06586737, ""R2"": 0.04472958, ""R4"": 0.04473071, ""Rg"": 1.128834e-06}",True
wheatstone_bridge,wheatstone_bridge__normal_4,normal,,"{""R1"": 101.702393, ""R3"": 197.730129, ""R2"": 152.372098, ""R4"": 298.887992, ""Rg"": 49.24066}","{""R1"": 100, ""R3"": 200, ""R2"": 150, ""R4"": 300, ""Rg"": 50}","{""mid1"": 13.2193, ""mid2"": 13.22832, ""pos"": 20.0}","{""R1"": 0.066672, ""R3"": 0.06685526, ""R2"": 0.04444172, ""R4"": 0.04425846, ""Rg"": -0.000183259}",True
wheatstone_bridge,wheatstone_bridge__normal_5,normal,,"{""R1"": 101.411761, ""R3"": 202.043528, ""R2"": 149.036791, ""R4"": 302.41595, ""Rg"": 50.753976}","{""R1"": 100, ""R3"": 200, ""R2"": 150, ""R4"": 300, ""Rg"": 50}","{""mid1"": 13.34135, ""mid2"": 13.36026, ""pos"": 20.0}","{""R1"": 0.06565951, ""R3"": 0.06603207, ""R2"": 0.044551, ""R4"": 0.04417843, ""Rg"": -0.000372564}",True
wheatstone_bridge,wheatstone_bridge__normal_6,normal,,"{""R1"": 98.420753, ""R3"": 198.829382, ""R2"": 149.975301, ""R4"": 305.851333, ""Rg"": 49.226654}","{""R1"": 100, ""R3"": 200, ""R2"": 150, ""R4"": 300, ""Rg"": 50}","{""mid1"": 13.39065, ""mid2"": 13.40017, ""pos"": 20.0}","{""R1"": 0.06715403, ""R3"": 0.06734744, ""R2"": 0.04400611, ""R4"": 0.04381269, ""Rg"": -0.000193412}",True
wheatstone_bridge,wheatstone_bridge__normal_7,normal,,"{""R1"": 98.417841, ""R3"": 197.712771, ""R2"": 152.288373, ""R4"": 300.227576, ""Rg"": 49.857776}","{""R1"": 100, ""R3"": 200, ""R2"": 150, ""R4"": 300, ""Rg"": 50}","{""mid1"": 13.32765, ""mid2"": 13.30836, ""pos"": 20.0}","{""R1"": 0.06779613, ""R3"": 0.06740916, ""R2"": 0.0439406, ""R4"": 0.04432757, ""Rg"": 0.00038697}",True
wheatstone_bridge,wheatstone_bridge__normal_8,normal,,"{""R1"": 100.197454, ""R3"": 196.325989, ""R2"": 151.847256, ""R4"": 301.813271, ""Rg"": 49.839692}","{""R1"": 100, ""R3"": 200, ""R2"": 150, ""R4"": 300, ""Rg"": 50}","{""mid1"": 13.26135, ""mid2"": 13.276, ""pos"": 20.0}","{""R1"": 0.0672537, ""R3"": 0.0675476, ""R2"": 0.04428135, ""R4"": 0.04398746, ""Rg"": -0.000293899}",True
wheatstone_bridge,wheatstone_bridge__normal_9,normal,,"{""R1"": 101.925091, ""R3"": 202.217397, ""R2"": 147.11564, ""R4"": 296.318585, ""Rg"": 49.121728}","{""R1"": 100, ""R3"": 200, ""R2"": 150, ""R4"": 300, ""Rg"": 50}","{""mid1"": 13.3187, ""mid2"": 13.33403, ""pos"": 20.0}","{""R1"": 0.06555112, ""R3"": 0.06586326, ""R2"": 0.0453111, ""R4"": 0.04499896, ""Rg"": -0.000312136}",True
wheatstone_bridge,wheatstone_bridge__normal_10,normal,,"{""R1"": 100.582002, ""R3"": 201.747275, ""R2"": 148.603473, ""R4"": 294.143854, ""Rg"": 49.683542}","{""R1"": 100, ""R3"": 200, ""R2"": 150, ""R4"": 300, ""Rg"": 50}","{""mid1"": 13.32783, ""mid2"": 13.31423, ""pos"": 20.0}","{""R1"": 0.06633566, ""R3"": 0.06606199, ""R2"": 0.04499068, ""R4"": 0.04526435, ""Rg"": 0.0002736716}",True
wheatstone_bridge,wheatstone_bridge__normal_11,normal,,"{""R1"": 99.864145, ""R3"": 197.728966, ""R2"": 147.317365, ""R4"": 300.90202, ""Rg"": 50.313656}","{""R1"": 100, ""R3"": 200, ""R2"": 150, ""R4"": 300, ""Rg"": 50}","{""mid1"": 13.33102, ""mid2"": 13.36324, ""pos"": 20.0}","{""R1"": 0.06678048, ""R3"": 0.06742069, ""R2"": 0.0450508, ""R4"": 0.04441059, ""Rg"": -0.00064021}",True
wheatstone_bridge,wheatstone_bridge__normal_12,normal,,"{""R1"": 98.439819, ""R3"": 196.092331, ""R2"": 151.829932, ""R4"": 299.469102, ""Rg"": 50.923056}","{""R1"": 100, ""R3"": 200, ""R2"": 150, ""R4"": 300, ""Rg"": 50}","{""mid1"": 13.30221, ""mid2"": 13.29188, ""pos"": 20.0}","{""R1"": 0.06803943, ""R3"": 0.06783647, ""R2"": 0.04418183, ""R4"": 0.0443848, ""Rg"": 0.0002029638}",True
wheatstone_bridge,wheatstone_bridge__normal_13,normal,,"{""R1"": 100.332087, ""R3"": 197.080269, ""R2"": 151.58993, ""R4"": 303.466162, ""Rg"": 49.348129}","{""R1"": 100, ""R3"": 200, ""R2"": 150, ""R4"": 300, ""Rg"": 50}","{""mid1"": 13.27891, ""mid2"": 13.29814, ""pos"": 20.0}","{""R1"": 0.06698849, ""R3"": 0.06737816, ""R2"": 0.04421049, ""R4"": 0.04382082, ""Rg"": -0.000389672}",True
wheatstone_bridge,wheatstone_bridge__normal_14,normal,,"{""R1"": 101.590744, ""R3"": 198.108623, ""R2"": 152.161074, ""R4"": 302.854385, ""Rg"": 50.878913}","{""R1"": 100, ""R3"": 200, ""R2"": 150, ""R4"": 300, ""Rg"": 50}","{""mid1"": 13.24846, ""mid2"": 13.26965, ""pos"": 20.0}","{""R1"": 0.06645824, ""R3"": 0.06687472, ""R2"": 0.04423176, ""R4"": 0.04381528, ""Rg"": -0.000416481}",True
wheatstone_bridge,wheatstone_bridge__normal_15,normal,,"{""R1"": 99.52369, ""R3"": 197.508933, ""R2"": 148.858355, ""R4"": 305.609056, ""Rg"": 49.116016}","{""R1"": 100, ""R3"": 200, ""R2"": 150, ""R4"": 300, ""Rg"": 50}","{""mid1"": 13.34498, ""mid2"": 13.37926, ""pos"": 20.0}","{""R1"": 0.06686867, ""R3"": 0.06756648, ""R2"": 0.0444768, ""R4"": 0.04377899, ""Rg"": -0.000697808}",True
wheatstone_bridge,wheatstone_bridge__normal_16,normal,,"{""R1"": 98.281844, ""R3"": 203.081267, ""R2"": 152.054585, ""R4"": 297.684392, ""Rg"": 49.865731}","{""R1"": 100, ""R3"": 200, ""R2"": 150, ""R4"": 300, ""Rg"": 50}","{""mid1"": 13.40435, ""mid2"": 13.34927, ""pos"": 20.0}","{""R1"": 0.0671095, ""R3"": 0.06600488, ""R2"": 0.04373908, ""R4"": 0.04484371, ""Rg"": 0.001104622}",True
wheatstone_bridge,wheatstone_bridge__normal_17,normal,,"{""R1"": 101.326422, ""R3"": 200.401309, ""R2"": 147.17747, ""R4"": 302.370542, ""Rg"": 49.294129}","{""R1"": 100, ""R3"": 200, ""R2"": 150, ""R4"": 300, ""Rg"": 50}","{""mid1"": 13.33622, ""mid2"": 13.37478, ""pos"": 20.0}","{""R1"": 0.06576545, ""R3"": 0.06654758, ""R2"": 0.0450152, ""R4"": 0.04423307, ""Rg"": -0.000782131}",True
wheatstone_bridge,wheatstone_bridge__normal_18,normal,,"{""R1"": 101.525067, ""R3"": 196.700248, ""R2"": 151.599352, ""R4"": 298.886736, ""Rg"": 50.963464}","{""R1"": 100, ""R3"": 200, ""R2"": 150, ""R4"": 300, ""Rg"": 50}","{""mid1"": 13.21533, ""mid2"": 13.23355, ""pos"": 20.0}","{""R1"": 0.06682753, ""R3"": 0.06718512, ""R2"": 0.04463374, ""R4"": 0.04427615, ""Rg"": -0.000357588}",True
wheatstone_bridge,wheatstone_bridge__normal_19,normal,,"{""R1"": 98.727771, ""R3"": 203.212157, ""R2"": 152.422716, ""R4"": 294.974044, ""Rg"": 49.742253}","{""R1"": 100, ""R3"": 200, ""R2"": 150, ""R4"": 300, ""Rg"": 50}","{""mid1"": 13.37635, ""mid2"": 13.31341, ""pos"": 20.0}","{""R1"": 0.06709, ""R3"": 0.06582457, ""R2"": 0.04386874, ""R4"": 0.04513417, ""Rg"": 0.001265431}",True
wheatstone_bridge,wheatstone_bridge__normal_20,normal,,"{""R1"": 101.083905, ""R3"": 198.035491, ""R2"": 150.973433, ""R4"": 294.486453, ""Rg"": 49.22403}","{""R1"": 100, ""R3"": 200, ""R2"": 150, ""R4"": 300, ""Rg"": 50}","{""mid1"": 13.23517, ""mid2"": 13.23072, ""pos"": 20.0}","{""R1"": 0.06692287, ""R3"": 0.06683234, ""R2"": 0.04483757, ""R4"": 0.0449281, ""Rg"": 9.053525e-05}",True
wheatstone_bridge,wheatstone_bridge__partial_short_1,partial_short,R1,"{""R1"": 12.877113, ""R3"": 202.711414, ""R2"": 152.713035, ""R4"": 304.289852, ""Rg"": 49.426353}","{""R1"": 100, ""R3"": 200, ""R2"": 150, ""R4"": 300, ""Rg"": 50}","{""mid1"": 18.39823, ""mid2"": 16.73612, ""pos"": 20.0}","{""R1"": 0.1243887, ""R3"": 0.09076071, ""R2"": 0.02137261, ""R4"": 0.0550006, ""Rg"": 0.03362799}",True
wheatstone_bridge,wheatstone_bridge__partial_short_2,partial_short,Rg,"{""R1"": 100.633911, ""R3"": 196.371508, ""R2"": 151.54681, ""R4"": 301.25505, ""Rg"": 3.949974}","{""R1"": 100, ""R3"": 200, ""R2"": 150, ""R4"": 300, ""Rg"": 50}","{""mid1"": 13.2556, ""mid2"": 13.25751, ""pos"": 20.0}","{""R1"": 0.06701914, ""R3"": 0.06750267, ""R2"": 0.04449113, ""R4"": 0.0440076, ""Rg"": -0.000483529}",True
wheatstone_bridge,wheatstone_bridge__partial_short_3,partial_short,Rg,"{""R1"": 99.471441, ""R3"": 197.823755, ""R2"": 151.910212, ""R4"": 294.187572, ""Rg"": 3.644515}","{""R1"": 100, ""R3"": 200, ""R2"": 150, ""R4"": 300, ""Rg"": 50}","{""mid1"": 13.26196, ""mid2"": 13.25941, ""pos"": 20.0}","{""R1"": 0.06773841, ""R3"": 0.06703928, ""R2"": 0.04437217, ""R4"": 0.04507129, ""Rg"": 0.0006991276}",True
wheatstone_bridge,wheatstone_bridge__partial_short_4,partial_short,R3,"{""R1"": 101.796712, ""R3"": 4.622332, ""R2"": 150.061459, ""R4"": 302.858264, ""Rg"": 50.816686}","{""R1"": 100, ""R3"": 200, ""R2"": 150, ""R4"": 300, ""Rg"": 50}","{""mid1"": 1.224088, ""mid2"": 5.308494, ""pos"": 20.0}","{""R1"": 0.1844452, ""R3"": 0.2648205, ""R2"": 0.09790326, ""R4"": 0.01752798, ""Rg"": -0.0803753}",True
wheatstone_bridge,wheatstone_bridge__partial_short_5,partial_short,R2,"{""R1"": 99.871391, ""R3"": 200.011419, ""R2"": 3.53197, ""R4"": 300.234942, ""Rg"": 50.743188}","{""R1"": 100, ""R3"": 200, ""R2"": 150, ""R4"": 300, ""Rg"": 50}","{""mid1"": 16.88256, ""mid2"": 19.58176, ""pos"": 20.0}","{""R1"": 0.03121456, ""R3"": 0.08440797, ""R2"": 0.1184149, ""R4"": 0.06522146, ""Rg"": -0.0531934}",True
wheatstone_bridge,wheatstone_bridge__partial_short_6,partial_short,R1,"{""R1"": 3.601065, ""R3"": 196.636028, ""R2"": 147.244761, ""R4"": 296.161911, ""Rg"": 49.402101}","{""R1"": 100, ""R3"": 200, ""R2"": 150, ""R4"": 300, ""Rg"": 50}","{""mid1"": 19.49348, ""mid2"": 17.44217, ""pos"": 20.0}","{""R1"": 0.1406576, ""R3"": 0.09913485, ""R2"": 0.01737127, ""R4"": 0.05889404, ""Rg"": 0.04152276}",True
wheatstone_bridge,wheatstone_bridge__partial_short_7,partial_short,R4,"{""R1"": 98.083488, ""R3"": 198.616986, ""R2"": 151.738291, ""R4"": 32.45049, ""Rg"": 49.287631}","{""R1"": 100, ""R3"": 200, ""R2"": 150, ""R4"": 300, ""Rg"": 50}","{""mid1"": 8.816736, ""mid2"": 5.384979, ""pos"": 20.0}","{""R1"": 0.1140178, ""R3"": 0.04439065, ""R2"": 0.09631729, ""R4"": 0.1659444, ""Rg"": 0.06962716}",True
wheatstone_bridge,wheatstone_bridge__partial_short_8,partial_short,R2,"{""R1"": 98.610212, ""R3"": 201.840977, ""R2"": 12.271728, ""R4"": 299.852062, ""Rg"": 50.705505}","{""R1"": 100, ""R3"": 200, ""R2"": 150, ""R4"": 300, ""Rg"": 50}","{""mid1"": 16.40893, ""mid2"": 18.68457, ""pos"": 20.0}","{""R1"": 0.03641682, ""R3"": 0.08129632, ""R2"": 0.1071921, ""R4"": 0.06231262, ""Rg"": -0.0448795}",True
wheatstone_bridge,wheatstone_bridge__partial_short_9,partial_short,R2,"{""R1"": 99.949597, ""R3"": 201.662295, ""R2"": 5.05645, ""R4"": 300.951445, ""Rg"": 49.075601}","{""R1"": 100, ""R3"": 200, ""R2"": 150, ""R4"": 300, ""Rg"": 50}","{""mid1"": 16.85379, ""mid2"": 19.41045, ""pos"": 20.0}","{""R1"": 0.03147796, ""R3"": 0.08357433, ""R2"": 0.1165933, ""R4"": 0.06449695, ""Rg"": -0.0520964}",True
wheatstone_bridge,wheatstone_bridge__partial_short_10,partial_short,Rg,"{""R1"": 100.429431, ""R3"": 201.771958, ""R2"": 151.581411, ""R4"": 301.184987, ""Rg"": 6.038199}","{""R1"": 100, ""R3"": 200, ""R2"": 150, ""R4"": 300, ""Rg"": 50}","{""mid1"": 13.33448, ""mid2"": 13.33277, ""pos"": 20.0}","{""R1"": 0.06637015, ""R3"": 0.0660869, ""R2"": 0.04398446, ""R4"": 0.04426772, ""Rg"": 0.0002832554}",True
wheatstone_bridge,wheatstone_bridge__partial_short_11,partial_short,R4,"{""R1"": 99.388135, ""R3"": 200.707285, ""R2"": 149.621231, ""R4"": 39.49168, ""Rg"": 49.300972}","{""R1"": 100, ""R3"": 200, ""R2"": 150, ""R4"": 300, ""Rg"": 50}","{""mid1"": 9.216714, ""mid2"": 6.131679, ""pos"": 20.0}","{""R1"": 0.1084967, ""R3"": 0.04592117, ""R2"": 0.09268953, ""R4"": 0.1552651, ""Rg"": 0.06257554}",True
wheatstone_bridge,wheatstone_bridge__partial_short_12,partial_short,R3,"{""R1"": 101.690582, ""R3"": 15.817178, ""R2"": 148.432731, ""R4"": 300.860042, ""Rg"": 49.784845}","{""R1"": 100, ""R3"": 200, ""R2"": 150, ""R4"": 300, ""Rg"": 50}","{""mid1"": 3.591422, ""mid2"": 6.862308, ""pos"": 20.0}","{""R1"": 0.1613579, ""R3"": 0.2270583, ""R2"": 0.0885094, ""R4"": 0.02280897, ""Rg"": -0.0657004}",True
wheatstone_bridge,wheatstone_bridge__partial_short_13,partial_short,R1,"{""R1"": 12.28277, ""R3"": 200.470897, ""R2"": 148.180586, ""R4"": 304.906634, ""Rg"": 50.015717}","{""R1"": 100, ""R3"": 200, ""R2"": 150, ""R4"": 300, ""Rg"": 50}","{""mid1"": 18.45889, ""mid2"": 16.7888, ""pos"": 20.0}","{""R1"": 0.125469, ""R3"": 0.09207767, ""R2"": 0.02167083, ""R4"": 0.05506212, ""Rg"": 0.03339129}",True
wheatstone_bridge,wheatstone_bridge__partial_short_14,partial_short,R4,"{""R1"": 100.318977, ""R3"": 201.525317, ""R2"": 152.797163, ""R4"": 32.465009, ""Rg"": 50.730247}","{""R1"": 100, ""R3"": 200, ""R2"": 150, ""R4"": 300, ""Rg"": 50}","{""mid1"": 8.787666, ""mid2"": 5.329838, ""pos"": 20.0}","{""R1"": 0.1117668, ""R3"": 0.04360577, ""R2"": 0.0960107, ""R4"": 0.1641718, ""Rg"": 0.06816107}",True
wheatstone_bridge,wheatstone_bridge__partial_short_15,partial_short,R4,"{""R1"": 99.072365, ""R3"": 202.251195, ""R2"": 147.498547, ""R4"": 11.627353, ""Rg"": 49.262549}","{""R1"": 100, ""R3"": 200, ""R2"": 150, ""R4"": 300, ""Rg"": 50}","{""mid1"": 7.137529, ""mid2"": 2.480316, ""pos"": 20.0}","{""R1"": 0.129829, ""R3"": 0.03529042, ""R2"": 0.1187787, ""R4"": 0.2133173, ""Rg"": 0.09453863}",True
wheatstone_bridge,wheatstone_bridge__partial_short_16,partial_short,R4,"{""R1"": 99.844581, ""R3"": 203.674885, ""R2"": 151.091891, ""R4"": 43.408679, ""Rg"": 50.878946}","{""R1"": 100, ""R3"": 200, ""R2"": 150, ""R4"": 300, ""Rg"": 50}","{""mid1"": 9.462177, ""mid2"": 6.455993, ""pos"": 20.0}","{""R1"": 0.1055423, ""R3"": 0.04645726, ""R2"": 0.08964086, ""R4"": 0.1487259, ""Rg"": 0.05908501}",True
wheatstone_bridge,wheatstone_bridge__partial_short_17,partial_short,R4,"{""R1"": 99.598165, ""R3"": 202.322874, ""R2"": 151.081549, ""R4"": 20.901073, ""Rg"": 50.10259}","{""R1"": 100, ""R3"": 200, ""R2"": 150, ""R4"": 300, ""Rg"": 50}","{""mid1"": 7.986314, ""mid2"": 3.920566, ""pos"": 20.0}","{""R1"": 0.1206216, ""R3"": 0.03947311, ""R2"": 0.1064288, ""R4"": 0.1875773, ""Rg"": 0.08114845}",True
wheatstone_bridge,wheatstone_bridge__partial_short_18,partial_short,Rg,"{""R1"": 99.264906, ""R3"": 201.215149, ""R2"": 151.892305, ""R4"": 297.087763, ""Rg"": 1.612195}","{""R1"": 100, ""R3"": 200, ""R2"": 150, ""R4"": 300, ""Rg"": 50}","{""mid1"": 13.33021, ""mid2"": 13.32869, ""pos"": 20.0}","{""R1"": 0.06719178, ""R3"": 0.06624856, ""R2"": 0.04392129, ""R4"": 0.0448645, ""Rg"": 0.000943211}",True
wheatstone_bridge,wheatstone_bridge__partial_short_19,partial_short,R1,"{""R1"": 8.737371, ""R3"": 196.443709, ""R2"": 151.118147, ""R4"": 295.320446, ""Rg"": 50.362498}","{""R1"": 100, ""R3"": 200, ""R2"": 150, ""R4"": 300, ""Rg"": 50}","{""mid1"": 18.83635, ""mid2"": 16.95814, ""pos"": 20.0}","{""R1"": 0.1331806, ""R3"": 0.09588676, ""R2"": 0.02012901, ""R4"": 0.05742285, ""Rg"": 0.03729384}",True
wheatstone_bridge,wheatstone_bridge__partial_short_20,partial_short,R1,"{""R1"": 1.440838, ""R3"": 197.947136, ""R2"": 150.929726, ""R4"": 304.674649, ""Rg"": 50.834115}","{""R1"": 100, ""R3"": 200, ""R2"": 150, ""R4"": 300, ""Rg"": 50}","{""mid1"": 19.79496, ""mid2"": 17.64441, ""pos"": 20.0}","{""R1"": 0.1423064, ""R3"": 0.1000012, ""R2"": 0.01560717, ""R4"": 0.05791232, ""Rg"": 0.04230515}",True
wheatstone_bridge,wheatstone_bridge__partial_open_1,partial_open,R2,"{""R1"": 98.853233, ""R3"": 201.659944, ""R2"": 5001.270398, ""R4"": 303.660798, ""Rg"": 50.090792}","{""R1"": 100, ""R3"": 200, ""R2"": 150, ""R4"": 300, ""Rg"": 50}","{""mid1"": 11.39884, ""mid2"": 9.871853, ""pos"": 20.0}","{""R1"": 0.08700941, ""R3"": 0.05652505, ""R2"": 0.002025115, ""R4"": 0.03250947, ""Rg"": 0.03048436}",True
wheatstone_bridge,wheatstone_bridge__partial_open_2,partial_open,R2,"{""R1"": 101.258199, ""R3"": 203.273401, ""R2"": 1669.961043, ""R4"": 295.991289, ""Rg"": 50.719406}","{""R1"": 100, ""R3"": 200, ""R2"": 150, ""R4"": 300, ""Rg"": 50}","{""mid1"": 11.45994, ""mid2"": 10.0417, ""pos"": 20.0}","{""R1"": 0.08433944, ""R3"": 0.05637698, ""R2"": 0.005963193, ""R4"": 0.03392566, ""Rg"": 0.02796247}",True
wheatstone_bridge,wheatstone_bridge__partial_open_3,partial_open,R2,"{""R1"": 100.054013, ""R3"": 196.934916, ""R2"": 4674.498029, ""R4"": 295.784232, ""Rg"": 50.32371}","{""R1"": 100, ""R3"": 200, ""R2"": 150, ""R4"": 300, ""Rg"": 50}","{""mid1"": 11.23368, ""mid2"": 9.695127, ""pos"": 20.0}","{""R1"": 0.08761583, ""R3"": 0.05704262, ""R2"": 0.002204488, ""R4"": 0.0327777, ""Rg"": 0.03057321}",True
wheatstone_bridge,wheatstone_bridge__partial_open_4,partial_open,R2,"{""R1"": 99.311465, ""R3"": 199.439794, ""R2"": 2734.275763, ""R4"": 299.716714, ""Rg"": 50.181908}","{""R1"": 100, ""R3"": 200, ""R2"": 150, ""R4"": 300, ""Rg"": 50}","{""mid1"": 11.40066, ""mid2"": 9.923998, ""pos"": 20.0}","{""R1"": 0.0865896, ""R3"": 0.05716342, ""R2"": 0.003685072, ""R4"": 0.03311126, ""Rg"": 0.02942619}",True
wheatstone_bridge,wheatstone_bridge__partial_open_5,partial_open,Rg,"{""R1"": 100.33955, ""R3"": 196.223498, ""R2"": 152.179729, ""R4"": 298.475885, ""Rg"": 884.566218}","{""R1"": 100, ""R3"": 200, ""R2"": 150, ""R4"": 300, ""Rg"": 50}","{""mid1"": 13.234, ""mid2"": 13.24504, ""pos"": 20.0}","{""R1"": 0.06743103, ""R3"": 0.06744351, ""R2"": 0.04438805, ""R4"": 0.04437557, ""Rg"": -1.24779e-05}",True
wheatstone_bridge,wheatstone_bridge__partial_open_6,partial_open,R2,"{""R1"": 101.151096, ""R3"": 203.369152, ""R2"": 5766.164645, ""R4"": 294.217654, ""Rg"": 50.464735}","{""R1"": 100, ""R3"": 200, ""R2"": 150, ""R4"": 300, ""Rg"": 50}","{""mid1"": 11.25421, ""mid2"": 9.683559, ""pos"": 20.0}","{""R1"": 0.08646261, ""R3"": 0.05533884, ""R2"": 0.001789134, ""R4"": 0.03291291, ""Rg"": 0.03112378}",True
wheatstone_bridge,wheatstone_bridge__partial_open_7,partial_open,R2,"{""R1"": 99.866491, ""R3"": 196.655708, ""R2"": 1166.295349, ""R4"": 296.323903, ""Rg"": 49.154427}","{""R1"": 100, ""R3"": 200, ""R2"": 150, ""R4"": 300, ""Rg"": 50}","{""mid1"": 11.52919, ""mid2"": 10.24158, ""pos"": 20.0}","{""R1"": 0.08482136, ""R3"": 0.05862626, ""R2"": 0.00836702, ""R4"": 0.03456212, ""Rg"": 0.0261951}",True
wheatstone_bridge,wheatstone_bridge__partial_open_8,partial_open,R3,"{""R1"": 98.326161, ""R3"": 8968.353932, ""R2"": 150.715658, ""R4"": 294.853923, ""Rg"": 49.947665}","{""R1"": 100, ""R3"": 200, ""R2"": 150, ""R4"": 300, ""Rg"": 50}","{""mid1"": 17.20407, ""mid2"": 15.87961, ""pos"": 20.0}","{""R1"": 0.02843529, ""R3"": 0.001918308, ""R2"": 0.02733886, ""R4"": 0.05385584, ""Rg"": 0.02651698}",True
wheatstone_bridge,wheatstone_bridge__partial_open_9,partial_open,R1,"{""R1"": 2134.889015, ""R3"": 199.869468, ""R2"": 148.34894, ""R4"": 294.165502, ""Rg"": 49.266252}","{""R1"": 100, ""R3"": 200, ""R2"": 150, ""R4"": 300, ""Rg"": 50}","{""mid1"": 8.114555, ""mid2"": 9.840452, ""pos"": 20.0}","{""R1"": 0.005567242, ""R3"": 0.04059927, ""R2"": 0.06848413, ""R4"": 0.0334521, ""Rg"": -0.035032}",True
wheatstone_bridge,wheatstone_bridge__partial_open_10,partial_open,Rg,"{""R1"": 100.306449, ""R3"": 202.890159, ""R2"": 152.448744, ""R4"": 294.345879, ""Rg"": 1938.680011}","{""R1"": 100, ""R3"": 200, ""R2"": 150, ""R4"": 300, ""Rg"": 50}","{""mid1"": 13.37679, ""mid2"": 13.18579, ""pos"": 20.0}","{""R1"": 0.06602973, ""R3"": 0.0659312, ""R2"": 0.04469839, ""R4"": 0.04479691, ""Rg"": 9.852363e-05}",True
wheatstone_bridge,wheatstone_bridge__partial_open_11,partial_open,R3,"{""R1"": 101.955177, ""R3"": 9640.545235, ""R2"": 150.808616, ""R4"": 295.899714, ""Rg"": 49.162547}","{""R1"": 100, ""R3"": 200, ""R2"": 150, ""R4"": 300, ""Rg"": 50}","{""mid1"": 17.14981, ""mid2"": 15.86291, ""pos"": 20.0}","{""R1"": 0.02795531, ""R3"": 0.001778925, ""R2"": 0.0274327, ""R4"": 0.05360909, ""Rg"": 0.02617639}",True
wheatstone_bridge,wheatstone_bridge__partial_open_12,partial_open,Rg,"{""R1"": 101.328846, ""R3"": 196.346016, ""R2"": 148.814591, ""R4"": 305.410026, ""Rg"": 2214.639817}","{""R1"": 100, ""R3"": 200, ""R2"": 150, ""R4"": 300, ""Rg"": 50}","{""mid1"": 13.19915, ""mid2"": 13.4368, ""pos"": 20.0}","{""R1"": 0.06711662, ""R3"": 0.06722393, ""R2"": 0.04410323, ""R4"": 0.04399592, ""Rg"": -0.000107307}",True
wheatstone_bridge,wheatstone_bridge__partial_open_13,partial_open,Rg,"{""R1"": 98.962071, ""R3"": 197.543314, ""R2"": 148.408294, ""R4"": 298.013263, ""Rg"": 2001.577204}","{""R1"": 100, ""R3"": 200, ""R2"": 150, ""R4"": 300, ""Rg"": 50}","{""mid1"": 13.32558, ""mid2"": 13.35, ""pos"": 20.0}","{""R1"": 0.06744427, ""R3"": 0.06745647, ""R2"": 0.04480885, ""R4"": 0.04479665, ""Rg"": -1.22004e-05}",True
wheatstone_bridge,wheatstone_bridge__partial_open_14,partial_open,Rg,"{""R1"": 100.936031, ""R3"": 200.81385, ""R2"": 150.918785, ""R4"": 298.628479, ""Rg"": 1201.97745}","{""R1"": 100, ""R3"": 200, ""R2"": 150, ""R4"": 300, ""Rg"": 50}","{""mid1"": 13.30877, ""mid2"": 13.28752, ""pos"": 20.0}","{""R1"": 0.06629183, ""R3"": 0.06627415, ""R2"": 0.04447746, ""R4"": 0.04449514, ""Rg"": 1.767961e-05}",True
wheatstone_bridge,wheatstone_bridge__partial_open_15,partial_open,R2,"{""R1"": 101.827511, ""R3"": 197.835739, ""R2"": 6980.699416, ""R4"": 294.624049, ""Rg"": 49.140608}","{""R1"": 100, ""R3"": 200, ""R2"": 150, ""R4"": 300, ""Rg"": 50}","{""mid1"": 11.11598, ""mid2"": 9.589773, ""pos"": 20.0}","{""R1"": 0.08724581, ""R3"": 0.05618791, ""R2"": 0.001491287, ""R4"": 0.03254918, ""Rg"": 0.0310579}",True
wheatstone_bridge,wheatstone_bridge__partial_open_16,partial_open,R4,"{""R1"": 100.555972, ""R3"": 203.395999, ""R2"": 152.769094, ""R4"": 8711.798497, ""Rg"": 49.087199}","{""R1"": 100, ""R3"": 200, ""R2"": 150, ""R4"": 300, ""Rg"": 50}","{""mid1"": 14.96696, ""mid2"": 16.12214, ""pos"": 20.0}","{""R1"": 0.05005212, ""R3"": 0.07358532, ""R2"": 0.02538381, ""R4"": 0.00185061, ""Rg"": -0.0235332}",True
wheatstone_bridge,wheatstone_bridge__partial_open_17,partial_open,Rg,"{""R1"": 100.379598, ""R3"": 196.132851, ""R2"": 148.12206, ""R4"": 297.062547, ""Rg"": 595.336268}","{""R1"": 100, ""R3"": 200, ""R2"": 150, ""R4"": 300, ""Rg"": 50}","{""mid1"": 13.23947, ""mid2"": 13.33048, ""pos"": 20.0}","{""R1"": 0.06734967, ""R3"": 0.06750255, ""R2"": 0.04502719, ""R4"": 0.04487432, ""Rg"": -0.000152875}",True
wheatstone_bridge,wheatstone_bridge__partial_open_18,partial_open,Rg,"{""R1"": 98.594653, ""R3"": 201.482356, ""R2"": 148.239, ""R4"": 304.61631, ""Rg"": 1892.605339}","{""R1"": 100, ""R3"": 200, ""R2"": 150, ""R4"": 300, ""Rg"": 50}","{""mid1"": 13.4295, ""mid2"": 13.45196, ""pos"": 20.0}","{""R1"": 0.06664159, ""R3"": 0.06665346, ""R2"": 0.0441722, ""R4"": 0.04416033, ""Rg"": -1.18681e-05}",True
wheatstone_bridge,wheatstone_bridge__partial_open_19,partial_open,R4,"{""R1"": 100.585474, ""R3"": 203.404581, ""R2"": 147.808089, ""R4"": 11682.629332, ""Rg"": 50.687398}","{""R1"": 100, ""R3"": 200, ""R2"": 150, ""R4"": 300, ""Rg"": 50}","{""mid1"": 15.006, ""mid2"": 16.22883, ""pos"": 20.0}","{""R1"": 0.04964931, ""R3"": 0.07377415, ""R2"": 0.02551399, ""R4"": 0.001389142, ""Rg"": -0.0241248}",True
wheatstone_bridge,wheatstone_bridge__partial_open_20,partial_open,R3,"{""R1"": 101.047578, ""R3"": 2912.326286, ""R2"": 150.320799, ""R4"": 298.180731, ""Rg"": 50.941037}","{""R1"": 100, ""R3"": 200, ""R2"": 150, ""R4"": 300, ""Rg"": 50}","{""mid1"": 16.95894, ""mid2"": 15.72249, ""pos"": 20.0}","{""R1"": 0.03009533, ""R3"": 0.005823159, ""R2"": 0.02845588, ""R4"": 0.05272805, ""Rg"": 0.02427218}",True
wheatstone_bridge,wheatstone_bridge__wrong_component_type_1,wrong_component_type,R3,"{""R1"": 99.600874, ""R3"": 6.62e-06, ""R2"": 148.56094, ""R4"": 294.84125, ""Rg"": 49.654811}","{""R1"": 100, ""R3"": 200, ""R2"": 150, ""R4"": 300, ""Rg"": 50}","{""mid1"": 17.30924, ""mid2"": 15.96779, ""pos"": 20.0}","{""R1"": 0.02701545, ""R2"": 0.02714179, ""R4"": 0.05415725, ""Rg"": 0.02701545}",True
wheatstone_bridge,wheatstone_bridge__wrong_component_type_2,wrong_component_type,R4,"{""R1"": 101.448264, ""R3"": 198.9419, ""R2"": 147.256924, ""R4"": 7.11e-06, ""Rg"": 50.816543}","{""R1"": 100, ""R3"": 200, ""R2"": 150, ""R4"": 300, ""Rg"": 50}","{""mid1"": 14.95638, ""mid2"": 16.25034, ""pos"": 20.0}","{""R1"": 0.04971622, ""R3"": 0.07517962, ""R2"": 0.0254634, ""Rg"": -0.0254634}",True
wheatstone_bridge,wheatstone_bridge__wrong_component_type_3,wrong_component_type,Rg,"{""R1"": 98.880426, ""R3"": 198.294276, ""R2"": 147.914518, ""R4"": 304.126076, ""Rg"": 3.4e-06}","{""R1"": 100, ""R3"": 200, ""R2"": 150, ""R4"": 300, ""Rg"": 50}","{""mid1"": 13.3453, ""mid2"": 13.4557, ""pos"": 20.0}","{""R1"": 0.06730048, ""R3"": 0.06730048, ""R2"": 0.04424381, ""R4"": 0.04424381}",True
wheatstone_bridge,wheatstone_bridge__wrong_component_type_4,wrong_component_type,Rg,"{""R1"": 99.539898, ""R3"": 203.648602, ""R2"": 149.41622, ""R4"": 300.514839, ""Rg"": 5.07e-06}","{""R1"": 100, ""R3"": 200, ""R2"": 150, ""R4"": 300, ""Rg"": 50}","{""mid1"": 13.43379, ""mid2"": 13.35826, ""pos"": 20.0}","{""R1"": 0.06596556, ""R3"": 0.06596556, ""R2"": 0.04445125, ""R4"": 0.04445125}",True
wheatstone_bridge,wheatstone_bridge__wrong_component_type_5,wrong_component_type,R2,"{""R1"": 98.129696, ""R3"": 196.130283, ""R2"": 9.87e-06, ""R4"": 296.58311, ""Rg"": 50.309818}","{""R1"": 100, ""R3"": 200, ""R2"": 150, ""R4"": 300, ""Rg"": 50}","{""mid1"": 11.21572, ""mid2"": 9.589109, ""pos"": 20.0}","{""R1"": 0.08951701, ""R3"": 0.05718507, ""R4"": 0.03233194, ""Rg"": 0.03233194}",True
wheatstone_bridge,wheatstone_bridge__wrong_component_type_6,wrong_component_type,R4,"{""R1"": 100.521201, ""R3"": 196.693396, ""R2"": 151.176706, ""R4"": 9.2e-06, ""Rg"": 49.984823}","{""R1"": 100, ""R3"": 200, ""R2"": 150, ""R4"": 300, ""Rg"": 50}","{""mid1"": 14.91679, ""mid2"": 16.17987, ""pos"": 20.0}","{""R1"": 0.05056851, ""R3"": 0.07583779, ""R2"": 0.02526928, ""Rg"": -0.0252693}",True
wheatstone_bridge,wheatstone_bridge__wrong_component_type_7,wrong_component_type,R4,"{""R1"": 99.010959, ""R3"": 197.753358, ""R2"": 147.692653, ""R4"": 7.39e-06, ""Rg"": 49.875562}","{""R1"": 100, ""R3"": 200, ""R2"": 150, ""R4"": 300, ""Rg"": 50}","{""mid1"": 14.99778, ""mid2"": 16.26058, ""pos"": 20.0}","{""R1"": 0.05052188, ""R3"": 0.07584084, ""R2"": 0.02531895, ""Rg"": -0.025319}",True
wheatstone_bridge,wheatstone_bridge__wrong_component_type_8,wrong_component_type,R2,"{""R1"": 98.530195, ""R3"": 201.639222, ""R2"": 8.18e-06, ""R4"": 304.770142, ""Rg"": 49.726238}","{""R1"": 100, ""R3"": 200, ""R2"": 150, ""R4"": 300, ""Rg"": 50}","{""mid1"": 11.32125, ""mid2"": 9.733181, ""pos"": 20.0}","{""R1"": 0.08808218, ""R3"": 0.05614605, ""R4"": 0.03193614, ""Rg"": 0.03193614}",True
wheatstone_bridge,wheatstone_bridge__wrong_component_type_9,wrong_component_type,R2,"{""R1"": 98.223596, ""R3"": 200.936864, ""R2"": 4.62e-06, ""R4"": 295.529894, ""Rg"": 50.847879}","{""R1"": 100, ""R3"": 200, ""R2"": 150, ""R4"": 300, ""Rg"": 50}","{""mid1"": 11.28412, ""mid2"": 9.627626, ""pos"": 20.0}","{""R1"": 0.08873506, ""R3"": 0.05615756, ""R4"": 0.0325775, ""Rg"": 0.0325775}",True
wheatstone_bridge,wheatstone_bridge__wrong_component_type_10,wrong_component_type,R3,"{""R1"": 99.015677, ""R3"": 4.81e-06, ""R2"": 151.428419, ""R4"": 302.060279, ""Rg"": 49.854361}","{""R1"": 100, ""R3"": 200, ""R2"": 150, ""R4"": 300, ""Rg"": 50}","{""mid1"": 17.35212, ""mid2"": 16.01892, ""pos"": 20.0}","{""R1"": 0.026742, ""R2"": 0.02629019, ""R4"": 0.05303219, ""Rg"": 0.026742}",True
wheatstone_bridge,wheatstone_bridge__wrong_component_type_11,wrong_component_type,R3,"{""R1"": 100.546092, ""R3"": 8.36e-06, ""R2"": 147.811885, ""R4"": 305.063724, ""Rg"": 49.645434}","{""R1"": 100, ""R3"": 200, ""R2"": 150, ""R4"": 300, ""Rg"": 50}","{""mid1"": 17.37213, ""mid2"": 16.07461, ""pos"": 20.0}","{""R1"": 0.02613593, ""R2"": 0.02655669, ""R4"": 0.05269262, ""Rg"": 0.02613593}",True
wheatstone_bridge,wheatstone_bridge__wrong_component_type_12,wrong_component_type,R1,"{""R1"": 9.39e-06, ""R3"": 203.724519, ""R2"": 148.02061, ""R4"": 302.279294, ""Rg"": 49.829114}","{""R1"": 100, ""R3"": 200, ""R2"": 150, ""R4"": 300, ""Rg"": 50}","{""mid1"": 7.750087, ""mid2"": 9.645686, ""pos"": 20.0}","{""R3"": 0.03804199, ""R2"": 0.06995184, ""R4"": 0.03190985, ""Rg"": -0.038042}",True
wheatstone_bridge,wheatstone_bridge__wrong_component_type_13,wrong_component_type,R4,"{""R1"": 100.719554, ""R3"": 196.737966, ""R2"": 148.97224, ""R4"": 9.63e-06, ""Rg"": 49.85438}","{""R1"": 100, ""R3"": 200, ""R2"": 150, ""R4"": 300, ""Rg"": 50}","{""mid1"": 14.92749, ""mid2"": 16.19938, ""pos"": 20.0}","{""R1"": 0.05036273, ""R3"": 0.07587497, ""R2"": 0.02551224, ""Rg"": -0.0255122}",True
wheatstone_bridge,wheatstone_bridge__wrong_component_type_14,wrong_component_type,R2,"{""R1"": 99.158915, ""R3"": 203.714428, ""R2"": 9.51e-06, ""R4"": 295.754277, ""Rg"": 49.514036}","{""R1"": 100, ""R3"": 200, ""R2"": 150, ""R4"": 300, ""Rg"": 50}","{""mid1"": 11.27429, ""mid2"": 9.65747, ""pos"": 20.0}","{""R1"": 0.08799727, ""R3"": 0.05534358, ""R4"": 0.03265369, ""Rg"": 0.03265369}",True
wheatstone_bridge,wheatstone_bridge__wrong_component_type_15,wrong_component_type,R3,"{""R1"": 101.586628, ""R3"": 5.09e-06, ""R2"": 150.671682, ""R4"": 301.203894, ""Rg"": 49.714203}","{""R1"": 100, ""R3"": 200, ""R2"": 150, ""R4"": 300, ""Rg"": 50}","{""mid1"": 17.30884, ""mid2"": 15.99185, ""pos"": 20.0}","{""R1"": 0.02649125, ""R2"": 0.02660187, ""R4"": 0.05309311, ""Rg"": 0.02649125}",True
wheatstone_bridge,wheatstone_bridge__wrong_component_type_16,wrong_component_type,R1,"{""R1"": 5.03e-06, ""R3"": 202.724026, ""R2"": 148.194127, ""R4"": 297.366478, ""Rg"": 50.006667}","{""R1"": 100, ""R3"": 200, ""R2"": 150, ""R4"": 300, ""Rg"": 50}","{""mid1"": 7.695344, ""mid2"": 9.593583, ""pos"": 20.0}","{""R3"": 0.03795971, ""R2"": 0.07022152, ""R4"": 0.03226182, ""Rg"": -0.0379597}",True
wheatstone_bridge,wheatstone_bridge__wrong_component_type_17,wrong_component_type,R1,"{""R1"": 2.79e-06, ""R3"": 200.922379, ""R2"": 150.667474, ""R4"": 297.040253, ""Rg"": 50.704171}","{""R1"": 100, ""R3"": 200, ""R2"": 150, ""R4"": 300, ""Rg"": 50}","{""mid1"": 7.58303, ""mid2"": 9.496661, ""pos"": 20.0}","{""R3"": 0.03774109, ""R2"": 0.06971205, ""R4"": 0.03197096, ""Rg"": -0.0377411}",True
wheatstone_bridge,wheatstone_bridge__wrong_component_type_18,wrong_component_type,R1,"{""R1"": 7.96e-06, ""R3"": 200.439536, ""R2"": 151.043403, ""R4"": 297.657672, ""Rg"": 49.091626}","{""R1"": 100, ""R3"": 200, ""R2"": 150, ""R4"": 300, ""Rg"": 50}","{""mid1"": 7.603976, ""mid2"": 9.466341, ""pos"": 20.0}","{""R3"": 0.03793651, ""R2"": 0.06973929, ""R4"": 0.03180278, ""Rg"": -0.0379365}",True
wheatstone_bridge,wheatstone_bridge__wrong_component_type_19,wrong_component_type,R4,"{""R1"": 100.938695, ""R3"": 196.82448, ""R2"": 149.970563, ""R4"": 8.82e-06, ""Rg"": 49.640837}","{""R1"": 100, ""R3"": 200, ""R2"": 150, ""R4"": 300, ""Rg"": 50}","{""mid1"": 14.91867, ""mid2"": 16.18233, ""pos"": 20.0}","{""R1"": 0.05034073, ""R3"": 0.07579683, ""R2"": 0.0254561, ""Rg"": -0.0254561}",True
wheatstone_bridge,wheatstone_bridge__wrong_component_type_20,wrong_component_type,R1,"{""R1"": 9.75e-06, ""R3"": 201.993448, ""R2"": 152.530294, ""R4"": 297.635044, ""Rg"": 50.840529}","{""R1"": 100, ""R3"": 200, ""R2"": 150, ""R4"": 300, ""Rg"": 50}","{""mid1"": 7.552072, ""mid2"": 9.452883, ""pos"": 20.0}","{""R3"": 0.03738771, ""R2"": 0.06914769, ""R4"": 0.03175998, ""Rg"": -0.0373877}",True
wheatstone_bridge,wheatstone_bridge__multi_fault_1,multi_fault,R1:partial_open;R4:partial_short,"{""R1"": 2632.307705, ""R3"": 199.06878, ""R2"": 148.700396, ""R4"": 35.720324, ""Rg"": 49.672085}","{""R1"": 100, ""R3"": 200, ""R2"": 150, ""R4"": 300, ""Rg"": 50}","{""mid1"": 3.139025, ""mid2"": 3.604112, ""pos"": 20.0}","{""R1"": 0.006405397, ""R3"": 0.01576854, ""R2"": 0.1102612, ""R4"": 0.1008981, ""Rg"": -0.00936315}",True
wheatstone_bridge,wheatstone_bridge__multi_fault_2,multi_fault,Rg:partial_short;R2:partial_open,"{""R1"": 98.924155, ""R3"": 198.029693, ""R2"": 7459.039414, ""R4"": 300.134719, ""Rg"": 1.614956}","{""R1"": 100, ""R3"": 200, ""R2"": 150, ""R4"": 300, ""Rg"": 50}","{""mid1"": 11.00996, ""mid2"": 10.95298, ""pos"": 20.0}","{""R1"": 0.09087815, ""R3"": 0.0555975, ""R2"": 0.001212894, ""R4"": 0.03649354, ""Rg"": 0.03528065}",True
wheatstone_bridge,wheatstone_bridge__multi_fault_3,multi_fault,R1:partial_open;Rg:partial_short,"{""R1"": 1833.035789, ""R3"": 198.179193, ""R2"": 151.848838, ""R4"": 298.893191, ""Rg"": 1.88497}","{""R1"": 100, ""R3"": 200, ""R2"": 150, ""R4"": 300, ""Rg"": 50}","{""mid1"": 9.139442, ""mid2"": 9.215203, ""pos"": 20.0}","{""R1"": 0.005924903, ""R3"": 0.04611706, ""R2"": 0.07102325, ""R4"": 0.03083109, ""Rg"": -0.0401922}",True
wheatstone_bridge,wheatstone_bridge__multi_fault_4,multi_fault,R1:partial_short;R2:partial_open,"{""R1"": 4.64977, ""R3"": 201.463203, ""R2"": 3437.093782, ""R4"": 296.324935, ""Rg"": 49.298574}","{""R1"": 100, ""R3"": 200, ""R2"": 150, ""R4"": 300, ""Rg"": 50}","{""mid1"": 19.29891, ""mid2"": 16.58813, ""pos"": 20.0}","{""R1"": 0.1507806, ""R3"": 0.0957937, ""R2"": 0.0009926611, ""R4"": 0.05597953, ""Rg"": 0.05498687}",True
wheatstone_bridge,wheatstone_bridge__multi_fault_5,multi_fault,R4:partial_short;R3:partial_open,"{""R1"": 99.340503, ""R3"": 9723.018566, ""R2"": 152.70221, ""R4"": 40.307238, ""Rg"": 49.278311}","{""R1"": 100, ""R3"": 200, ""R2"": 150, ""R4"": 300, ""Rg"": 50}","{""mid1"": 11.24022, ""mid2"": 6.951855, ""pos"": 20.0}","{""R1"": 0.08817937, ""R3"": 0.001156042, ""R2"": 0.0854483, ""R4"": 0.1724716, ""Rg"": 0.08702332}",True
wheatstone_bridge,wheatstone_bridge__multi_fault_6,multi_fault,Rg:partial_short;R2:partial_open,"{""R1"": 101.367246, ""R3"": 199.953687, ""R2"": 2189.094314, ""R4"": 295.74422, ""Rg"": 3.445918}","{""R1"": 100, ""R3"": 200, ""R2"": 150, ""R4"": 300, ""Rg"": 50}","{""mid1"": 11.06016, ""mid2"": 10.94686, ""pos"": 20.0}","{""R1"": 0.08819263, ""R3"": 0.05531359, ""R2"": 0.004135565, ""R4"": 0.03701461, ""Rg"": 0.03287905}",True
wheatstone_bridge,wheatstone_bridge__multi_fault_7,multi_fault,R2:partial_open;Rg:partial_short,"{""R1"": 101.884822, ""R3"": 202.668687, ""R2"": 3871.022157, ""R4"": 298.867265, ""Rg"": 3.389957}","{""R1"": 100, ""R3"": 200, ""R2"": 150, ""R4"": 300, ""Rg"": 50}","{""mid1"": 10.99972, ""mid2"": 10.88424, ""pos"": 20.0}","{""R1"": 0.08833782, ""R3"": 0.05427438, ""R2"": 0.002354871, ""R4"": 0.03641832, ""Rg"": 0.03406345}",True
wheatstone_bridge,wheatstone_bridge__multi_fault_8,multi_fault,R2:partial_short;R3:partial_open,"{""R1"": 100.954075, ""R3"": 2513.064267, ""R2"": 10.080752, ""R4"": 294.116538, ""Rg"": 49.498379}","{""R1"": 100, ""R3"": 200, ""R2"": 150, ""R4"": 300, ""Rg"": 50}","{""mid1"": 19.29567, ""mid2"": 19.33039, ""pos"": 20.0}","{""R1"": 0.00697675, ""R3"": 0.007678144, ""R2"": 0.06642496, ""R4"": 0.06572356, ""Rg"": -0.000701394}",True
wheatstone_bridge,wheatstone_bridge__multi_fault_9,multi_fault,R4:partial_short;Rg:partial_open,"{""R1"": 98.390813, ""R3"": 202.654705, ""R2"": 149.553493, ""R4"": 43.738578, ""Rg"": 1479.728934}","{""R1"": 100, ""R3"": 200, ""R2"": 150, ""R4"": 300, ""Rg"": 50}","{""mid1"": 13.08868, ""mid2"": 4.717104, ""pos"": 20.0}","{""R1"": 0.0702436, ""R3"": 0.06458609, ""R2"": 0.1021902, ""R4"": 0.1078477, ""Rg"": 0.005657504}",True
wheatstone_bridge,wheatstone_bridge__multi_fault_10,multi_fault,Rg:partial_open;R2:partial_short,"{""R1"": 101.329463, ""R3"": 198.698709, ""R2"": 13.947974, ""R4"": 295.006625, ""Rg"": 1673.517567}","{""R1"": 100, ""R3"": 200, ""R2"": 150, ""R4"": 300, ""Rg"": 50}","{""mid1"": 13.46923, ""mid2"": 19.05265, ""pos"": 20.0}","{""R1"": 0.06445086, ""R3"": 0.0677872, ""R2"": 0.06792015, ""R4"": 0.06458381, ""Rg"": -0.00333634}",True
wheatstone_bridge,wheatstone_bridge__multi_fault_11,multi_fault,R4:partial_open;R1:partial_short,"{""R1"": 7.685058, ""R3"": 201.561582, ""R2"": 148.644145, ""R4"": 6221.012137, ""Rg"": 49.814564}","{""R1"": 100, ""R3"": 200, ""R2"": 150, ""R4"": 300, ""Rg"": 50}","{""mid1"": 19.27525, ""mid2"": 19.34117, ""pos"": 20.0}","{""R1"": 0.09430632, ""R3"": 0.09562959, ""R2"": 0.004432274, ""R4"": 0.003109007, ""Rg"": -0.00132327}",True
wheatstone_bridge,wheatstone_bridge__multi_fault_12,multi_fault,Rg:partial_short;R1:partial_open,"{""R1"": 4035.810629, ""R3"": 202.938532, ""R2"": 151.667401, ""R4"": 298.391012, ""Rg"": 6.860724}","{""R1"": 100, ""R3"": 200, ""R2"": 150, ""R4"": 300, ""Rg"": 50}","{""mid1"": 8.864457, ""mid2"": 9.145207, ""pos"": 20.0}","{""R1"": 0.002759184, ""R3"": 0.0436805, ""R2"": 0.07156972, ""R4"": 0.0306484, ""Rg"": -0.0409213}",True
wheatstone_bridge,wheatstone_bridge__multi_fault_13,multi_fault,R4:partial_open;R1:partial_short,"{""R1"": 1.110963, ""R3"": 200.595387, ""R2"": 151.643891, ""R4"": 9418.407462, ""Rg"": 50.151205}","{""R1"": 100, ""R3"": 200, ""R2"": 150, ""R4"": 300, ""Rg"": 50}","{""mid1"": 19.8887, ""mid2"": 19.83699, ""pos"": 20.0}","{""R1"": 0.1001796, ""R3"": 0.09914836, ""R2"": 0.001074971, ""R4"": 0.002106193, ""Rg"": 0.001031222}",True
wheatstone_bridge,wheatstone_bridge__multi_fault_14,multi_fault,R3:partial_short;R2:partial_open,"{""R1"": 98.234181, ""R3"": 16.426522, ""R2"": 3216.365175, ""R4"": 295.374308, ""Rg"": 49.05331}","{""R1"": 100, ""R3"": 200, ""R2"": 150, ""R4"": 300, ""Rg"": 50}","{""mid1"": 2.815341, ""mid2"": 2.641416, ""pos"": 20.0}","{""R1"": 0.1749356, ""R3"": 0.17139, ""R2"": 0.005396957, ""R4"": 0.008942605, ""Rg"": 0.003545648}",True
wheatstone_bridge,wheatstone_bridge__multi_fault_15,multi_fault,R1:partial_open;R4:partial_short,"{""R1"": 3779.286105, ""R3"": 202.677758, ""R2"": 149.519374, ""R4"": 34.079105, ""Rg"": 49.452278}","{""R1"": 100, ""R3"": 200, ""R2"": 150, ""R4"": 300, ""Rg"": 50}","{""mid1"": 2.940667, ""mid2"": 3.434951, ""pos"": 20.0}","{""R1"": 0.004513904, ""R3"": 0.01450908, ""R2"": 0.1107886, ""R4"": 0.1007935, ""Rg"": -0.00999517}",True
wheatstone_bridge,wheatstone_bridge__multi_fault_16,multi_fault,R2:partial_short;R3:partial_open,"{""R1"": 99.455794, ""R3"": 7784.076923, ""R2"": 3.242783, ""R4"": 297.461696, ""Rg"": 50.751288}","{""R1"": 100, ""R3"": 200, ""R2"": 150, ""R4"": 300, ""Rg"": 50}","{""mid1"": 19.77133, ""mid2"": 19.78355, ""pos"": 20.0}","{""R1"": 0.002299214, ""R3"": 0.002539971, ""R2"": 0.06674864, ""R4"": 0.06650789, ""Rg"": -0.000240757}",True
wheatstone_bridge,wheatstone_bridge__multi_fault_17,multi_fault,R2:partial_open;R1:partial_short,"{""R1"": 13.40599, ""R3"": 199.082715, ""R2"": 2297.83573, ""R4"": 303.877767, ""Rg"": 49.724947}","{""R1"": 100, ""R3"": 200, ""R2"": 150, ""R4"": 300, ""Rg"": 50}","{""mid1"": 18.11517, ""mid2"": 15.64867, ""pos"": 20.0}","{""R1"": 0.1405961, ""R3"": 0.09099318, ""R2"": 0.001893666, ""R4"": 0.05149659, ""Rg"": 0.04960292}",True
wheatstone_bridge,wheatstone_bridge__multi_fault_18,multi_fault,R4:partial_open;Rg:partial_short,"{""R1"": 100.25403, ""R3"": 202.351525, ""R2"": 150.661701, ""R4"": 8802.887046, ""Rg"": 4.384977}","{""R1"": 100, ""R3"": 200, ""R2"": 150, ""R4"": 300, ""Rg"": 50}","{""mid1"": 15.29444, ""mid2"": 15.42006, ""pos"": 20.0}","{""R1"": 0.04693637, ""R3"": 0.07558352, ""R2"": 0.03039885, ""R4"": 0.001751705, ""Rg"": -0.0286471}",True
wheatstone_bridge,wheatstone_bridge__multi_fault_19,multi_fault,Rg:partial_short;R1:partial_open,"{""R1"": 1669.580296, ""R3"": 202.038135, ""R2"": 149.398513, ""R4"": 302.890972, ""Rg"": 7.132365}","{""R1"": 100, ""R3"": 200, ""R2"": 150, ""R4"": 300, ""Rg"": 50}","{""mid1"": 9.203991, ""mid2"": 9.482791, ""pos"": 20.0}","{""R1"": 0.006466301, ""R3"": 0.04555571, ""R2"": 0.07039701, ""R4"": 0.0313076, ""Rg"": -0.0390894}",True
wheatstone_bridge,wheatstone_bridge__multi_fault_20,multi_fault,R1:partial_short;R3:partial_open,"{""R1"": 13.346034, ""R3"": 7397.507213, ""R2"": 149.131697, ""R4"": 303.343614, ""Rg"": 50.190479}","{""R1"": 100, ""R3"": 200, ""R2"": 150, ""R4"": 300, ""Rg"": 50}","{""mid1"": 19.42979, ""mid2"": 17.41722, ""pos"": 20.0}","{""R1"": 0.04272518, ""R3"": 0.002626532, ""R2"": 0.0173188, ""R4"": 0.05741745, ""Rg"": 0.04009865}",True
r_ladder_circuit,r_ladder_circuit__normal_1,normal,,"{""R1"": 9.916694, ""R2"": 19.887721, ""R3"": 9.931231, ""R4"": 19.793524, ""R5"": 10.174787, ""R6"": 20.050193}","{""R1"": 10, ""R2"": 20, ""R3"": 10, ""R4"": 20, ""R5"": 10, ""R6"": 20}","{""in"": 24.0, ""n1"": 12.2975, ""n2"": 6.718774, ""n3"": 4.456999}","{""R1"": 1.180081, ""R2"": 0.6183461, ""R3"": 0.5617351, ""R4"": 0.339443, ""R5"": 0.2222921, ""R6"": 0.2222921}",True
r_ladder_circuit,r_ladder_circuit__normal_2,normal,,"{""R1"": 9.828066, ""R2"": 20.364898, ""R3"": 9.899836, ""R4"": 20.202638, ""R5"": 9.832411, ""R6"": 20.235344}","{""R1"": 10, ""R2"": 20, ""R3"": 10, ""R4"": 20, ""R5"": 10, ""R6"": 20}","{""in"": 24.0, ""n1"": 12.43739, ""n2"": 6.836445, ""n3"": 4.600869}","{""R1"": 1.176489, ""R2"": 0.610727, ""R3"": 0.5657616, ""R4"": 0.3383937, ""R5"": 0.227368, ""R6"": 0.227368}",True
r_ladder_circuit,r_ladder_circuit__normal_3,normal,,"{""R1"": 10.125376, ""R2"": 20.382502, ""R3"": 9.945066, ""R4"": 19.663701, ""R5"": 9.800271, ""R6"": 19.642173}","{""R1"": 10, ""R2"": 20, ""R3"": 10, ""R4"": 20, ""R5"": 10, ""R6"": 20}","{""in"": 24.0, ""n1"": 12.2285, ""n2"": 6.63317, ""n3"": 4.42524}","{""R1"": 1.162574, ""R2"": 0.5999508, ""R3"": 0.5626235, ""R4"": 0.3373307, ""R5"": 0.2252928, ""R6"": 0.2252928}",True
r_ladder_circuit,r_ladder_circuit__normal_4,normal,,"{""R1"": 9.956596, ""R2"": 19.91774, ""R3"": 10.040193, ""R4"": 20.19121, ""R5"": 10.100334, ""R6"": 20.183745}","{""R1"": 10, ""R2"": 20, ""R3"": 10, ""R4"": 20, ""R5"": 10, ""R6"": 20}","{""in"": 24.0, ""n1"": 12.3121, ""n2"": 6.732375, ""n3"": 4.486996}","{""R1"": 1.173886, ""R2"": 0.6181472, ""R3"": 0.5557384, ""R4"": 0.333431, ""R5"": 0.2223074, ""R6"": 0.2223074}",True
r_ladder_circuit,r_ladder_circuit__normal_5,normal,,"{""R1"": 9.988574, ""R2"": 19.73694, ""R3"": 10.122813, ""R4"": 20.195894, ""R5"": 9.903082, ""R6"": 20.093082}","{""R1"": 10, ""R2"": 20, ""R3"": 10, ""R4"": 20, ""R5"": 10, ""R6"": 20}","{""in"": 24.0, ""n1"": 12.26885, ""n2"": 6.67256, ""n3"": 4.469648}","{""R1"": 1.174457, ""R2"": 0.6216184, ""R3"": 0.552839, ""R4"": 0.3303919, ""R5"": 0.2224471, ""R6"": 0.2224471}",True
r_ladder_circuit,r_ladder_circuit__normal_6,normal,,"{""R1"": 9.823453, ""R2"": 20.084806, ""R3"": 9.983245, ""R4"": 19.738265, ""R5"": 10.123658, ""R6"": 19.775639}","{""R1"": 10, ""R2"": 20, ""R3"": 10, ""R4"": 20, ""R5"": 10, ""R6"": 20}","{""in"": 24.0, ""n1"": 12.3825, ""n2"": 6.730801, ""n3"": 4.451807}","{""R1"": 1.182629, ""R2"": 0.6165107, ""R3"": 0.5661183, ""R4"": 0.3410027, ""R5"": 0.2251157, ""R6"": 0.2251157}",True
r_ladder_circuit,r_ladder_circuit__normal_7,normal,,"{""R1"": 10.142513, ""R2"": 19.607997, ""R3"": 10.194892, ""R4"": 19.976893, ""R5"": 9.957547, ""R6"": 20.038367}","{""R1"": 10, ""R2"": 20, ""R3"": 10, ""R4"": 20, ""R5"": 10, ""R6"": 20}","{""in"": 24.0, ""n1"": 12.15544, ""n2"": 6.569763, ""n3"": 4.388842}","{""R1"": 1.167813, ""R2"": 0.6199227, ""R3"": 0.5478901, ""R4"": 0.3288681, ""R5"": 0.2190219, ""R6"": 0.2190219}",True
r_ladder_circuit,r_ladder_circuit__normal_8,normal,,"{""R1"": 9.995713, ""R2"": 19.802179, ""R3"": 9.824995, ""R4"": 20.334602, ""R5"": 10.182232, ""R6"": 19.91472}","{""R1"": 10, ""R2"": 20, ""R3"": 10, ""R4"": 20, ""R5"": 10, ""R6"": 20}","{""in"": 24.0, ""n1"": 12.24523, ""n2"": 6.766772, ""n3"": 4.477476}","{""R1"": 1.175982, ""R2"": 0.6183777, ""R3"": 0.5576038, ""R4"": 0.3327713, ""R5"": 0.2248325, ""R6"": 0.2248325}",True
r_ladder_circuit,r_ladder_circuit__normal_9,normal,,"{""R1"": 10.171344, ""R2"": 20.278678, ""R3"": 10.090009, ""R4"": 20.092777, ""R5"": 9.949725, ""R6"": 19.657366}","{""R1"": 10, ""R2"": 20, ""R3"": 10, ""R4"": 20, ""R5"": 10, ""R6"": 20}","{""in"": 24.0, ""n1"": 12.22829, ""n2"": 6.635106, ""n3"": 4.40532}","{""R1"": 1.157341, ""R2"": 0.6030121, ""R3"": 0.5543287, ""R4"": 0.3302234, ""R5"": 0.2241053, ""R6"": 0.2241053}",True
r_ladder_circuit,r_ladder_circuit__normal_10,normal,,"{""R1"": 10.119415, ""R2"": 19.702356, ""R3"": 10.11653, ""R4"": 19.835466, ""R5"": 10.062121, ""R6"": 20.015605}","{""R1"": 10, ""R2"": 20, ""R3"": 10, ""R4"": 20, ""R5"": 10, ""R6"": 20}","{""in"": 24.0, ""n1"": 12.16951, ""n2"": 6.591053, ""n3"": 4.3861}","{""R1"": 1.169088, ""R2"": 0.6176679, ""R3"": 0.5514203, ""R4"": 0.3322862, ""R5"": 0.219134, ""R6"": 0.219134}",True
r_ladder_circuit,r_ladder_circuit__normal_11,normal,,"{""R1"": 10.048465, ""R2"": 20.198485, ""R3"": 9.918189, ""R4"": 20.352221, ""R5"": 9.916007, ""R6"": 19.75136}","{""R1"": 10, ""R2"": 20, ""R3"": 10, ""R4"": 20, ""R5"": 10, ""R6"": 20}","{""in"": 24.0, ""n1"": 12.27964, ""n2"": 6.74098, ""n3"": 4.487878}","{""R1"": 1.166383, ""R2"": 0.6079486, ""R3"": 0.5584346, ""R4"": 0.3312159, ""R5"": 0.2272187, ""R6"": 0.2272187}",True
r_ladder_circuit,r_ladder_circuit__normal_12,normal,,"{""R1"": 10.143434, ""R2"": 20.154164, ""R3"": 10.077454, ""R4"": 19.773262, ""R5"": 9.884752, ""R6"": 20.063069}","{""R1"": 10, ""R2"": 20, ""R3"": 10, ""R4"": 20, ""R5"": 10, ""R6"": 20}","{""in"": 24.0, ""n1"": 12.21607, ""n2"": 6.617047, ""n3"": 4.432986}","{""R1"": 1.16173, ""R2"": 0.6061312, ""R3"": 0.5555988, ""R4"": 0.3346462, ""R5"": 0.2209525, ""R6"": 0.2209525}",True
r_ladder_circuit,r_ladder_circuit__normal_13,normal,,"{""R1"": 9.829433, ""R2"": 20.310698, ""R3"": 10.031306, ""R4"": 19.918672, ""R5"": 9.968085, ""R6"": 20.265591}","{""R1"": 10, ""R2"": 20, ""R3"": 10, ""R4"": 20, ""R5"": 10, ""R6"": 20}","{""in"": 24.0, ""n1"": 12.43552, ""n2"": 6.775354, ""n3"": 4.54151}","{""R1"": 1.176515, ""R2"": 0.6122647, ""R3"": 0.5642505, ""R4"": 0.3401509, ""R5"": 0.2240996, ""R6"": 0.2240996}",True
r_ladder_circuit,r_ladder_circuit__normal_14,normal,,"{""R1"": 10.017382, ""R2"": 19.72564, ""R3"": 9.932339, ""R4"": 19.767689, ""R5"": 9.910155, ""R6"": 20.107214}","{""R1"": 10, ""R2"": 20, ""R3"": 10, ""R4"": 20, ""R5"": 10, ""R6"": 20}","{""in"": 24.0, ""n1"": 12.20582, ""n2"": 6.657698, ""n3"": 4.459677}","{""R1"": 1.177371, ""R2"": 0.6187795, ""R3"": 0.5585918, ""R4"": 0.336797, ""R5"": 0.2217949, ""R6"": 0.2217949}",True
r_ladder_circuit,r_ladder_circuit__normal_15,normal,,"{""R1"": 9.884785, ""R2"": 19.992567, ""R3"": 10.045157, ""R4"": 19.660885, ""R5"": 9.941791, ""R6"": 19.683697}","{""R1"": 10, ""R2"": 20, ""R3"": 10, ""R4"": 20, ""R5"": 10, ""R6"": 20}","{""in"": 24.0, ""n1"": 12.32954, ""n2"": 6.664643, ""n3"": 4.428106}","{""R1"": 1.180649, ""R2"": 0.6167061, ""R3"": 0.5639429, ""R4"": 0.3389798, ""R5"": 0.2249631, ""R6"": 0.2249631}",True
r_ladder_circuit,r_ladder_circuit__normal_16,normal,,"{""R1"": 10.006099, ""R2"": 19.680782, ""R3"": 10.066361, ""R4"": 19.666837, ""R5"": 9.961446, ""R6"": 19.636602}","{""R1"": 10, ""R2"": 20, ""R3"": 10, ""R4"": 20, ""R5"": 10, ""R6"": 20}","{""in"": 24.0, ""n1"": 12.20943, ""n2"": 6.592756, ""n3"": 4.373914}","{""R1"": 1.178338, ""R2"": 0.6203733, ""R3"": 0.5579649, ""R4"": 0.335222, ""R5"": 0.2227429, ""R6"": 0.2227429}",True
r_ladder_circuit,r_ladder_circuit__normal_17,normal,,"{""R1"": 9.984124, ""R2"": 20.210435, ""R3"": 10.188337, ""R4"": 19.633783, ""R5"": 9.811595, ""R6"": 19.818173}","{""R1"": 10, ""R2"": 20, ""R3"": 10, ""R4"": 20, ""R5"": 10, ""R6"": 20}","{""in"": 24.0, ""n1"": 12.32102, ""n2"": 6.614341, ""n3"": 4.42407}","{""R1"": 1.169755, ""R2"": 0.6096365, ""R3"": 0.5601187, ""R4"": 0.3368857, ""R5"": 0.223233, ""R6"": 0.223233}",True
r_ladder_circuit,r_ladder_circuit__normal_18,normal,,"{""R1"": 10.173847, ""R2"": 19.893154, ""R3"": 9.977123, ""R4"": 19.849511, ""R5"": 10.171939, ""R6"": 19.924}","{""R1"": 10, ""R2"": 20, ""R3"": 10, ""R4"": 20, ""R5"": 10, ""R6"": 20}","{""in"": 24.0, ""n1"": 12.15079, ""n2"": 6.624758, ""n3"": 4.385697}","{""R1"": 1.164673, ""R2"": 0.6108027, ""R3"": 0.5538705, ""R4"": 0.3337492, ""R5"": 0.2201213, ""R6"": 0.2201213}",True
r_ladder_circuit,r_ladder_circuit__normal_19,normal,,"{""R1"": 10.049476, ""R2"": 19.665188, ""R3"": 10.148582, ""R4"": 20.151592, ""R5"": 9.976587, ""R6"": 20.305523}","{""R1"": 10, ""R2"": 20, ""R3"": 10, ""R4"": 20, ""R5"": 10, ""R6"": 20}","{""in"": 24.0, ""n1"": 12.22789, ""n2"": 6.650125, ""n3"": 4.45921}","{""R1"": 1.171415, ""R2"": 0.6218041, ""R3"": 0.5496107, ""R4"": 0.330005, ""R5"": 0.2196057, ""R6"": 0.2196057}",True
r_ladder_circuit,r_ladder_circuit__normal_20,normal,,"{""R1"": 10.078711, ""R2"": 20.009751, ""R3"": 9.807358, ""R4"": 20.352887, ""R5"": 9.863919, ""R6"": 20.336698}","{""R1"": 10, ""R2"": 20, ""R3"": 10, ""R4"": 20, ""R5"": 10, ""R6"": 20}","{""in"": 24.0, ""n1"": 12.22918, ""n2"": 6.769146, ""n3"": 4.558254}","{""R1"": 1.167889, ""R2"": 0.611161, ""R3"": 0.5567283, ""R4"": 0.332589, ""R5"": 0.2241393, ""R6"": 0.2241393}",True
r_ladder_circuit,r_ladder_circuit__partial_short_1,partial_short,R1,"{""R1"": 1.278414, ""R2"": 19.808409, ""R3"": 10.100475, ""R4"": 19.930068, ""R5"": 9.945825, ""R6"": 20.026742}","{""R1"": 10, ""R2"": 20, ""R3"": 10, ""R4"": 20, ""R5"": 10, ""R6"": 20}","{""in"": 24.0, ""n1"": 21.38157, ""n2"": 11.59655, ""n3"": 7.748459}","{""R1"": 2.048187, ""R2"": 1.079419, ""R3"": 0.9687678, ""R4"": 0.5818622, ""R5"": 0.3869056, ""R6"": 0.3869056}",True
r_ladder_circuit,r_ladder_circuit__partial_short_2,partial_short,R2,"{""R1"": 9.885923, ""R2"": 1.954574, ""R3"": 10.055939, ""R4"": 19.87515, ""R5"": 10.044549, ""R6"": 20.019196}","{""R1"": 10, ""R2"": 20, ""R3"": 10, ""R4"": 20, ""R5"": 10, ""R6"": 20}","{""in"": 24.0, ""n1"": 3.688465, ""n2"": 2.004118, ""n3"": 1.334526}","{""R1"": 2.054592, ""R2"": 1.887094, ""R3"": 0.1674977, ""R4"": 0.1008354, ""R5"": 0.0666623, ""R6"": 0.0666623}",True
r_ladder_circuit,r_ladder_circuit__partial_short_3,partial_short,R4,"{""R1"": 10.107327, ""R2"": 20.121659, ""R3"": 10.032726, ""R4"": 1.206699, ""R5"": 10.188384, ""R6"": 20.208674}","{""R1"": 10, ""R2"": 20, ""R3"": 10, ""R4"": 20, ""R5"": 10, ""R6"": 20}","{""in"": 24.0, ""n1"": 9.97802, ""n2"": 1.034609, ""n3"": 0.6878319}","{""R1"": 1.387308, ""R2"": 0.4958846, ""R3"": 0.8914239, ""R4"": 0.8573874, ""R5"": 0.03403647, ""R6"": 0.03403647}",True
r_ladder_circuit,r_ladder_circuit__partial_short_4,partial_short,R4,"{""R1"": 9.892424, ""R2"": 19.63621, ""R3"": 10.109857, ""R4"": 1.74617, ""R5"": 9.947223, ""R6"": 19.914805}","{""R1"": 10, ""R2"": 20, ""R3"": 10, ""R4"": 20, ""R5"": 10, ""R6"": 20}","{""in"": 24.0, ""n1"": 10.2345, ""n2"": 1.43576, ""n3"": 0.9574994}","{""R1"": 1.391519, ""R2"": 0.5212057, ""R3"": 0.8703134, ""R4"": 0.8222336, ""R5"": 0.04807978, ""R6"": 0.04807978}",True
r_ladder_circuit,r_ladder_circuit__partial_short_5,partial_short,R3,"{""R1"": 10.132417, ""R2"": 20.131603, ""R3"": 0.578375, ""R4"": 20.154223, ""R5"": 10.071801, ""R6"": 20.149154}","{""R1"": 10, ""R2"": 20, ""R3"": 10, ""R4"": 20, ""R5"": 10, ""R6"": 20}","{""in"": 24.0, ""n1"": 10.42086, ""n2"": 9.945125, ""n3"": 6.630692}","{""R1"": 1.340168, ""R2"": 0.5176367, ""R3"": 0.8225316, ""R4"": 0.4934512, ""R5"": 0.3290804, ""R6"": 0.3290804}",True
r_ladder_circuit,r_ladder_circuit__partial_short_6,partial_short,R5,"{""R1"": 9.837038, ""R2"": 19.973557, ""R3"": 10.021952, ""R4"": 20.243295, ""R5"": 0.949186, ""R6"": 20.013092}","{""R1"": 10, ""R2"": 20, ""R3"": 10, ""R4"": 20, ""R5"": 10, ""R6"": 20}","{""in"": 24.0, ""n1"": 12.14204, ""n2"": 6.153569, ""n3"": 5.874931}","{""R1"": 1.205441, ""R2"": 0.6079055, ""R3"": 0.597535, ""R4"": 0.3039806, ""R5"": 0.2935544, ""R6"": 0.2935544}",True
r_ladder_circuit,r_ladder_circuit__partial_short_7,partial_short,R2,"{""R1"": 9.811684, ""R2"": 2.901169, ""R3"": 9.896208, ""R4"": 19.758011, ""R5"": 9.92467, ""R6"": 20.187032}","{""R1"": 10, ""R2"": 20, ""R3"": 10, ""R4"": 20, ""R5"": 10, ""R6"": 20}","{""in"": 24.0, ""n1"": 4.967389, ""n2"": 2.715132, ""n3"": 1.820237}","{""R1"": 1.93979, ""R2"": 1.712203, ""R3"": 0.2275879, ""R4"": 0.1374193, ""R5"": 0.09016865, ""R6"": 0.09016865}",True
r_ladder_circuit,r_ladder_circuit__partial_short_8,partial_short,R4,"{""R1"": 10.104372, ""R2"": 20.328724, ""R3"": 9.800382, ""R4"": 1.160898, ""R5"": 10.010505, ""R6"": 19.834336}","{""R1"": 10, ""R2"": 20, ""R3"": 10, ""R4"": 20, ""R5"": 10, ""R6"": 20}","{""in"": 24.0, ""n1"": 9.906945, ""n2"": 1.01397, ""n3"": 0.6738662}","{""R1"": 1.394748, ""R2"": 0.4873373, ""R3"": 0.907411, ""R4"": 0.8734363, ""R5"": 0.03397473, ""R6"": 0.03397473}",True
r_ladder_circuit,r_ladder_circuit__partial_short_9,partial_short,R4,"{""R1"": 9.915011, ""R2"": 20.160934, ""R3"": 10.037869, ""R4"": 0.260129, ""R5"": 10.154002, ""R6"": 20.013285}","{""R1"": 10, ""R2"": 20, ""R3"": 10, ""R4"": 20, ""R5"": 10, ""R6"": 20}","{""in"": 24.0, ""n1"": 9.776721, ""n2"": 0.244903, ""n3"": 0.1624712}","{""R1"": 1.43452, ""R2"": 0.4849339, ""R3"": 0.9495858, ""R4"": 0.9414676, ""R5"": 0.008118166, ""R6"": 0.008118166}",True
r_ladder_circuit,r_ladder_circuit__partial_short_10,partial_short,R5,"{""R1"": 9.92371, ""R2"": 20.394976, ""R3"": 9.933935, ""R4"": 19.834259, ""R5"": 0.159074, ""R6"": 19.922018}","{""R1"": 10, ""R2"": 20, ""R3"": 10, ""R4"": 20, ""R5"": 10, ""R6"": 20}","{""in"": 24.0, ""n1"": 12.09102, ""n2"": 6.059025, ""n3"": 6.011028}","{""R1"": 1.200054, ""R2"": 0.5928429, ""R3"": 0.6072107, ""R4"": 0.3054828, ""R5"": 0.3017279, ""R6"": 0.3017279}",True
r_ladder_circuit,r_ladder_circuit__partial_short_11,partial_short,R4,"{""R1"": 9.88011, ""R2"": 19.74168, ""R3"": 10.017448, ""R4"": 0.452693, ""R5"": 9.821379, ""R6"": 20.205325}","{""R1"": 10, ""R2"": 20, ""R3"": 10, ""R4"": 20, ""R5"": 10, ""R6"": 20}","{""in"": 24.0, ""n1"": 9.817066, ""n2"": 0.4184208, ""n3"": 0.2815603}","{""R1"": 1.435504, ""R2"": 0.4972761, ""R3"": 0.9382275, ""R4"": 0.9242926, ""R5"": 0.01393496, ""R6"": 0.01393496}",True
r_ladder_circuit,r_ladder_circuit__partial_short_12,partial_short,R2,"{""R1"": 9.894569, ""R2"": 2.497157, ""R3"": 9.902721, ""R4"": 19.636456, ""R5"": 9.883329, ""R6"": 20.194061}","{""R1"": 10, ""R2"": 20, ""R3"": 10, ""R4"": 20, ""R5"": 10, ""R6"": 20}","{""in"": 24.0, ""n1"": 4.43085, ""n2"": 2.416549, ""n3"": 1.622479}","{""R1"": 1.977767, ""R2"": 1.774358, ""R3"": 0.2034088, ""R4"": 0.1230644, ""R5"": 0.08034439, ""R6"": 0.08034439}",True
r_ladder_circuit,r_ladder_circuit__partial_short_13,partial_short,R5,"{""R1"": 9.859331, ""R2"": 19.745258, ""R3"": 9.924852, ""R4"": 19.740523, ""R5"": 0.214034, ""R6"": 19.838659}","{""R1"": 10, ""R2"": 20, ""R3"": 10, ""R4"": 20, ""R5"": 10, ""R6"": 20}","{""in"": 24.0, ""n1"": 12.02733, ""n2"": 6.020578, ""n3"": 5.956317}","{""R1"": 1.214349, ""R2"": 0.6091252, ""R3"": 0.6052236, ""R4"": 0.3049858, ""R5"": 0.3002379, ""R6"": 0.3002379}",True
r_ladder_circuit,r_ladder_circuit__partial_short_14,partial_short,R5,"{""R1"": 9.996182, ""R2"": 19.863959, ""R3"": 9.99199, ""R4"": 19.713989, ""R5"": 0.558577, ""R6"": 19.934333}","{""R1"": 10, ""R2"": 20, ""R3"": 10, ""R4"": 20, ""R5"": 10, ""R6"": 20}","{""in"": 24.0, ""n1"": 11.98774, ""n2"": 6.010609, ""n3"": 5.846778}","{""R1"": 1.201685, ""R2"": 0.6034921, ""R3"": 0.5981925, ""R4"": 0.3048906, ""R5"": 0.2933019, ""R6"": 0.2933019}",True
r_ladder_circuit,r_ladder_circuit__partial_short_15,partial_short,R2,"{""R1"": 10.004004, ""R2"": 2.861739, ""R3"": 9.922036, ""R4"": 20.033446, ""R5"": 10.057222, ""R6"": 20.346649}","{""R1"": 10, ""R2"": 20, ""R3"": 10, ""R4"": 20, ""R5"": 10, ""R6"": 20}","{""in"": 24.0, ""n1"": 4.847955, ""n2"": 2.661351, ""n3"": 1.781009}","{""R1"": 1.914438, ""R2"": 1.694059, ""R3"": 0.2203787, ""R4"": 0.1328454, ""R5"": 0.08753328, ""R6"": 0.08753328}",True
r_ladder_circuit,r_ladder_circuit__partial_short_16,partial_short,R1,"{""R1"": 0.547691, ""R2"": 19.721365, ""R3"": 10.07614, ""R4"": 19.748197, ""R5"": 9.856079, ""R6"": 20.140973}","{""R1"": 10, ""R2"": 20, ""R3"": 10, ""R4"": 20, ""R5"": 10, ""R6"": 20}","{""in"": 24.0, ""n1"": 22.79887, ""n2"": 12.34951, ""n3"": 8.291853}","{""R1"": 2.193089, ""R2"": 1.156049, ""R3"": 1.03704, ""R4"": 0.6253487, ""R5"": 0.4116908, ""R6"": 0.4116908}",True
r_ladder_circuit,r_ladder_circuit__partial_short_17,partial_short,R6,"{""R1"": 9.962082, ""R2"": 20.014814, ""R3"": 10.02573, ""R4"": 20.04101, ""R5"": 10.131713, ""R6"": 1.658216}","{""R1"": 10, ""R2"": 20, ""R3"": 10, ""R4"": 20, ""R5"": 10, ""R6"": 20}","{""in"": 24.0, ""n1"": 11.60166, ""n2"": 4.935566, ""n3"": 0.6941717}","{""R1"": 1.244553, ""R2"": 0.5796538, ""R3"": 0.6648989, ""R4"": 0.2462733, ""R5"": 0.4186256, ""R6"": 0.4186256}",True
r_ladder_circuit,r_ladder_circuit__partial_short_18,partial_short,R6,"{""R1"": 10.122446, ""R2"": 19.780656, ""R3"": 9.953575, ""R4"": 20.267231, ""R5"": 10.155507, ""R6"": 0.21657}","{""R1"": 10, ""R2"": 20, ""R3"": 10, ""R4"": 20, ""R5"": 10, ""R6"": 20}","{""in"": 24.0, ""n1"": 11.35427, ""n2"": 4.632944, ""n3"": 0.09673633}","{""R1"": 1.249276, ""R2"": 0.5740087, ""R3"": 0.6752675, ""R4"": 0.2285928, ""R5"": 0.4466746, ""R6"": 0.4466746}",True
r_ladder_circuit,r_ladder_circuit__partial_short_19,partial_short,R2,"{""R1"": 9.96016, ""R2"": 0.904671, ""R3"": 9.814735, ""R4"": 20.209177, ""R5"": 10.085344, ""R6"": 19.763114}","{""R1"": 10, ""R2"": 20, ""R3"": 10, ""R4"": 20, ""R5"": 10, ""R6"": 20}","{""in"": 24.0, ""n1"": 1.925355, ""n2"": 1.061108, ""n3"": 0.7025756}","{""R1"": 2.216294, ""R2"": 2.128238, ""R3"": 0.08805609, ""R4"": 0.05250625, ""R5"": 0.03554985, ""R6"": 0.03554985}",True
r_ladder_circuit,r_ladder_circuit__partial_short_20,partial_short,R6,"{""R1"": 10.067428, ""R2"": 20.052013, ""R3"": 10.045501, ""R4"": 19.976279, ""R5"": 10.139988, ""R6"": 2.710081}","{""R1"": 10, ""R2"": 20, ""R3"": 10, ""R4"": 20, ""R5"": 10, ""R6"": 20}","{""in"": 24.0, ""n1"": 11.61899, ""n2"": 5.085749, ""n3"": 1.072585}","{""R1"": 1.229808, ""R2"": 0.5794428, ""R3"": 0.6503654, ""R4"": 0.2545894, ""R5"": 0.395776, ""R6"": 0.395776}",True
r_ladder_circuit,r_ladder_circuit__partial_open_1,partial_open,R1,"{""R1"": 174.989883, ""R2"": 20.146817, ""R3"": 10.049599, ""R4"": 20.250007, ""R5"": 9.907017, ""R6"": 19.878624}","{""R1"": 10, ""R2"": 20, ""R3"": 10, ""R4"": 20, ""R5"": 10, ""R6"": 20}","{""in"": 24.0, ""n1"": 1.363456, ""n2"": 0.7435653, ""n3"": 0.4962477}","{""R1"": 0.1293592, ""R2"": 0.06767601, ""R3"": 0.06168315, ""R4"": 0.03671926, ""R5"": 0.02496388, ""R6"": 0.02496388}",True
r_ladder_circuit,r_ladder_circuit__partial_open_2,partial_open,R2,"{""R1"": 10.131081, ""R2"": 433.680701, ""R3"": 9.883061, ""R4"": 19.890105, ""R5"": 9.898418, ""R6"": 19.606554}","{""R1"": 10, ""R2"": 20, ""R3"": 10, ""R4"": 20, ""R5"": 10, ""R6"": 20}","{""in"": 24.0, ""n1"": 16.11972, ""n2"": 8.799717, ""n3"": 5.847561}","{""R1"": 0.7778316, ""R2"": 0.03716957, ""R3"": 0.740662, ""R4"": 0.4424168, ""R5"": 0.2982452, ""R6"": 0.2982452}",True
r_ladder_circuit,r_ladder_circuit__partial_open_3,partial_open,R1,"{""R1"": 320.333768, ""R2"": 20.065073, ""R3"": 10.00258, ""R4"": 20.153627, ""R5"": 10.139144, ""R6"": 19.979569}","{""R1"": 10, ""R2"": 20, ""R3"": 10, ""R4"": 20, ""R5"": 10, ""R6"": 20}","{""in"": 24.0, ""n1"": 0.7625174, ""n2"": 0.4170358, ""n3"": 0.2766452}","{""R1"": 0.07254147, ""R2"": 0.03800222, ""R3"": 0.03453925, ""R4"": 0.02069284, ""R5"": 0.0138464, ""R6"": 0.0138464}",True
r_ladder_circuit,r_ladder_circuit__partial_open_4,partial_open,R4,"{""R1"": 10.12179, ""R2"": 20.03771, ""R3"": 9.946932, ""R4"": 205.275955, ""R5"": 10.046859, ""R6"": 20.378776}","{""R1"": 10, ""R2"": 20, ""R3"": 10, ""R4"": 20, ""R5"": 10, ""R6"": 20}","{""in"": 24.0, ""n1"": 13.46148, ""n2"": 9.787448, ""n3"": 6.555531}","{""R1"": 1.041171, ""R2"": 0.6718075, ""R3"": 0.3693637, ""R4"": 0.04767947, ""R5"": 0.3216843, ""R6"": 0.3216843}",True
r_ladder_circuit,r_ladder_circuit__partial_open_5,partial_open,R3,"{""R1"": 10.011201, ""R2"": 19.753367, ""R3"": 127.783309, ""R4"": 19.784649, ""R5"": 10.053079, ""R6"": 19.647859}","{""R1"": 10, ""R2"": 20, ""R3"": 10, ""R4"": 20, ""R5"": 10, ""R6"": 20}","{""in"": 24.0, ""n1"": 15.20437, ""n2"": 1.292774, ""n3"": 0.8552}","{""R1"": 0.8785789, ""R2"": 0.7697103, ""R3"": 0.1088686, ""R4"": 0.06534228, ""R5"": 0.04352637, ""R6"": 0.04352637}",True
r_ladder_circuit,r_ladder_circuit__partial_open_6,partial_open,R3,"{""R1"": 9.972753, ""R2"": 20.230405, ""R3"": 151.945921, ""R4"": 19.968138, ""R5"": 10.17486, ""R6"": 20.22485}","{""R1"": 10, ""R2"": 20, ""R3"": 10, ""R4"": 20, ""R5"": 10, ""R6"": 20}","{""in"": 24.0, ""n1"": 15.44631, ""n2"": 1.135117, ""n3"": 0.7551902}","{""R1"": 0.8577058, ""R2"": 0.7635197, ""R3"": 0.09418611, ""R4"": 0.05684639, ""R5"": 0.03733972, ""R6"": 0.03733972}",True
r_ladder_circuit,r_ladder_circuit__partial_open_7,partial_open,R2,"{""R1"": 10.186263, ""R2"": 424.367874, ""R3"": 9.969506, ""R4"": 20.071279, ""R5"": 10.197681, ""R6"": 19.615194}","{""R1"": 10, ""R2"": 20, ""R3"": 10, ""R4"": 20, ""R5"": 10, ""R6"": 20}","{""in"": 24.0, ""n1"": 16.1317, ""n2"": 8.809802, ""n3"": 5.796354}","{""R1"": 0.7724425, ""R2"": 0.03801347, ""R3"": 0.7344291, ""R4"": 0.4389258, ""R5"": 0.2955033, ""R6"": 0.2955033}",True
r_ladder_circuit,r_ladder_circuit__partial_open_8,partial_open,R1,"{""R1"": 203.125289, ""R2"": 19.838411, ""R3"": 9.955039, ""R4"": 19.863228, ""R5"": 10.034933, ""R6"": 20.249345}","{""R1"": 10, ""R2"": 20, ""R3"": 10, ""R4"": 20, ""R5"": 10, ""R6"": 20}","{""in"": 24.0, ""n1"": 1.171145, ""n2"": 0.6400051, ""n3"": 0.4279344}","{""R1"": 0.1123881, ""R2"": 0.0590342, ""R3"": 0.05335385, ""R4"": 0.0322206, ""R5"": 0.02113325, ""R6"": 0.02113325}",True
r_ladder_circuit,r_ladder_circuit__partial_open_9,partial_open,R4,"{""R1"": 10.021419, ""R2"": 20.000496, ""R3"": 10.197668, ""R4"": 280.117618, ""R5"": 9.84284, ""R6"": 20.239492}","{""R1"": 10, ""R2"": 20, ""R3"": 10, ""R4"": 20, ""R5"": 10, ""R6"": 20}","{""in"": 24.0, ""n1"": 13.56485, ""n2"": 9.8625, ""n3"": 6.635523}","{""R1"": 1.041284, ""R2"": 0.6782258, ""R3"": 0.3630587, ""R4"": 0.03520843, ""R5"": 0.3278503, ""R6"": 0.3278503}",True
r_ladder_circuit,r_ladder_circuit__partial_open_10,partial_open,R2,"{""R1"": 10.141702, ""R2"": 372.413799, ""R3"": 10.170016, ""R4"": 19.881248, ""R5"": 9.988776, ""R6"": 20.054752}","{""R1"": 10, ""R2"": 20, ""R3"": 10, ""R4"": 20, ""R5"": 10, ""R6"": 20}","{""in"": 24.0, ""n1"": 16.15698, ""n2"": 8.733276, ""n3"": 5.829665}","{""R1"": 0.773344, ""R2"": 0.04338447, ""R3"": 0.7299595, ""R4"": 0.439272, ""R5"": 0.2906874, ""R6"": 0.2906874}",True
r_ladder_circuit,r_ladder_circuit__partial_open_11,partial_open,R5,"{""R1"": 10.157306, ""R2"": 19.739014, ""R3"": 10.145262, ""R4"": 19.807071, ""R5"": 437.718956, ""R6"": 19.981059}","{""R1"": 10, ""R2"": 20, ""R3"": 10, ""R4"": 20, ""R5"": 10, ""R6"": 20}","{""in"": 24.0, ""n1"": 12.88065, ""n2"": 8.394748, ""n3"": 0.3664758}","{""R1"": 1.094715, ""R2"": 0.6525477, ""R3"": 0.442167, ""R4"": 0.4238258, ""R5"": 0.01834116, ""R6"": 0.01834116}",True
r_ladder_circuit,r_ladder_circuit__partial_open_12,partial_open,R1,"{""R1"": 282.402105, ""R2"": 19.842359, ""R3"": 9.85097, ""R4"": 20.317288, ""R5"": 10.110083, ""R6"": 19.614325}","{""R1"": 10, ""R2"": 20, ""R3"": 10, ""R4"": 20, ""R5"": 10, ""R6"": 20}","{""in"": 24.0, ""n1"": 0.8536062, ""n2"": 0.4699785, ""n3"": 0.310126}","{""R1"": 0.08196254, ""R2"": 0.04301939, ""R3"": 0.03894315, ""R4"": 0.02313195, ""R5"": 0.0158112, ""R6"": 0.0158112}",True
r_ladder_circuit,r_ladder_circuit__partial_open_13,partial_open,R2,"{""R1"": 9.919599, ""R2"": 510.410755, ""R3"": 10.189896, ""R4"": 20.218739, ""R5"": 9.925845, ""R6"": 20.032476}","{""R1"": 10, ""R2"": 20, ""R3"": 10, ""R4"": 20, ""R5"": 10, ""R6"": 20}","{""in"": 24.0, ""n1"": 16.38194, ""n2"": 8.883343, ""n3"": 5.940098}","{""R1"": 0.7679809, ""R2"": 0.0320956, ""R3"": 0.7358853, ""R4"": 0.4393619, ""R5"": 0.2965234, ""R6"": 0.2965234}",True
r_ladder_circuit,r_ladder_circuit__partial_open_14,partial_open,R3,"{""R1"": 9.976152, ""R2"": 20.385092, ""R3"": 123.680264, ""R4"": 19.999808, ""R5"": 10.081946, ""R6"": 20.163005}","{""R1"": 10, ""R2"": 20, ""R3"": 10, ""R4"": 20, ""R5"": 10, ""R6"": 20}","{""in"": 24.0, ""n1"": 15.35616, ""n2"": 1.362164, ""n3"": 0.9080959}","{""R1"": 0.8664501, ""R2"": 0.7533035, ""R3"": 0.1131466, ""R4"": 0.06810885, ""R5"": 0.04503773, ""R6"": 0.04503773}",True
r_ladder_circuit,r_ladder_circuit__partial_open_15,partial_open,R1,"{""R1"": 113.992415, ""R2"": 19.746588, ""R3"": 10.082456, ""R4"": 19.646728, ""R5"": 9.961557, ""R6"": 20.297232}","{""R1"": 10, ""R2"": 20, ""R3"": 10, ""R4"": 20, ""R5"": 10, ""R6"": 20}","{""in"": 24.0, ""n1"": 2.007446, ""n2"": 1.087225, ""n3"": 0.7292972}","{""R1"": 0.19293, ""R2"": 0.1016604, ""R3"": 0.09126958, ""R4"": 0.05533871, ""R5"": 0.03593087, ""R6"": 0.03593087}",True
r_ladder_circuit,r_ladder_circuit__partial_open_16,partial_open,R5,"{""R1"": 10.081202, ""R2"": 20.35673, ""R3"": 10.133541, ""R4"": 19.62147, ""R5"": 157.759212, ""R6"": 19.648927}","{""R1"": 10, ""R2"": 20, ""R3"": 10, ""R4"": 20, ""R5"": 10, ""R6"": 20}","{""in"": 24.0, ""n1"": 12.91818, ""n2"": 8.209462, ""n3"": 0.9092431}","{""R1"": 1.099256, ""R2"": 0.63459, ""R3"": 0.4646662, ""R4"": 0.4183918, ""R5"": 0.04627444, ""R6"": 0.04627444}",True
r_ladder_circuit,r_ladder_circuit__partial_open_17,partial_open,R3,"{""R1"": 10.142552, ""R2"": 19.681647, ""R3"": 90.232606, ""R4"": 19.767969, ""R5"": 9.881304, ""R6"": 19.872836}","{""R1"": 10, ""R2"": 20, ""R3"": 10, ""R4"": 20, ""R5"": 10, ""R6"": 20}","{""in"": 24.0, ""n1"": 14.86381, ""n2"": 1.728914, ""n3"": 1.154744}","{""R1"": 0.9007786, ""R2"": 0.7552115, ""R3"": 0.145567, ""R4"": 0.08746037, ""R5"": 0.05810667, ""R6"": 0.05810667}",True
r_ladder_circuit,r_ladder_circuit__partial_open_18,partial_open,R5,"{""R1"": 10.096492, ""R2"": 19.887091, ""R3"": 9.98442, ""R4"": 20.047465, ""R5"": 372.76666, ""R6"": 19.809526}","{""R1"": 10, ""R2"": 20, ""R3"": 10, ""R4"": 20, ""R5"": 10, ""R6"": 20}","{""in"": 24.0, ""n1"": 12.93694, ""n2"": 8.49175, ""n3"": 0.4284965}","{""R1"": 1.095733, ""R2"": 0.6505197, ""R3"": 0.445213, ""R4"": 0.4235822, ""R5"": 0.02163083, ""R6"": 0.02163083}",True
r_ladder_circuit,r_ladder_circuit__partial_open_19,partial_open,R3,"{""R1"": 10.137514, ""R2"": 19.634118, ""R3"": 75.583668, ""R4"": 20.0607, ""R5"": 10.150015, ""R6"": 20.271331}","{""R1"": 10, ""R2"": 20, ""R3"": 10, ""R4"": 20, ""R5"": 10, ""R6"": 20}","{""in"": 24.0, ""n1"": 14.70633, ""n2"": 2.027813, ""n3"": 1.351238}","{""R1"": 0.9167605, ""R2"": 0.749019, ""R3"": 0.1677415, ""R4"": 0.1010839, ""R5"": 0.06665758, ""R6"": 0.06665758}",True
r_ladder_circuit,r_ladder_circuit__partial_open_20,partial_open,R6,"{""R1"": 10.081071, ""R2"": 20.307971, ""R3"": 10.177609, ""R4"": 19.962803, ""R5"": 9.951382, ""R6"": 663.331636}","{""R1"": 10, ""R2"": 20, ""R3"": 10, ""R4"": 20, ""R5"": 10, ""R6"": 20}","{""in"": 24.0, ""n1"": 13.06206, ""n2"": 8.565591, ""n3"": 8.438989}","{""R1"": 1.084998, ""R2"": 0.6431985, ""R3"": 0.4417997, ""R4"": 0.4290776, ""R5"": 0.01272213, ""R6"": 0.01272213}",True
r_ladder_circuit,r_ladder_circuit__wrong_component_type_1,wrong_component_type,R6,"{""R1"": 10.149282, ""R2"": 19.869399, ""R3"": 10.163931, ""R4"": 20.020127, ""R5"": 10.121399, ""R6"": 2.87e-06}","{""R1"": 10, ""R2"": 20, ""R3"": 10, ""R4"": 20, ""R5"": 10, ""R6"": 20}","{""in"": 24.0, ""n1"": 12.99372, ""n2"": 8.618322, ""n3"": 8.618322}","{""R1"": 1.084439, ""R2"": 0.6539564, ""R3"": 0.4304829, ""R4"": 0.4304829, ""R5"": 0.0}",True
r_ladder_circuit,r_ladder_circuit__wrong_component_type_2,wrong_component_type,R3,"{""R1"": 10.047663, ""R2"": 20.126567, ""R3"": 9.96e-06, ""R4"": 19.674855, ""R5"": 9.965169, ""R6"": 20.10212}","{""R1"": 10, ""R2"": 20, ""R3"": 10, ""R4"": 20, ""R5"": 10, ""R6"": 20}","{""in"": 24.0, ""n1"": 16.00828, ""n2"": 0.0, ""n3"": 0.0}","{""R1"": 0.7953807, ""R2"": 0.7953807, ""R4"": 0.0, ""R5"": 0.0, ""R6"": 0.0}",True
r_ladder_circuit,r_ladder_circuit__wrong_component_type_3,wrong_component_type,R2,"{""R1"": 9.899548, ""R2"": 6.62e-06, ""R3"": 10.102222, ""R4"": 20.057224, ""R5"": 9.963147, ""R6"": 20.149641}","{""R1"": 10, ""R2"": 20, ""R3"": 10, ""R4"": 20, ""R5"": 10, ""R6"": 20}","{""in"": 24.0, ""n1"": 16.5847, ""n2"": 9.017595, ""n3"": 6.034024}","{""R1"": 0.749054, ""R3"": 0.749054, ""R4"": 0.4495934, ""R5"": 0.2994606, ""R6"": 0.2994606}",True
r_ladder_circuit,r_ladder_circuit__wrong_component_type_4,wrong_component_type,R2,"{""R1"": 9.809214, ""R2"": 7.99e-06, ""R3"": 9.891763, ""R4"": 20.250213, ""R5"": 9.988915, ""R6"": 20.258856}","{""R1"": 10, ""R2"": 20, ""R3"": 10, ""R4"": 20, ""R5"": 10, ""R6"": 20}","{""in"": 24.0, ""n1"": 16.60395, ""n2"": 9.145653, ""n3"": 6.125426}","{""R1"": 0.7539904, ""R3"": 0.7539904, ""R4"": 0.4516324, ""R5"": 0.3023579, ""R6"": 0.3023579}",True
r_ladder_circuit,r_ladder_circuit__wrong_component_type_5,wrong_component_type,R4,"{""R1"": 9.957388, ""R2"": 19.677168, ""R3"": 9.931374, ""R4"": 7.96e-06, ""R5"": 9.993646, ""R6"": 20.186087}","{""R1"": 10, ""R2"": 20, ""R3"": 10, ""R4"": 20, ""R5"": 10, ""R6"": 20}","{""in"": 24.0, ""n1"": 13.6808, ""n2"": 10.29348, ""n3"": 6.884924}","{""R1"": 1.036336, ""R2"": 0.6952629, ""R3"": 0.3410727, ""R5"": 0.3410727, ""R6"": 0.3410727}",True
r_ladder_circuit,r_ladder_circuit__wrong_component_type_6,wrong_component_type,R6,"{""R1"": 9.95667, ""R2"": 20.38974, ""R3"": 9.973803, ""R4"": 19.790694, ""R5"": 10.121932, ""R6"": 2.41e-06}","{""R1"": 10, ""R2"": 20, ""R3"": 10, ""R4"": 20, ""R5"": 10, ""R6"": 20}","{""in"": 24.0, ""n1"": 13.16632, ""n2"": 8.754411, ""n3"": 8.754411}","{""R1"": 1.088083, ""R2"": 0.6457327, ""R3"": 0.4423499, ""R4"": 0.4423499, ""R5"": 0.0}",True
r_ladder_circuit,r_ladder_circuit__wrong_component_type_7,wrong_component_type,R2,"{""R1"": 9.97391, ""R2"": 2.35e-06, ""R3"": 10.075953, ""R4"": 20.079137, ""R5"": 9.991567, ""R6"": 19.969057}","{""R1"": 10, ""R2"": 20, ""R3"": 10, ""R4"": 20, ""R5"": 10, ""R6"": 20}","{""in"": 24.0, ""n1"": 16.53635, ""n2"": 8.996348, ""n3"": 5.996156}","{""R1"": 0.7483169, ""R3"": 0.7483169, ""R4"": 0.4480446, ""R5"": 0.3002724, ""R6"": 0.3002724}",True
r_ladder_circuit,r_ladder_circuit__wrong_component_type_8,wrong_component_type,R1,"{""R1"": 9.46e-06, ""R2"": 20.111893, ""R3"": 10.142771, ""R4"": 19.801654, ""R5"": 10.118967, ""R6"": 19.779031}","{""R1"": 10, ""R2"": 20, ""R3"": 10, ""R4"": 20, ""R5"": 10, ""R6"": 20}","{""in"": 24.0, ""n1"": 0.0, ""n2"": 0.0, ""n3"": 0.0}","{""R2"": 0.0, ""R3"": 0.0, ""R4"": 0.0, ""R5"": 0.0, ""R6"": 0.0}",True
r_ladder_circuit,r_ladder_circuit__wrong_component_type_9,wrong_component_type,R2,"{""R1"": 9.919167, ""R2"": 8.1e-06, ""R3"": 9.822281, ""R4"": 19.706886, ""R5"": 10.059897, ""R6"": 20.134527}","{""R1"": 10, ""R2"": 20, ""R3"": 10, ""R4"": 20, ""R5"": 10, ""R6"": 20}","{""in"": 24.0, ""n1"": 16.4821, ""n2"": 9.037625, ""n3"": 6.026553}","{""R1"": 0.7579168, ""R3"": 0.7579168, ""R4"": 0.4586024, ""R5"": 0.2993144, ""R6"": 0.2993144}",True
r_ladder_circuit,r_ladder_circuit__wrong_component_type_10,wrong_component_type,R1,"{""R1"": 5.46e-06, ""R2"": 19.87136, ""R3"": 10.027351, ""R4"": 20.258992, ""R5"": 9.826613, ""R6"": 19.887727}","{""R1"": 10, ""R2"": 20, ""R3"": 10, ""R4"": 20, ""R5"": 10, ""R6"": 20}","{""in"": 24.0, ""n1"": 0.0, ""n2"": 0.0, ""n3"": 0.0}","{""R2"": 0.0, ""R3"": 0.0, ""R4"": 0.0, ""R5"": 0.0, ""R6"": 0.0}",True
r_ladder_circuit,r_ladder_circuit__wrong_component_type_11,wrong_component_type,R3,"{""R1"": 9.857841, ""R2"": 19.643529, ""R3"": 6.64e-06, ""R4"": 20.236821, ""R5"": 9.959774, ""R6"": 19.740943}","{""R1"": 10, ""R2"": 20, ""R3"": 10, ""R4"": 20, ""R5"": 10, ""R6"": 20}","{""in"": 24.0, ""n1"": 15.98043, ""n2"": 0.0, ""n3"": 0.0}","{""R1"": 0.8135215, ""R2"": 0.8135215, ""R4"": 0.0, ""R5"": 0.0, ""R6"": 0.0}",True
r_ladder_circuit,r_ladder_circuit__wrong_component_type_12,wrong_component_type,R1,"{""R1"": 4.17e-06, ""R2"": 20.091363, ""R3"": 10.069423, ""R4"": 20.256475, ""R5"": 10.032033, ""R6"": 19.84811}","{""R1"": 10, ""R2"": 20, ""R3"": 10, ""R4"": 20, ""R5"": 10, ""R6"": 20}","{""in"": 24.0, ""n1"": 0.0, ""n2"": 0.0, ""n3"": 0.0}","{""R2"": 0.0, ""R3"": 0.0, ""R4"": 0.0, ""R5"": 0.0, ""R6"": 0.0}",True
r_ladder_circuit,r_ladder_circuit__wrong_component_type_13,wrong_component_type,R4,"{""R1"": 9.899655, ""R2"": 19.707755, ""R3"": 10.047193, ""R4"": 3.48e-06, ""R5"": 10.109578, ""R6"": 19.638225}","{""R1"": 10, ""R2"": 20, ""R3"": 10, ""R4"": 20, ""R5"": 10, ""R6"": 20}","{""in"": 24.0, ""n1"": 13.70576, ""n2"": 10.24541, ""n3"": 6.763582}","{""R1"": 1.039859, ""R2"": 0.6954499, ""R3"": 0.344409, ""R5"": 0.344409, ""R6"": 0.344409}",True
r_ladder_circuit,r_ladder_circuit__wrong_component_type_14,wrong_component_type,R6,"{""R1"": 10.184739, ""R2"": 20.243348, ""R3"": 9.804297, ""R4"": 20.203302, ""R5"": 10.172399, ""R6"": 8.54e-06}","{""R1"": 10, ""R2"": 20, ""R3"": 10, ""R4"": 20, ""R5"": 10, ""R6"": 20}","{""in"": 24.0, ""n1"": 13.02563, ""n2"": 8.769806, ""n3"": 8.769806}","{""R1"": 1.07753, ""R2"": 0.6434526, ""R3"": 0.4340778, ""R4"": 0.4340778, ""R5"": 0.0}",True
r_ladder_circuit,r_ladder_circuit__wrong_component_type_15,wrong_component_type,R4,"{""R1"": 9.980009, ""R2"": 19.973809, ""R3"": 10.095798, ""R4"": 2.04e-06, ""R5"": 10.128002, ""R6"": 19.650361}","{""R1"": 10, ""R2"": 20, ""R3"": 10, ""R4"": 20, ""R5"": 10, ""R6"": 20}","{""in"": 24.0, ""n1"": 13.71474, ""n2"": 10.24228, ""n3"": 6.758751}","{""R1"": 1.030587, ""R2"": 0.686636, ""R3"": 0.3439505, ""R5"": 0.3439505, ""R6"": 0.3439505}",True
r_ladder_circuit,r_ladder_circuit__wrong_component_type_16,wrong_component_type,R4,"{""R1"": 10.158759, ""R2"": 20.395407, ""R3"": 9.905605, ""R4"": 7.84e-06, ""R5"": 10.120307, ""R6"": 19.921178}","{""R1"": 10, ""R2"": 20, ""R3"": 10, ""R4"": 20, ""R5"": 10, ""R6"": 20}","{""in"": 24.0, ""n1"": 13.69554, ""n2"": 10.29948, ""n3"": 6.829814}","{""R1"": 1.014343, ""R2"": 0.671501, ""R3"": 0.3428419, ""R5"": 0.3428419, ""R6"": 0.3428419}",True
r_ladder_circuit,r_ladder_circuit__wrong_component_type_17,wrong_component_type,R2,"{""R1"": 10.124534, ""R2"": 7.69e-06, ""R3"": 9.996958, ""R4"": 20.129856, ""R5"": 9.817891, ""R6"": 20.023913}","{""R1"": 10, ""R2"": 20, ""R3"": 10, ""R4"": 20, ""R5"": 10, ""R6"": 20}","{""in"": 24.0, ""n1"": 16.44027, ""n2"": 8.9758, ""n3"": 6.02278}","{""R1"": 0.7466743, ""R3"": 0.7466743, ""R4"": 0.4458949, ""R5"": 0.3007794, ""R6"": 0.3007794}",True
r_ladder_circuit,r_ladder_circuit__wrong_component_type_18,wrong_component_type,R2,"{""R1"": 9.933701, ""R2"": 1.56e-06, ""R3"": 10.008089, ""R4"": 19.740651, ""R5"": 9.863241, ""R6"": 20.332186}","{""R1"": 10, ""R2"": 20, ""R3"": 10, ""R4"": 20, ""R5"": 10, ""R6"": 20}","{""in"": 24.0, ""n1"": 16.52135, ""n2"": 8.9867, ""n3"": 6.051223}","{""R1"": 0.7528562, ""R3"": 0.7528562, ""R4"": 0.4552383, ""R5"": 0.2976179, ""R6"": 0.2976179}",True
r_ladder_circuit,r_ladder_circuit__wrong_component_type_19,wrong_component_type,R3,"{""R1"": 9.989163, ""R2"": 19.94213, ""R3"": 8.83e-06, ""R4"": 19.700933, ""R5"": 10.104284, ""R6"": 19.648324}","{""R1"": 10, ""R2"": 20, ""R3"": 10, ""R4"": 20, ""R5"": 10, ""R6"": 20}","{""in"": 24.0, ""n1"": 15.99033, ""n2"": 0.0, ""n3"": 0.0}","{""R1"": 0.8018364, ""R2"": 0.8018364, ""R4"": 0.0, ""R5"": 0.0, ""R6"": 0.0}",True
r_ladder_circuit,r_ladder_circuit__wrong_component_type_20,wrong_component_type,R6,"{""R1"": 9.919224, ""R2"": 20.025425, ""R3"": 9.961128, ""R4"": 20.346822, ""R5"": 10.185749, ""R6"": 8.16e-06}","{""R1"": 10, ""R2"": 20, ""R3"": 10, ""R4"": 20, ""R5"": 10, ""R6"": 20}","{""in"": 24.0, ""n1"": 13.16791, ""n2"": 8.840093, ""n3"": 8.840093}","{""R1"": 1.09203, ""R2"": 0.6575596, ""R3"": 0.4344705, ""R4"": 0.4344705, ""R5"": 0.0}",True
r_ladder_circuit,r_ladder_circuit__multi_fault_1,multi_fault,R2:partial_open;R3:partial_short,"{""R1"": 10.176456, ""R2"": 721.764795, ""R3"": 0.389063, ""R4"": 20.075628, ""R5"": 10.029736, ""R6"": 19.927487}","{""R1"": 10, ""R2"": 20, ""R3"": 10, ""R4"": 20, ""R5"": 10, ""R6"": 20}","{""in"": 24.0, ""n1"": 13.085, ""n2"": 12.67475, ""n3"": 8.431219}","{""R1"": 1.072574, ""R2"": 0.01812917, ""R3"": 1.054445, ""R4"": 0.6313501, ""R5"": 0.423095, ""R6"": 0.423095}",True
r_ladder_circuit,r_ladder_circuit__multi_fault_2,multi_fault,R4:partial_short;R1:partial_open,"{""R1"": 144.589872, ""R2"": 20.233315, ""R3"": 10.097194, ""R4"": 2.805593, ""R5"": 10.094421, ""R6"": 19.711077}","{""R1"": 10, ""R2"": 20, ""R3"": 10, ""R4"": 20, ""R5"": 10, ""R6"": 20}","{""in"": 24.0, ""n1"": 1.226627, ""n2"": 0.2484196, ""n3"": 0.1642857}","{""R1"": 0.1575032, ""R2"": 0.06062412, ""R3"": 0.09687912, ""R4"": 0.08854443, ""R5"": 0.008334691, ""R6"": 0.008334691}",True
r_ladder_circuit,r_ladder_circuit__multi_fault_3,multi_fault,R3:partial_short;R6:partial_open,"{""R1"": 9.808446, ""R2"": 20.385319, ""R3"": 0.11946, ""R4"": 20.037343, ""R5"": 9.96411, ""R6"": 839.9881}","{""R1"": 10, ""R2"": 20, ""R3"": 10, ""R4"": 20, ""R5"": 10, ""R6"": 20}","{""in"": 24.0, ""n1"": 12.12635, ""n2"": 12.0528, ""n3"": 11.9115}","{""R1"": 1.210554, ""R2"": 0.5948568, ""R3"": 0.6156972, ""R4"": 0.6015166, ""R5"": 0.01418056, ""R6"": 0.01418056}",True
r_ladder_circuit,r_ladder_circuit__multi_fault_4,multi_fault,R2:partial_open;R4:partial_short,"{""R1"": 9.831097, ""R2"": 517.834414, ""R3"": 9.848289, ""R4"": 0.836326, ""R5"": 9.870217, ""R6"": 20.387713}","{""R1"": 10, ""R2"": 20, ""R3"": 10, ""R4"": 20, ""R5"": 10, ""R6"": 20}","{""in"": 24.0, ""n1"": 12.36448, ""n2"": 0.9437719, ""n3"": 0.635911}","{""R1"": 1.183542, ""R2"": 0.02387729, ""R3"": 1.159665, ""R4"": 1.128474, ""R5"": 0.0311909, ""R6"": 0.0311909}",True
r_ladder_circuit,r_ladder_circuit__multi_fault_5,multi_fault,R1:partial_short;R3:partial_open,"{""R1"": 0.670171, ""R2"": 19.985889, ""R3"": 73.304372, ""R4"": 20.177931, ""R5"": 9.800235, ""R6"": 19.954603}","{""R1"": 10, ""R2"": 20, ""R3"": 10, ""R4"": 20, ""R5"": 10, ""R6"": 20}","{""in"": 24.0, ""n1"": 23.0462, ""n2"": 3.247541, ""n3"": 2.177911}","{""R1"": 1.423212, ""R2"": 1.153124, ""R3"": 0.2700884, ""R4"": 0.1609452, ""R5"": 0.1091433, ""R6"": 0.1091433}",True
r_ladder_circuit,r_ladder_circuit__multi_fault_6,multi_fault,R1:partial_open;R6:partial_short,"{""R1"": 358.101652, ""R2"": 19.924467, ""R3"": 10.150583, ""R4"": 20.291066, ""R5"": 10.092281, ""R6"": 1.811599}","{""R1"": 10, ""R2"": 20, ""R3"": 10, ""R4"": 20, ""R5"": 10, ""R6"": 20}","{""in"": 24.0, ""n1"": 0.6113331, ""n2"": 0.2598144, ""n3"": 0.03954}","{""R1"": 0.06531293, ""R2"": 0.03068253, ""R3"": 0.0346304, ""R4"": 0.01280437, ""R5"": 0.02182602, ""R6"": 0.02182602}",True
r_ladder_circuit,r_ladder_circuit__multi_fault_7,multi_fault,R4:partial_short;R3:partial_open,"{""R1"": 10.082097, ""R2"": 19.696613, ""R3"": 374.95325, ""R4"": 1.739579, ""R5"": 9.868999, ""R6"": 19.850428}","{""R1"": 10, ""R2"": 20, ""R3"": 10, ""R4"": 20, ""R5"": 10, ""R6"": 20}","{""in"": 24.0, ""n1"": 15.59818, ""n2"": 0.06806707, ""n3"": 0.04546388}","{""R1"": 0.8333407, ""R2"": 0.7919219, ""R3"": 0.04141879, ""R4"": 0.03912847, ""R5"": 0.002290322, ""R6"": 0.002290322}",True
r_ladder_circuit,r_ladder_circuit__multi_fault_8,multi_fault,R5:partial_open;R3:partial_short,"{""R1"": 10.18704, ""R2"": 20.395605, ""R3"": 0.961194, ""R4"": 20.190326, ""R5"": 361.370804, ""R6"": 20.230933}","{""R1"": 10, ""R2"": 20, ""R3"": 10, ""R4"": 20, ""R5"": 10, ""R6"": 20}","{""in"": 24.0, ""n1"": 11.96792, ""n2"": 11.39666, ""n3"": 0.6042034}","{""R1"": 1.181116, ""R2"": 0.5867893, ""R3"": 0.5943267, ""R4"": 0.5644614, ""R5"": 0.02986533, ""R6"": 0.02986533}",True
r_ladder_circuit,r_ladder_circuit__multi_fault_9,multi_fault,R4:partial_open;R2:partial_short,"{""R1"": 9.997061, ""R2"": 0.865374, ""R3"": 10.132928, ""R4"": 695.643482, ""R5"": 9.966758, ""R6"": 19.961062}","{""R1"": 10, ""R2"": 20, ""R3"": 10, ""R4"": 20, ""R5"": 10, ""R6"": 20}","{""in"": 24.0, ""n1"": 1.873568, ""n2"": 1.384602, ""n3"": 0.9234931}","{""R1"": 2.213294, ""R2"": 2.165039, ""R3"": 0.04825512, ""R4"": 0.001990391, ""R5"": 0.04626473, ""R6"": 0.04626473}",True
r_ladder_circuit,r_ladder_circuit__multi_fault_10,multi_fault,R5:partial_short;R3:partial_open,"{""R1"": 10.094663, ""R2"": 19.821194, ""R3"": 466.948719, ""R4"": 19.908365, ""R5"": 0.975538, ""R6"": 19.810031}","{""R1"": 10, ""R2"": 20, ""R3"": 10, ""R4"": 20, ""R5"": 10, ""R6"": 20}","{""in"": 24.0, ""n1"": 15.68172, ""n2"": 0.334223, ""n3"": 0.3185368}","{""R1"": 0.8240271, ""R2"": 0.7911594, ""R3"": 0.03286764, ""R4"": 0.01678807, ""R5"": 0.01607957, ""R6"": 0.01607957}",True
r_ladder_circuit,r_ladder_circuit__multi_fault_11,multi_fault,R6:partial_short;R5:partial_open,"{""R1"": 10.113353, ""R2"": 19.992094, ""R3"": 10.154577, ""R4"": 20.166731, ""R5"": 467.341792, ""R6"": 0.254669}","{""R1"": 10, ""R2"": 20, ""R3"": 10, ""R4"": 20, ""R5"": 10, ""R6"": 20}","{""in"": 24.0, ""n1"": 12.98112, ""n2"": 8.51083, ""n3"": 0.004635289}","{""R1"": 1.089537, ""R2"": 0.6493129, ""R3"": 0.4402245, ""R4"": 0.4220233, ""R5"": 0.01820123, ""R6"": 0.01820123}",True
r_ladder_circuit,r_ladder_circuit__multi_fault_12,multi_fault,R4:partial_short;R2:partial_open,"{""R1"": 9.885334, ""R2"": 447.750377, ""R3"": 10.077777, ""R4"": 2.488101, ""R5"": 10.001734, ""R6"": 20.227261}","{""R1"": 10, ""R2"": 20, ""R3"": 10, ""R4"": 20, ""R5"": 10, ""R6"": 20}","{""in"": 24.0, ""n1"": 13.18112, ""n2"": 2.448307, ""n3"": 1.638247}","{""R1"": 1.094437, ""R2"": 0.02943856, ""R3"": 1.064998, ""R4"": 0.9840064, ""R5"": 0.08099202, ""R6"": 0.08099202}",True
r_ladder_circuit,r_ladder_circuit__multi_fault_13,multi_fault,R6:partial_short;R2:partial_open,"{""R1"": 9.904934, ""R2"": 962.689187, ""R3"": 10.061285, ""R4"": 19.951174, ""R5"": 10.031949, ""R6"": 2.336703}","{""R1"": 10, ""R2"": 20, ""R3"": 10, ""R4"": 20, ""R5"": 10, ""R6"": 20}","{""in"": 24.0, ""n1"": 15.28662, ""n2"": 6.595471, ""n3"": 1.246026}","{""R1"": 0.8797005, ""R2"": 0.01587909, ""R3"": 0.8638214, ""R4"": 0.3305806, ""R5"": 0.5332409, ""R6"": 0.5332409}",True
r_ladder_circuit,r_ladder_circuit__multi_fault_14,multi_fault,R4:partial_short;R5:partial_open,"{""R1"": 9.904541, ""R2"": 20.344824, ""R3"": 10.15901, ""R4"": 1.207689, ""R5"": 263.53391, ""R6"": 19.644689}","{""R1"": 10, ""R2"": 20, ""R3"": 10, ""R4"": 20, ""R5"": 10, ""R6"": 20}","{""in"": 24.0, ""n1"": 10.17556, ""n2"": 1.077028, ""n3"": 0.07471568}","{""R1"": 1.395767, ""R2"": 0.5001549, ""R3"": 0.8956125, ""R4"": 0.8918091, ""R5"": 0.003803353, ""R6"": 0.003803353}",True
r_ladder_circuit,r_ladder_circuit__multi_fault_15,multi_fault,R2:partial_open;R4:partial_short,"{""R1"": 10.13683, ""R2"": 506.957078, ""R3"": 10.105309, ""R4"": 1.263061, ""R5"": 9.909793, ""R6"": 20.345395}","{""R1"": 10, ""R2"": 20, ""R3"": 10, ""R4"": 20, ""R5"": 10, ""R6"": 20}","{""in"": 24.0, ""n1"": 12.52837, ""n2"": 1.342135, ""n3"": 0.9025319}","{""R1"": 1.131679, ""R2"": 0.02471287, ""R3"": 1.106966, ""R4"": 1.062605, ""R5"": 0.0443605, ""R6"": 0.0443605}",True
r_ladder_circuit,r_ladder_circuit__multi_fault_16,multi_fault,R3:partial_short;R6:partial_open,"{""R1"": 9.954018, ""R2"": 19.710123, ""R3"": 1.080053, ""R4"": 20.096811, ""R5"": 9.947288, ""R6"": 782.940361}","{""R1"": 10, ""R2"": 20, ""R3"": 10, ""R4"": 20, ""R5"": 10, ""R6"": 20}","{""in"": 24.0, ""n1"": 12.08244, ""n2"": 11.45141, ""n3"": 11.30774}","{""R1"": 1.197262, ""R2"": 0.6130066, ""R3"": 0.584255, ""R4"": 0.5698123, ""R5"": 0.01444266, ""R6"": 0.01444266}",True
r_ladder_circuit,r_ladder_circuit__multi_fault_17,multi_fault,R2:partial_open;R6:partial_short,"{""R1"": 10.045493, ""R2"": 109.201187, ""R3"": 10.19022, ""R4"": 19.823812, ""R5"": 9.941836, ""R6"": 2.849563}","{""R1"": 10, ""R2"": 20, ""R3"": 10, ""R4"": 20, ""R5"": 10, ""R6"": 20}","{""in"": 24.0, ""n1"": 14.53521, ""n2"": 6.290433, ""n3"": 1.401331}","{""R1"": 0.9421924, ""R2"": 0.1331049, ""R3"": 0.8090875, ""R4"": 0.317317, ""R5"": 0.4917705, ""R6"": 0.4917705}",True
r_ladder_circuit,r_ladder_circuit__multi_fault_18,multi_fault,R4:partial_open;R1:partial_short,"{""R1"": 1.342988, ""R2"": 20.101584, ""R3"": 10.069874, ""R4"": 339.377735, ""R5"": 10.028437, ""R6"": 19.637329}","{""R1"": 10, ""R2"": 20, ""R3"": 10, ""R4"": 20, ""R5"": 10, ""R6"": 20}","{""in"": 24.0, ""n1"": 21.76346, ""n2"": 15.89599, ""n3"": 10.52239}","{""R1"": 1.665349, ""R2"": 1.082674, ""R3"": 0.5826749, ""R4"": 0.04683865, ""R5"": 0.5358363, ""R6"": 0.5358363}",True
r_ladder_circuit,r_ladder_circuit__multi_fault_19,multi_fault,R1:partial_open;R3:partial_short,"{""R1"": 337.540857, ""R2"": 20.208967, ""R3"": 1.083313, ""R4"": 19.885463, ""R5"": 9.947066, ""R6"": 20.146863}","{""R1"": 10, ""R2"": 20, ""R3"": 10, ""R4"": 20, ""R5"": 10, ""R6"": 20}","{""in"": 24.0, ""n1"": 0.5510389, ""n2"": 0.5053199, ""n3"": 0.3382945}","{""R1"": 0.06946999, ""R2"": 0.02726705, ""R3"": 0.04220294, ""R4"": 0.02541152, ""R5"": 0.01679142, ""R6"": 0.01679142}",True
r_ladder_circuit,r_ladder_circuit__multi_fault_20,multi_fault,R3:partial_short;R1:partial_open,"{""R1"": 477.935119, ""R2"": 19.744376, ""R3"": 0.947243, ""R4"": 19.810581, ""R5"": 10.066058, ""R6"": 19.734696}","{""R1"": 10, ""R2"": 20, ""R3"": 10, ""R4"": 20, ""R5"": 10, ""R6"": 20}","{""in"": 24.0, ""n1"": 0.3845674, ""n2"": 0.3562126, ""n3"": 0.2358916}","{""R1"": 0.04941138, ""R2"": 0.01947731, ""R3"": 0.02993406, ""R4"": 0.01798092, ""R5"": 0.01195314, ""R6"": 0.01195314}",True
delta_loaded_network,delta_loaded_network__normal_1,normal,,"{""Ra"": 29.654691, ""Rb"": 29.617904, ""Rc"": 29.501545, ""Rload"": 29.794911}","{""Ra"": 30, ""Rb"": 30, ""Rc"": 30, ""Rload"": 30}","{""A"": 12.0, ""B"": 7.216659, ""C"": 9.613037}","{""Ra"": 0.1613013, ""Rb"": -0.0809098, ""Rc"": -0.0809098, ""Rload"": 0.2422111}",True
delta_loaded_network,delta_loaded_network__normal_2,normal,,"{""Ra"": 29.552357, ""Rb"": 30.335712, ""Rc"": 29.632612, ""Rload"": 29.534089}","{""Ra"": 30, ""Rb"": 30, ""Rc"": 30, ""Rload"": 30}","{""A"": 12.0, ""B"": 7.184352, ""C"": 9.620407}","{""Ra"": 0.1629531, ""Rb"": -0.0803032, ""Rc"": -0.0803032, ""Rload"": 0.2432563}",True
delta_loaded_network,delta_loaded_network__normal_3,normal,,"{""Ra"": 30.097272, ""Rb"": 29.747214, ""Rc"": 30.1008, ""Rload"": 29.773095}","{""Ra"": 30, ""Rb"": 30, ""Rc"": 30, ""Rload"": 30}","{""A"": 12.0, ""B"": 7.174342, ""C"": 9.572916}","{""Ra"": 0.1603354, ""Rb"": -0.0806319, ""Rc"": -0.0806319, ""Rload"": 0.2409673}",True
delta_loaded_network,delta_loaded_network__normal_4,normal,,"{""Ra"": 30.078563, ""Rb"": 30.259142, ""Rc"": 30.110595, ""Rload"": 29.923629}","{""Ra"": 30, ""Rb"": 30, ""Rc"": 30, ""Rload"": 30}","{""A"": 12.0, ""B"": 7.181732, ""C"": 9.596794}","{""Ra"": 0.1601894, ""Rb"": -0.0798126, ""Rc"": -0.0798126, ""Rload"": 0.2400021}",True
delta_loaded_network,delta_loaded_network__normal_5,normal,,"{""Ra"": 29.715518, ""Rb"": 29.850652, ""Rc"": 29.929027, ""Rload"": 30.152837}","{""Ra"": 30, ""Rb"": 30, ""Rc"": 30, ""Rload"": 30}","{""A"": 12.0, ""B"": 7.236425, ""C"": 9.61509}","{""Ra"": 0.160306, ""Rb"": -0.0796855, ""Rc"": -0.0796855, ""Rload"": 0.2399915}",True
delta_loaded_network,delta_loaded_network__normal_6,normal,,"{""Ra"": 29.707812, ""Rb"": 29.973783, ""Rc"": 29.907576, ""Rload"": 29.734456}","{""Ra"": 30, ""Rb"": 30, ""Rc"": 30, ""Rload"": 30}","{""A"": 12.0, ""B"": 7.195105, ""C"": 9.600209}","{""Ra"": 0.1617384, ""Rb"": -0.0802403, ""Rc"": -0.0802403, ""Rload"": 0.2419787}",True
delta_loaded_network,delta_loaded_network__normal_7,normal,,"{""Ra"": 30.182772, ""Rb"": 30.532967, ""Rc"": 30.139006, ""Rload"": 29.403013}","{""Ra"": 30, ""Rb"": 30, ""Rc"": 30, ""Rload"": 30}","{""A"": 12.0, ""B"": 7.119547, ""C"": 9.575619}","{""Ra"": 0.1616967, ""Rb"": -0.08044, ""Rc"": -0.08044, ""Rload"": 0.2421366}",True
delta_loaded_network,delta_loaded_network__normal_8,normal,,"{""Ra"": 29.633784, ""Rb"": 29.758702, ""Rc"": 29.76655, ""Rload"": 30.568507}","{""Ra"": 30, ""Rb"": 30, ""Rc"": 30, ""Rload"": 30}","{""A"": 12.0, ""B"": 7.285022, ""C"": 9.6422}","{""Ra"": 0.1591082, ""Rb"": -0.0792097, ""Rc"": -0.0792097, ""Rload"": 0.2383179}",True
delta_loaded_network,delta_loaded_network__normal_9,normal,,"{""Ra"": 30.225275, ""Rb"": 29.888338, ""Rc"": 29.957133, ""Rload"": 30.085384}","{""Ra"": 30, ""Rb"": 30, ""Rc"": 30, ""Rload"": 30}","{""A"": 12.0, ""B"": 7.196329, ""C"": 9.595404}","{""Ra"": 0.1589289, ""Rb"": -0.0802679, ""Rc"": -0.0802679, ""Rload"": 0.2391969}",True
delta_loaded_network,delta_loaded_network__normal_10,normal,,"{""Ra"": 29.914549, ""Rb"": 29.733614, ""Rc"": 30.489741, ""Rload"": 30.227195}","{""Ra"": 30, ""Rb"": 30, ""Rc"": 30, ""Rload"": 30}","{""A"": 12.0, ""B"": 7.223632, ""C"": 9.581832}","{""Ra"": 0.159667, ""Rb"": -0.0793109, ""Rc"": -0.0793109, ""Rload"": 0.2389779}",True
delta_loaded_network,delta_loaded_network__normal_11,normal,,"{""Ra"": 29.621881, ""Rb"": 29.571322, ""Rc"": 29.745899, ""Rload"": 29.483172}","{""Ra"": 30, ""Rb"": 30, ""Rc"": 30, ""Rload"": 30}","{""A"": 12.0, ""B"": 7.185286, ""C"": 9.585558}","{""Ra"": 0.1625391, ""Rb"": -0.0811689, ""Rc"": -0.0811689, ""Rload"": 0.243708}",True
delta_loaded_network,delta_loaded_network__normal_12,normal,,"{""Ra"": 30.167119, ""Rb"": 29.673632, ""Rc"": 30.472259, ""Rload"": 30.228923}","{""Ra"": 30, ""Rb"": 30, ""Rc"": 30, ""Rload"": 30}","{""A"": 12.0, ""B"": 7.208896, ""C"": 9.57264}","{""Ra"": 0.1588187, ""Rb"": -0.079658, ""Rc"": -0.079658, ""Rload"": 0.2384768}",True
delta_loaded_network,delta_loaded_network__normal_13,normal,,"{""Ra"": 29.711336, ""Rb"": 29.689952, ""Rc"": 30.037568, ""Rload"": 30.2938}","{""Ra"": 30, ""Rb"": 30, ""Rc"": 30, ""Rload"": 30}","{""A"": 12.0, ""B"": 7.250918, ""C"": 9.611639}","{""Ra"": 0.1598407, ""Rb"": -0.0795125, ""Rc"": -0.0795125, ""Rload"": 0.2393532}",True
delta_loaded_network,delta_loaded_network__normal_14,normal,,"{""Ra"": 29.647167, ""Rb"": 29.976324, ""Rc"": 30.07687, ""Rload"": 29.95868}","{""Ra"": 30, ""Rb"": 30, ""Rc"": 30, ""Rload"": 30}","{""A"": 12.0, ""B"": 7.217935, ""C"": 9.604964}","{""Ra"": 0.1612992, ""Rb"": -0.0796305, ""Rc"": -0.0796305, ""Rload"": 0.2409297}",True
delta_loaded_network,delta_loaded_network__normal_15,normal,,"{""Ra"": 30.327542, ""Rb"": 30.017336, ""Rc"": 29.598401, ""Rload"": 30.026817}","{""Ra"": 30, ""Rb"": 30, ""Rc"": 30, ""Rload"": 30}","{""A"": 12.0, ""B"": 7.187983, ""C"": 9.610899}","{""Ra"": 0.1586682, ""Rb"": -0.0807172, ""Rc"": -0.0807172, ""Rload"": 0.2393854}",True
delta_loaded_network,delta_loaded_network__normal_16,normal,,"{""Ra"": 30.024901, ""Rb"": 29.703088, ""Rc"": 30.17555, ""Rload"": 30.003693}","{""Ra"": 30, ""Rb"": 30, ""Rc"": 30, ""Rload"": 30}","{""A"": 12.0, ""B"": 7.200708, ""C"": 9.58142}","{""Ra"": 0.1598437, ""Rb"": -0.0801503, ""Rc"": -0.0801503, ""Rload"": 0.2399941}",True
delta_loaded_network,delta_loaded_network__normal_17,normal,,"{""Ra"": 29.966318, ""Rb"": 29.80637, ""Rc"": 30.115881, ""Rload"": 29.880912}","{""Ra"": 30, ""Rb"": 30, ""Rc"": 30, ""Rload"": 30}","{""A"": 12.0, ""B"": 7.191944, ""C"": 9.583555}","{""Ra"": 0.1604487, ""Rb"": -0.0802382, ""Rc"": -0.0802382, ""Rload"": 0.2406869}",True
delta_loaded_network,delta_loaded_network__normal_18,normal,,"{""Ra"": 30.196091, ""Rb"": 30.169539, ""Rc"": 29.795514, ""Rload"": 29.550284}","{""Ra"": 30, ""Rb"": 30, ""Rc"": 30, ""Rload"": 30}","{""A"": 12.0, ""B"": 7.144462, ""C"": 9.587374}","{""Ra"": 0.1608002, ""Rb"": -0.0809728, ""Rc"": -0.0809728, ""Rload"": 0.241773}",True
delta_loaded_network,delta_loaded_network__normal_19,normal,,"{""Ra"": 30.520013, ""Rb"": 29.762172, ""Rc"": 29.820463, ""Rload"": 29.747215}","{""Ra"": 30, ""Rb"": 30, ""Rc"": 30, ""Rload"": 30}","{""A"": 12.0, ""B"": 7.149435, ""C"": 9.572345}","{""Ra"": 0.1589306, ""Rb"": -0.081409, ""Rc"": -0.081409, ""Rload"": 0.2403397}",True
delta_loaded_network,delta_loaded_network__normal_20,normal,,"{""Ra"": 29.974264, ""Rb"": 30.007869, ""Rc"": 29.835119, ""Rload"": 29.499367}","{""Ra"": 30, ""Rb"": 30, ""Rc"": 30, ""Rload"": 30}","{""A"": 12.0, ""B"": 7.155631, ""C"": 9.584807}","{""Ra"": 0.1616176, ""Rb"": -0.0809513, ""Rc"": -0.0809513, ""Rload"": 0.242569}",True
delta_loaded_network,delta_loaded_network__partial_short_1,partial_short,Ra,"{""Ra"": 3.8777, ""Rb"": 29.811032, ""Rc"": 30.390161, ""Rload"": 29.584491}","{""Ra"": 30, ""Rb"": 30, ""Rc"": 30, ""Rload"": 30}","{""A"": 12.0, ""B"": 10.68433, ""C"": 11.33584}","{""Ra"": 0.3392917, ""Rb"": -0.0218546, ""Rc"": -0.0218546, ""Rload"": 0.3611463}",True
delta_loaded_network,delta_loaded_network__partial_short_2,partial_short,Rload,"{""Ra"": 29.95964, ""Rb"": 30.015191, ""Rc"": 29.769179, ""Rload"": 3.91446}","{""Ra"": 30, ""Rb"": 30, ""Rc"": 30, ""Rload"": 30}","{""A"": 12.0, ""B"": 1.96768, ""C"": 7.004481}","{""Ra"": 0.3348612, ""Rb"": -0.167808, ""Rc"": -0.167808, ""Rload"": 0.5026696}",True
delta_loaded_network,delta_loaded_network__partial_short_3,partial_short,Rc,"{""Ra"": 29.700536, ""Rb"": 29.701313, ""Rc"": 2.385487, ""Rload"": 29.699677}","{""Ra"": 30, ""Rb"": 30, ""Rc"": 30, ""Rload"": 30}","{""A"": 12.0, ""B"": 7.898243, ""C"": 11.69506}","{""Ra"": 0.1381038, ""Rb"": -0.127833, ""Rc"": -0.127833, ""Rload"": 0.265937}",True
delta_loaded_network,delta_loaded_network__partial_short_4,partial_short,Rb,"{""Ra"": 29.512204, ""Rb"": 2.139044, ""Rc"": 30.422058, ""Rload"": 29.490193}","{""Ra"": 30, ""Rb"": 30, ""Rc"": 30, ""Rload"": 30}","{""A"": 12.0, ""B"": 7.869109, ""C"": 8.14048}","{""Ra"": 0.1399723, ""Rb"": -0.126866, ""Rc"": -0.126866, ""Rload"": 0.2668381}",True
delta_loaded_network,delta_loaded_network__partial_short_5,partial_short,Rb,"{""Ra"": 29.686922, ""Rb"": 2.073875, ""Rc"": 29.775576, ""Rload"": 29.841549}","{""Ra"": 30, ""Rb"": 30, ""Rc"": 30, ""Rload"": 30}","{""A"": 12.0, ""B"": 7.921371, ""C"": 8.186951}","{""Ra"": 0.1373881, ""Rb"": -0.12806, ""Rc"": -0.12806, ""Rload"": 0.2654477}",True
delta_loaded_network,delta_loaded_network__partial_short_6,partial_short,Rc,"{""Ra"": 30.536172, ""Rb"": 29.944846, ""Rc"": 3.997186, ""Rload"": 30.396186}","{""Ra"": 30, ""Rb"": 30, ""Rc"": 30, ""Rload"": 30}","{""A"": 12.0, ""B"": 7.849113, ""C"": 11.51117}","{""Ra"": 0.1359335, ""Rb"": -0.122293, ""Rc"": -0.122293, ""Rload"": 0.2582269}",True
delta_loaded_network,delta_loaded_network__partial_short_7,partial_short,Rb,"{""Ra"": 30.425597, ""Rb"": 2.066574, ""Rc"": 30.133258, ""Rload"": 30.028511}","{""Ra"": 30, ""Rb"": 30, ""Rc"": 30, ""Rload"": 30}","{""A"": 12.0, ""B"": 7.88973, ""C"": 8.153526}","{""Ra"": 0.1350925, ""Rb"": -0.127649, ""Rc"": -0.127649, ""Rload"": 0.2627413}",True
delta_loaded_network,delta_loaded_network__partial_short_8,partial_short,Rload,"{""Ra"": 29.504218, ""Rb"": 29.816262, ""Rc"": 30.253119, ""Rload"": 4.064692}","{""Ra"": 30, ""Rb"": 30, ""Rc"": 30, ""Rload"": 30}","{""A"": 12.0, ""B"": 2.045072, ""C"": 6.986337}","{""Ra"": 0.337407, ""Rb"": -0.165724, ""Rc"": -0.165724, ""Rload"": 0.5031308}",True
delta_loaded_network,delta_loaded_network__partial_short_9,partial_short,Rload,"{""Ra"": 30.558453, ""Rb"": 30.137693, ""Rc"": 30.061554, ""Rload"": 1.473334}","{""Ra"": 30, ""Rb"": 30, ""Rc"": 30, ""Rload"": 30}","{""A"": 12.0, ""B"": 0.813149, ""C"": 6.413649}","{""Ra"": 0.3660804, ""Rb"": -0.18583, ""Rc"": -0.18583, ""Rload"": 0.5519108}",True
delta_loaded_network,delta_loaded_network__partial_short_10,partial_short,Rb,"{""Ra"": 29.698412, ""Rb"": 3.818834, ""Rc"": 29.443888, ""Rload"": 30.261366}","{""Ra"": 30, ""Rb"": 30, ""Rc"": 30, ""Rload"": 30}","{""A"": 12.0, ""B"": 7.902652, ""C"": 8.373062}","{""Ra"": 0.1379652, ""Rb"": -0.123181, ""Rc"": -0.123181, ""Rload"": 0.2611466}",True
delta_loaded_network,delta_loaded_network__partial_short_11,partial_short,Rc,"{""Ra"": 30.275476, ""Rb"": 30.583497, ""Rc"": 1.656363, ""Rload"": 29.548501}","{""Ra"": 30, ""Rb"": 30, ""Rc"": 30, ""Rload"": 30}","{""A"": 12.0, ""B"": 7.851352, ""C"": 11.78686}","{""Ra"": 0.13703, ""Rb"": -0.128681, ""Rc"": -0.128681, ""Rload"": 0.2657107}",True
delta_loaded_network,delta_loaded_network__partial_short_12,partial_short,Ra,"{""Ra"": 0.813234, ""Rb"": 29.666862, ""Rc"": 29.505481, ""Rload"": 30.438714}","{""Ra"": 30, ""Rb"": 30, ""Rc"": 30, ""Rload"": 30}","{""A"": 12.0, ""B"": 11.69186, ""C"": 11.84635}","{""Ra"": 0.3789041, ""Rb"": -0.00520746, ""Rc"": -0.00520746, ""Rload"": 0.3841116}",True
delta_loaded_network,delta_loaded_network__partial_short_13,partial_short,Rc,"{""Ra"": 29.704611, ""Rb"": 30.501506, ""Rc"": 4.086398, ""Rload"": 29.71515}","{""Ra"": 30, ""Rb"": 30, ""Rc"": 30, ""Rload"": 30}","{""A"": 12.0, ""B"": 7.803425, ""C"": 11.50419}","{""Ra"": 0.1412769, ""Rb"": -0.121331, ""Rc"": -0.121331, ""Rload"": 0.2626076}",True
delta_loaded_network,delta_loaded_network__partial_short_14,partial_short,Ra,"{""Ra"": 0.469877, ""Rb"": 29.894278, ""Rc"": 29.551348, ""Rload"": 30.205095}","{""Ra"": 30, ""Rb"": 30, ""Rc"": 30, ""Rload"": 30}","{""A"": 12.0, ""B"": 11.8176, ""C"": 11.90933}","{""Ra"": 0.3881771, ""Rb"": -0.00306827, ""Rc"": -0.00306827, ""Rload"": 0.3912454}",True
delta_loaded_network,delta_loaded_network__partial_short_15,partial_short,Ra,"{""Ra"": 1.257737, ""Rb"": 29.978966, ""Rc"": 30.439763, ""Rload"": 29.566008}","{""Ra"": 30, ""Rb"": 30, ""Rc"": 30, ""Rload"": 30}","{""A"": 12.0, ""B"": 11.51994, ""C"": 11.75814}","{""Ra"": 0.3816888, ""Rb"": -0.00794562, ""Rc"": -0.00794562, ""Rload"": 0.3896345}",True
delta_loaded_network,delta_loaded_network__partial_short_16,partial_short,Rb,"{""Ra"": 29.841479, ""Rb"": 3.177893, ""Rc"": 30.458182, ""Rload"": 30.021695}","{""Ra"": 30, ""Rb"": 30, ""Rc"": 30, ""Rload"": 30}","{""A"": 12.0, ""B"": 7.860047, ""C"": 8.251184}","{""Ra"": 0.1387315, ""Rb"": -0.123081, ""Rc"": -0.123081, ""Rload"": 0.2618122}",True
delta_loaded_network,delta_loaded_network__partial_short_17,partial_short,Rc,"{""Ra"": 30.066382, ""Rb"": 29.572783, ""Rc"": 1.091694, ""Rload"": 30.382647}","{""Ra"": 30, ""Rb"": 30, ""Rc"": 30, ""Rload"": 30}","{""A"": 12.0, ""B"": 8.00177, ""C"": 11.85766}","{""Ra"": 0.1329801, ""Rb"": -0.130386, ""Rc"": -0.130386, ""Rload"": 0.2633665}",True
delta_loaded_network,delta_loaded_network__partial_short_18,partial_short,Rb,"{""Ra"": 29.832302, ""Rb"": 3.849191, ""Rc"": 30.066912, ""Rload"": 30.587877}","{""Ra"": 30, ""Rb"": 30, ""Rc"": 30, ""Rload"": 30}","{""A"": 12.0, ""B"": 7.900514, ""C"": 8.365771}","{""Ra"": 0.1374177, ""Rb"": -0.120871, ""Rc"": -0.120871, ""Rload"": 0.2582891}",True
delta_loaded_network,delta_loaded_network__partial_short_19,partial_short,Rload,"{""Ra"": 30.452517, ""Rb"": 30.346838, ""Rc"": 29.769258, ""Rload"": 1.63108}","{""Ra"": 30, ""Rb"": 30, ""Rc"": 30, ""Rload"": 30}","{""A"": 12.0, ""B"": 0.89602, ""C"": 6.501352}","{""Ra"": 0.3646326, ""Rb"": -0.184709, ""Rc"": -0.184709, ""Rload"": 0.5493415}",True
delta_loaded_network,delta_loaded_network__partial_short_20,partial_short,Ra,"{""Ra"": 4.319423, ""Rb"": 29.884325, ""Rc"": 30.058809, ""Rload"": 30.429926}","{""Ra"": 30, ""Rb"": 30, ""Rc"": 30, ""Rload"": 30}","{""A"": 12.0, ""B"": 10.59691, ""C"": 11.29641}","{""Ra"": 0.3248327, ""Rb"": -0.023407, ""Rc"": -0.023407, ""Rload"": 0.3482398}",True
delta_loaded_network,delta_loaded_network__partial_open_1,partial_open,Rload,"{""Ra"": 30.330293, ""Rb"": 29.406769, ""Rc"": 30.051118, ""Rload"": 1345.958429}","{""Ra"": 30, ""Rb"": 30, ""Rc"": 30, ""Rload"": 30}","{""A"": 12.0, ""B"": 11.82357, ""C"": 11.91083}","{""Ra"": 0.005817108, ""Rb"": -0.00296739, ""Rc"": -0.00296739, ""Rload"": 0.008784495}",True
delta_loaded_network,delta_loaded_network__partial_open_2,partial_open,Rb,"{""Ra"": 30.414107, ""Rb"": 1465.34169, ""Rc"": 29.419255, ""Rload"": 29.572166}","{""Ra"": 30, ""Rb"": 30, ""Rc"": 30, ""Rload"": 30}","{""A"": 12.0, ""B"": 5.97621, ""C"": 11.88144}","{""Ra"": 0.1980591, ""Rb"": -0.00402994, ""Rc"": -0.00402994, ""Rload"": 0.202089}",True
delta_loaded_network,delta_loaded_network__partial_open_3,partial_open,Ra,"{""Ra"": 728.842331, ""Rb"": 30.137514, ""Rc"": 29.464839, ""Rload"": 29.502983}","{""Ra"": 30, ""Rb"": 30, ""Rc"": 30, ""Rload"": 30}","{""A"": 12.0, ""B"": 4.184835, ""C"": 8.136519}","{""Ra"": 0.01072271, ""Rb"": -0.131122, ""Rc"": -0.131122, ""Rload"": 0.1418445}",True
delta_loaded_network,delta_loaded_network__partial_open_4,partial_open,Rb,"{""Ra"": 29.915732, ""Rb"": 1024.761809, ""Rc"": 29.533351, ""Rload"": 30.234975}","{""Ra"": 30, ""Rb"": 30, ""Rc"": 30, ""Rload"": 30}","{""A"": 12.0, ""B"": 6.11577, ""C"": 11.83517}","{""Ra"": 0.1966935, ""Rb"": -0.0055812, ""Rc"": -0.0055812, ""Rload"": 0.2022747}",True
delta_loaded_network,delta_loaded_network__partial_open_5,partial_open,Rload,"{""Ra"": 29.460144, ""Rb"": 29.720485, ""Rc"": 30.372599, ""Rload"": 1298.322106}","{""Ra"": 30, ""Rb"": 30, ""Rc"": 30, ""Rload"": 30}","{""A"": 12.0, ""B"": 11.82002, ""C"": 11.90904}","{""Ra"": 0.006109127, ""Rb"": -0.00299495, ""Rc"": -0.00299495, ""Rload"": 0.009104077}",True
delta_loaded_network,delta_loaded_network__partial_open_6,partial_open,Ra,"{""Ra"": 569.0501, ""Rb"": 29.580311, ""Rc"": 29.544156, ""Rload"": 30.090727}","{""Ra"": 30, ""Rb"": 30, ""Rc"": 30, ""Rload"": 30}","{""A"": 12.0, ""B"": 4.316644, ""C"": 8.160671}","{""Ra"": 0.01350207, ""Rb"": -0.129952, ""Rc"": -0.129952, ""Rload"": 0.1434543}",True
delta_loaded_network,delta_loaded_network__partial_open_7,partial_open,Rload,"{""Ra"": 30.27802, ""Rb"": 29.60168, ""Rc"": 30.026526, ""Rload"": 826.873233}","{""Ra"": 30, ""Rb"": 30, ""Rc"": 30, ""Rload"": 30}","{""A"": 12.0, ""B"": 11.71548, ""C"": 11.85673}","{""Ra"": 0.009396869, ""Rb"": -0.00477154, ""Rc"": -0.00477154, ""Rload"": 0.01416841}",True
delta_loaded_network,delta_loaded_network__partial_open_8,partial_open,Rb,"{""Ra"": 30.134558, ""Rb"": 1208.938842, ""Rc"": 30.518821, ""Rload"": 30.246035}","{""Ra"": 30, ""Rb"": 30, ""Rc"": 30, ""Rload"": 30}","{""A"": 12.0, ""B"": 6.083138, ""C"": 11.85431}","{""Ra"": 0.1963481, ""Rb"": -0.00477375, ""Rc"": -0.00477375, ""Rload"": 0.2011218}",True
delta_loaded_network,delta_loaded_network__partial_open_9,partial_open,Ra,"{""Ra"": 386.695593, ""Rb"": 30.106998, ""Rc"": 30.051272, ""Rload"": 29.984474}","{""Ra"": 30, ""Rb"": 30, ""Rc"": 30, ""Rload"": 30}","{""A"": 12.0, ""B"": 4.385626, ""C"": 8.19634}","{""Ra"": 0.01969087, ""Rb"": -0.126572, ""Rc"": -0.126572, ""Rload"": 0.1462632}",True
delta_loaded_network,delta_loaded_network__partial_open_10,partial_open,Rb,"{""Ra"": 30.228188, ""Rb"": 213.831492, ""Rc"": 30.214709, ""Rload"": 30.402018}","{""Ra"": 30, ""Rb"": 30, ""Rc"": 30, ""Rload"": 30}","{""A"": 12.0, ""B"": 6.367058, ""C"": 11.3026}","{""Ra"": 0.1863473, ""Rb"": -0.0230815, ""Rc"": -0.0230815, ""Rload"": 0.2094288}",True
delta_loaded_network,delta_loaded_network__partial_open_11,partial_open,Rb,"{""Ra"": 30.384703, ""Rb"": 982.565489, ""Rc"": 29.920776, ""Rload"": 29.594087}","{""Ra"": 30, ""Rb"": 30, ""Rc"": 30, ""Rload"": 30}","{""A"": 12.0, ""B"": 6.009611, ""C"": 11.82297}","{""Ra"": 0.1971515, ""Rb"": -0.00591651, ""Rc"": -0.00591651, ""Rload"": 0.203068}",True
delta_loaded_network,delta_loaded_network__partial_open_12,partial_open,Ra,"{""Ra"": 1283.985529, ""Rb"": 29.816249, ""Rc"": 30.00701, ""Rload"": 30.043687}","{""Ra"": 30, ""Rb"": 30, ""Rc"": 30, ""Rload"": 30}","{""A"": 12.0, ""B"": 4.134274, ""C"": 8.054596}","{""Ra"": 0.006126024, ""Rb"": -0.131483, ""Rc"": -0.131483, ""Rload"": 0.1376088}",True
delta_loaded_network,delta_loaded_network__partial_open_13,partial_open,Rc,"{""Ra"": 29.600881, ""Rb"": 30.385391, ""Rc"": 1023.238414, ""Rload"": 29.935322}","{""Ra"": 30, ""Rb"": 30, ""Rc"": 30, ""Rload"": 30}","{""A"": 12.0, ""B"": 6.116811, ""C"": 6.286476}","{""Ra"": 0.1987505, ""Rb"": -0.00558377, ""Rc"": -0.00558377, ""Rload"": 0.2043342}",True
delta_loaded_network,delta_loaded_network__partial_open_14,partial_open,Rload,"{""Ra"": 29.585107, ""Rb"": 30.240074, ""Rc"": 29.696439, ""Rload"": 1368.54043}","{""Ra"": 30, ""Rb"": 30, ""Rc"": 30, ""Rload"": 30}","{""A"": 12.0, ""B"": 11.82879, ""C"": 11.91517}","{""Ra"": 0.005786905, ""Rb"": -0.00285646, ""Rc"": -0.00285646, ""Rload"": 0.008643365}",True
delta_loaded_network,delta_loaded_network__partial_open_15,partial_open,Rload,"{""Ra"": 29.882392, ""Rb"": 29.77941, ""Rc"": 30.24257, ""Rload"": 1431.256857}","{""Ra"": 30, ""Rb"": 30, ""Rc"": 30, ""Rload"": 30}","{""A"": 12.0, ""B"": 11.83503, ""C"": 11.91688}","{""Ra"": 0.005520538, ""Rb"": -0.00274844, ""Rc"": -0.00274844, ""Rload"": 0.008268979}",True
delta_loaded_network,delta_loaded_network__partial_open_16,partial_open,Ra,"{""Ra"": 640.706184, ""Rb"": 30.54473, ""Rc"": 29.471973, ""Rload"": 30.593022}","{""Ra"": 30, ""Rb"": 30, ""Rc"": 30, ""Rload"": 30}","{""A"": 12.0, ""B"": 4.295299, ""C"": 8.216508}","{""Ra"": 0.01202533, ""Rb"": -0.128376, ""Rc"": -0.128376, ""Rload"": 0.1404013}",True
delta_loaded_network,delta_loaded_network__partial_open_17,partial_open,Ra,"{""Ra"": 1436.029761, ""Rb"": 30.155132, ""Rc"": 30.179178, ""Rload"": 29.494353}","{""Ra"": 30, ""Rb"": 30, ""Rc"": 30, ""Rload"": 30}","{""A"": 12.0, ""B"": 4.049756, ""C"": 8.023294}","{""Ra"": 0.005536267, ""Rb"": -0.13177, ""Rc"": -0.13177, ""Rload"": 0.1373061}",True
delta_loaded_network,delta_loaded_network__partial_open_18,partial_open,Rload,"{""Ra"": 29.619614, ""Rb"": 29.587309, ""Rc"": 30.306683, ""Rload"": 950.909135}","{""Ra"": 30, ""Rb"": 30, ""Rc"": 30, ""Rload"": 30}","{""A"": 12.0, ""B"": 11.755, ""C"": 11.87603}","{""Ra"": 0.008271381, ""Rb"": -0.00409048, ""Rc"": -0.00409048, ""Rload"": 0.01236186}",True
delta_loaded_network,delta_loaded_network__partial_open_19,partial_open,Rc,"{""Ra"": 29.774959, ""Rb"": 29.441086, ""Rc"": 266.304477, ""Rload"": 30.239474}","{""Ra"": 30, ""Rb"": 30, ""Rc"": 30, ""Rload"": 30}","{""A"": 12.0, ""B"": 6.333874, ""C"": 6.897929}","{""Ra"": 0.1902984, ""Rb"": -0.0191588, ""Rc"": -0.0191588, ""Rload"": 0.2094571}",True
delta_loaded_network,delta_loaded_network__partial_open_20,partial_open,Rc,"{""Ra"": 30.567019, ""Rb"": 30.278984, ""Rc"": 474.762344, ""Rload"": 30.405662}","{""Ra"": 30, ""Rb"": 30, ""Rc"": 30, ""Rload"": 30}","{""A"": 12.0, ""B"": 6.160372, ""C"": 6.510478}","{""Ra"": 0.1910434, ""Rb"": -0.0115627, ""Rc"": -0.0115627, ""Rload"": 0.2026061}",True
delta_loaded_network,delta_loaded_network__wrong_component_type_1,wrong_component_type,Rc,"{""Ra"": 30.148252, ""Rb"": 30.234048, ""Rc"": 3.61e-06, ""Rload"": 29.623764}","{""Ra"": 30, ""Rb"": 30, ""Rc"": 30, ""Rload"": 30}","{""A"": 12.0, ""B"": 5.947351, ""C"": 5.947351}","{""Ra"": 0.2007628, ""Rb"": 0.0, ""Rload"": 0.2007628}",True
delta_loaded_network,delta_loaded_network__wrong_component_type_2,wrong_component_type,Ra,"{""Ra"": 5.89e-06, ""Rb"": 30.58089, ""Rc"": 29.878632, ""Rload"": 29.503542}","{""Ra"": 30, ""Rb"": 30, ""Rc"": 30, ""Rload"": 30}","{""A"": 12.0, ""B"": 3.935421, ""C"": 8.014547}","{""Rb"": -0.133388, ""Rc"": -0.133388, ""Rload"": 0.1333881}",True
delta_loaded_network,delta_loaded_network__wrong_component_type_3,wrong_component_type,Rc,"{""Ra"": 29.768317, ""Rb"": 29.913862, ""Rc"": 5.59e-06, ""Rload"": 30.558295}","{""Ra"": 30, ""Rb"": 30, ""Rc"": 30, ""Rload"": 30}","{""A"": 12.0, ""B"": 6.07857, ""C"": 6.07857}","{""Ra"": 0.1989172, ""Rb"": -2.96912e-17, ""Rload"": 0.1989172}",True
delta_loaded_network,delta_loaded_network__wrong_component_type_4,wrong_component_type,Rb,"{""Ra"": 30.016266, ""Rb"": 1.23e-06, ""Rc"": 29.588322, ""Rload"": 29.927202}","{""Ra"": 30, ""Rb"": 30, ""Rc"": 30, ""Rload"": 30}","{""A"": 12.0, ""B"": 5.991085, ""C"": 12.0}","{""Ra"": 0.2001886, ""Rc"": 0.0, ""Rload"": 0.2001886}",True
delta_loaded_network,delta_loaded_network__wrong_component_type_5,wrong_component_type,Ra,"{""Ra"": 4.11e-06, ""Rb"": 29.802442, ""Rc"": 29.971399, ""Rload"": 29.745105}","{""Ra"": 30, ""Rb"": 30, ""Rc"": 30, ""Rload"": 30}","{""A"": 12.0, ""B"": 3.987326, ""C"": 7.982339}","{""Rb"": -0.13405, ""Rc"": -0.13405, ""Rload"": 0.1340498}",True
delta_loaded_network,delta_loaded_network__wrong_component_type_6,wrong_component_type,Rload,"{""Ra"": 29.689788, ""Rb"": 29.550634, ""Rc"": 29.512293, ""Rload"": 6.51e-06}","{""Ra"": 30, ""Rb"": 30, ""Rc"": 30, ""Rload"": 30}","{""A"": 12.0, ""B"": 12.0, ""C"": 12.0}","{""Ra"": 0.0, ""Rb"": -6.01123e-17, ""Rc"": 6.01904e-17}",True
delta_loaded_network,delta_loaded_network__wrong_component_type_7,wrong_component_type,Ra,"{""Ra"": 1.36e-06, ""Rb"": 29.995306, ""Rc"": 30.595518, ""Rload"": 30.355296}","{""Ra"": 30, ""Rb"": 30, ""Rc"": 30, ""Rload"": 30}","{""A"": 12.0, ""B"": 4.005268, ""C"": 7.963036}","{""Rb"": -0.131946, ""Rc"": -0.131946, ""Rload"": 0.1319463}",True
delta_loaded_network,delta_loaded_network__wrong_component_type_8,wrong_component_type,Rc,"{""Ra"": 30.333292, ""Rb"": 29.455284, ""Rc"": 9.58e-06, ""Rload"": 29.646021}","{""Ra"": 30, ""Rb"": 30, ""Rc"": 30, ""Rload"": 30}","{""A"": 12.0, ""B"": 5.931249, ""C"": 5.931249}","{""Ra"": 0.200069, ""Rb"": 0.0, ""Rload"": 0.200069}",True
delta_loaded_network,delta_loaded_network__wrong_component_type_9,wrong_component_type,Rb,"{""Ra"": 30.202273, ""Rb"": 8.28e-06, ""Rc"": 29.693349, ""Rload"": 30.422883}","{""Ra"": 30, ""Rb"": 30, ""Rc"": 30, ""Rload"": 30}","{""A"": 12.0, ""B"": 6.021834, ""C"": 12.0}","{""Ra"": 0.1979376, ""Rc"": 0.0, ""Rload"": 0.1979376}",True
delta_loaded_network,delta_loaded_network__wrong_component_type_10,wrong_component_type,Rc,"{""Ra"": 29.42288, ""Rb"": 30.54264, ""Rc"": 7.42e-06, ""Rload"": 30.538863}","{""Ra"": 30, ""Rb"": 30, ""Rc"": 30, ""Rload"": 30}","{""A"": 12.0, ""B"": 6.11167, ""C"": 6.11167}","{""Ra"": 0.2001276, ""Rb"": -2.90799e-17, ""Rload"": 0.2001276}",True
delta_loaded_network,delta_loaded_network__wrong_component_type_11,wrong_component_type,Rb,"{""Ra"": 30.050752, ""Rb"": 9.71e-06, ""Rc"": 30.495262, ""Rload"": 30.227347}","{""Ra"": 30, ""Rb"": 30, ""Rc"": 30, ""Rload"": 30}","{""A"": 12.0, ""B"": 6.017578, ""C"": 12.0}","{""Ra"": 0.1990773, ""Rc"": 0.0, ""Rload"": 0.1990773}",True
delta_loaded_network,delta_loaded_network__wrong_component_type_12,wrong_component_type,Rb,"{""Ra"": 29.580801, ""Rb"": 1.64e-06, ""Rc"": 29.845391, ""Rload"": 29.955619}","{""Ra"": 30, ""Rb"": 30, ""Rc"": 30, ""Rload"": 30}","{""A"": 12.0, ""B"": 6.037774, ""C"": 12.0}","{""Ra"": 0.2015573, ""Rc"": 0.0, ""Rload"": 0.2015573}",True
delta_loaded_network,delta_loaded_network__wrong_component_type_13,wrong_component_type,Rload,"{""Ra"": 29.873615, ""Rb"": 30.502497, ""Rc"": 30.56175, ""Rload"": 7.75e-06}","{""Ra"": 30, ""Rb"": 30, ""Rc"": 30, ""Rload"": 30}","{""A"": 12.0, ""B"": 12.0, ""C"": 12.0}","{""Ra"": 1.189248e-16, ""Rb"": -5.82364e-17, ""Rc"": -5.81235e-17}",True
delta_loaded_network,delta_loaded_network__wrong_component_type_14,wrong_component_type,Ra,"{""Ra"": 8.34e-06, ""Rb"": 29.893878, ""Rc"": 30.27031, ""Rload"": 30.05115}","{""Ra"": 30, ""Rb"": 30, ""Rc"": 30, ""Rload"": 30}","{""A"": 12.0, ""B"": 3.997256, ""C"": 7.973592}","{""Rb"": -0.133015, ""Rc"": -0.133015, ""Rload"": 0.1330151}",True
delta_loaded_network,delta_loaded_network__wrong_component_type_15,wrong_component_type,Rc,"{""Ra"": 30.19808, ""Rb"": 30.285368, ""Rc"": 4.76e-06, ""Rload"": 30.436286}","{""Ra"": 30, ""Rb"": 30, ""Rc"": 30, ""Rload"": 30}","{""A"": 12.0, ""B"": 6.023571, ""C"": 6.023571}","{""Ra"": 0.1979076, ""Rb"": 0.0, ""Rload"": 0.1979076}",True
delta_loaded_network,delta_loaded_network__wrong_component_type_16,wrong_component_type,Ra,"{""Ra"": 1.3e-06, ""Rb"": 30.271885, ""Rc"": 29.440213, ""Rload"": 30.250816}","{""Ra"": 30, ""Rb"": 30, ""Rc"": 30, ""Rload"": 30}","{""A"": 12.0, ""B"": 4.035105, ""C"": 8.07302}","{""Rb"": -0.133388, ""Rc"": -0.133388, ""Rload"": 0.1333883}",True
delta_loaded_network,delta_loaded_network__wrong_component_type_17,wrong_component_type,Ra,"{""Ra"": 7.55e-06, ""Rb"": 30.333163, ""Rc"": 29.924823, ""Rload"": 29.906932}","{""Ra"": 30, ""Rb"": 30, ""Rc"": 30, ""Rload"": 30}","{""A"": 12.0, ""B"": 3.980297, ""C"": 8.017322}","{""Rb"": -0.133089, ""Rc"": -0.133089, ""Rload"": 0.1330895}",True
delta_loaded_network,delta_loaded_network__wrong_component_type_18,wrong_component_type,Ra,"{""Ra"": 1.42e-06, ""Rb"": 29.525554, ""Rc"": 29.625864, ""Rload"": 30.270373}","{""Ra"": 30, ""Rb"": 30, ""Rc"": 30, ""Rload"": 30}","{""A"": 12.0, ""B"": 4.062147, ""C"": 8.024343}","{""Rb"": -0.134195, ""Rc"": -0.134195, ""Rload"": 0.1341955}",True
delta_loaded_network,delta_loaded_network__wrong_component_type_19,wrong_component_type,Rb,"{""Ra"": 29.98285, ""Rb"": 6.01e-06, ""Rc"": 29.873333, ""Rload"": 29.943029}","{""Ra"": 30, ""Rb"": 30, ""Rc"": 30, ""Rload"": 30}","{""A"": 12.0, ""B"": 5.996013, ""C"": 12.0}","{""Ra"": 0.2002474, ""Rc"": 0.0, ""Rload"": 0.2002474}",True
delta_loaded_network,delta_loaded_network__wrong_component_type_20,wrong_component_type,Rload,"{""Ra"": 30.256318, ""Rb"": 30.57012, ""Rc"": 30.03988, ""Rload"": 5.67e-06}","{""Ra"": 30, ""Rb"": 30, ""Rc"": 30, ""Rload"": 30}","{""A"": 12.0, ""B"": 12.0, ""C"": 12.0}","{""Ra"": -5.87103e-17, ""Rb"": -5.81076e-17, ""Rc"": 1.182666e-16}",True
delta_loaded_network,delta_loaded_network__multi_fault_1,multi_fault,Rload:partial_open;Ra:partial_short,"{""Ra"": 3.724903, ""Rb"": 30.202071, ""Rc"": 29.89579, ""Rload"": 1095.196595}","{""Ra"": 30, ""Rb"": 30, ""Rc"": 30, ""Rload"": 30}","{""A"": 12.0, ""B"": 11.96169, ""C"": 11.98094}","{""Ra"": 0.01028452, ""Rb"": -0.000637441, ""Rc"": -0.000637441, ""Rload"": 0.01092196}",True
delta_loaded_network,delta_loaded_network__multi_fault_2,multi_fault,Rb:partial_short;Rload:partial_open,"{""Ra"": 30.097021, ""Rb"": 1.879161, ""Rc"": 29.408883, ""Rload"": 192.873351}","{""Ra"": 30, ""Rb"": 30, ""Rc"": 30, ""Rload"": 30}","{""A"": 12.0, ""B"": 11.11588, ""C"": 11.16898}","{""Ra"": 0.02937564, ""Rb"": -0.0282574, ""Rc"": -0.0282574, ""Rload"": 0.05763306}",True
delta_loaded_network,delta_loaded_network__multi_fault_3,multi_fault,Rb:partial_short;Rload:partial_open,"{""Ra"": 29.497547, ""Rb"": 1.187764, ""Rc"": 30.15863, ""Rload"": 661.810523}","{""Ra"": 30, ""Rb"": 30, ""Rc"": 30, ""Rload"": 30}","{""A"": 12.0, ""B"": 11.73063, ""C"": 11.74084}","{""Ra"": 0.009131835, ""Rb"": -0.00859323, ""Rc"": -0.00859323, ""Rload"": 0.01772506}",True
delta_loaded_network,delta_loaded_network__multi_fault_4,multi_fault,Ra:partial_open;Rc:partial_short,"{""Ra"": 385.113149, ""Rb"": 30.334534, ""Rc"": 2.776046, ""Rload"": 30.001099}","{""Ra"": 30, ""Rb"": 30, ""Rc"": 30, ""Rload"": 30}","{""A"": 12.0, ""B"": 5.951583, ""C"": 11.49289}","{""Ra"": 0.01570556, ""Rb"": -0.182673, ""Rc"": -0.182673, ""Rload"": 0.1983788}",True
delta_loaded_network,delta_loaded_network__multi_fault_5,multi_fault,Ra:partial_short;Rload:partial_open,"{""Ra"": 4.36718, ""Rb"": 30.179774, ""Rc"": 30.066383, ""Rload"": 366.023379}","{""Ra"": 30, ""Rb"": 30, ""Rc"": 30, ""Rload"": 30}","{""A"": 12.0, ""B"": 11.86797, ""C"": 11.93411}","{""Ra"": 0.03023255, ""Rb"": -0.00219153, ""Rc"": -0.00219153, ""Rload"": 0.03242407}",True
delta_loaded_network,delta_loaded_network__multi_fault_6,multi_fault,Rb:partial_open;Ra:partial_short,"{""Ra"": 1.287543, ""Rb"": 1420.23023, ""Rc"": 30.356636, ""Rload"": 29.416808}","{""Ra"": 30, ""Rb"": 30, ""Rc"": 30, ""Rload"": 30}","{""A"": 12.0, ""B"": 11.49722, ""C"": 11.98948}","{""Ra"": 0.390492, ""Rb"": -0.000346601, ""Rc"": -0.000346601, ""Rload"": 0.3908386}",True
delta_loaded_network,delta_loaded_network__multi_fault_7,multi_fault,Ra:partial_open;Rc:partial_short,"{""Ra"": 1160.84558, ""Rb"": 30.460944, ""Rc"": 2.841273, ""Rload"": 29.936035}","{""Ra"": 30, ""Rb"": 30, ""Rc"": 30, ""Rload"": 30}","{""A"": 12.0, ""B"": 5.765289, ""C"": 11.46807}","{""Ra"": 0.005370836, ""Rb"": -0.187216, ""Rc"": -0.187216, ""Rload"": 0.1925869}",True
delta_loaded_network,delta_loaded_network__multi_fault_8,multi_fault,Rc:partial_short;Rb:partial_open,"{""Ra"": 29.754641, ""Rb"": 1306.613688, ""Rc"": 1.879196, ""Rload"": 30.29412}","{""Ra"": 30, ""Rb"": 30, ""Rc"": 30, ""Rload"": 30}","{""A"": 12.0, ""B"": 6.121344, ""C"": 11.99156}","{""Ra"": 0.1975711, ""Rb"": -0.00449269, ""Rc"": -0.00449269, ""Rload"": 0.2020638}",True
delta_loaded_network,delta_loaded_network__multi_fault_9,multi_fault,Ra:partial_short;Rload:partial_open,"{""Ra"": 2.30826, ""Rb"": 30.282007, ""Rc"": 29.615336, ""Rload"": 625.816682}","{""Ra"": 30, ""Rb"": 30, ""Rc"": 30, ""Rload"": 30}","{""A"": 12.0, ""B"": 11.95753, ""C"": 11.979}","{""Ra"": 0.01839808, ""Rb"": -0.000709006, ""Rc"": -0.000709006, ""Rload"": 0.01910708}",True
delta_loaded_network,delta_loaded_network__multi_fault_10,multi_fault,Rload:partial_short;Ra:partial_open,"{""Ra"": 563.621406, ""Rb"": 29.936367, ""Rc"": 29.653939, ""Rload"": 1.996169}","{""Ra"": 30, ""Rb"": 30, ""Rc"": 30, ""Rload"": 30}","{""A"": 12.0, ""B"": 0.4286034, ""C"": 6.241723}","{""Ra"": 0.02053044, ""Rb"": -0.194183, ""Rc"": -0.194183, ""Rload"": 0.214713}",True
delta_loaded_network,delta_loaded_network__multi_fault_11,multi_fault,Rb:partial_short;Rc:partial_open,"{""Ra"": 29.629464, ""Rb"": 3.951784, ""Rc"": 1284.027593, ""Rload"": 30.121818}","{""Ra"": 30, ""Rb"": 30, ""Rc"": 30, ""Rload"": 30}","{""A"": 12.0, ""B"": 6.117658, ""C"": 6.135707}","{""Ra"": 0.1985301, ""Rb"": -0.00456711, ""Rc"": -0.00456711, ""Rload"": 0.2030972}",True
delta_loaded_network,delta_loaded_network__multi_fault_12,multi_fault,Rload:partial_open;Rc:partial_short,"{""Ra"": 30.496954, ""Rb"": 30.350962, ""Rc"": 1.652184, ""Rload"": 989.345908}","{""Ra"": 30, ""Rb"": 30, ""Rc"": 30, ""Rload"": 30}","{""A"": 12.0, ""B"": 11.81353, ""C"": 11.99037}","{""Ra"": 0.006114256, ""Rb"": -0.0058265, ""Rc"": -0.0058265, ""Rload"": 0.01194075}",True
delta_loaded_network,delta_loaded_network__multi_fault_13,multi_fault,Rb:partial_open;Rc:partial_short,"{""Ra"": 29.417448, ""Rb"": 371.451201, ""Rc"": 1.050521, ""Rload"": 29.924098}","{""Ra"": 30, ""Rb"": 30, ""Rc"": 30, ""Rload"": 30}","{""A"": 12.0, ""B"": 6.279055, ""C"": 11.98387}","{""Ra"": 0.1944746, ""Rb"": -0.0153582, ""Rc"": -0.0153582, ""Rload"": 0.2098327}",True
delta_loaded_network,delta_loaded_network__multi_fault_14,multi_fault,Ra:partial_open;Rload:partial_short,"{""Ra"": 621.273186, ""Rb"": 29.487408, ""Rc"": 30.275089, ""Rload"": 1.738299}","{""Ra"": 30, ""Rb"": 30, ""Rc"": 30, ""Rload"": 30}","{""A"": 12.0, ""B"": 0.3707943, ""C"": 6.10876}","{""Ra"": 0.01871834, ""Rb"": -0.19459, ""Rc"": -0.19459, ""Rload"": 0.2133087}",True
delta_loaded_network,delta_loaded_network__multi_fault_15,multi_fault,Ra:partial_short;Rc:partial_open,"{""Ra"": 0.524558, ""Rb"": 29.816668, ""Rc"": 1098.66007, ""Rload"": 29.86842}","{""Ra"": 30, ""Rb"": 30, ""Rc"": 30, ""Rload"": 30}","{""A"": 12.0, ""B"": 11.79298, ""C"": 11.79845}","{""Ra"": 0.3946478, ""Rb"": -0.000183447, ""Rc"": -0.000183447, ""Rload"": 0.3948312}",True
delta_loaded_network,delta_loaded_network__multi_fault_16,multi_fault,Rc:partial_open;Rload:partial_short,"{""Ra"": 29.87491, ""Rb"": 30.186861, ""Rc"": 466.766456, ""Rload"": 0.765958}","{""Ra"": 30, ""Rb"": 30, ""Rc"": 30, ""Rload"": 30}","{""A"": 12.0, ""B"": 0.3175312, ""C"": 1.027169}","{""Ra"": 0.3910462, ""Rb"": -0.0235082, ""Rc"": -0.0235082, ""Rload"": 0.4145543}",True
delta_loaded_network,delta_loaded_network__multi_fault_17,multi_fault,Rb:partial_short;Rload:partial_open,"{""Ra"": 30.435906, ""Rb"": 0.426503, ""Rc"": 30.268002, ""Rload"": 1238.626793}","{""Ra"": 30, ""Rb"": 30, ""Rc"": 30, ""Rload"": 30}","{""A"": 12.0, ""B"": 11.85375, ""C"": 11.85578}","{""Ra"": 0.004805278, ""Rb"": -0.00476479, ""Rc"": -0.00476479, ""Rload"": 0.009570072}",True
delta_loaded_network,delta_loaded_network__multi_fault_18,multi_fault,Rload:partial_short;Ra:partial_open,"{""Ra"": 899.131956, ""Rb"": 29.819817, ""Rc"": 30.285884, ""Rload"": 1.21418}","{""Ra"": 30, ""Rb"": 30, ""Rc"": 30, ""Rload"": 30}","{""A"": 12.0, ""B"": 0.2531578, ""C"": 6.081036}","{""Ra"": 0.01306465, ""Rb"": -0.195436, ""Rc"": -0.195436, ""Rload"": 0.2085011}",True
delta_loaded_network,delta_loaded_network__multi_fault_19,multi_fault,Rc:partial_open;Rload:partial_short,"{""Ra"": 30.298988, ""Rb"": 30.014957, ""Rc"": 1328.143777, ""Rload"": 1.92124}","{""Ra"": 30, ""Rb"": 30, ""Rc"": 30, ""Rload"": 30}","{""A"": 12.0, ""B"": 0.7305317, ""C"": 0.979584}","{""Ra"": 0.3719421, ""Rb"": -0.00829761, ""Rc"": -0.00829761, ""Rload"": 0.3802397}",True
delta_loaded_network,delta_loaded_network__multi_fault_20,multi_fault,Rc:partial_short;Ra:partial_open,"{""Ra"": 607.752404, ""Rb"": 29.533529, ""Rc"": 0.844387, ""Rload"": 29.885227}","{""Ra"": 30, ""Rb"": 30, ""Rc"": 30, ""Rload"": 30}","{""A"": 12.0, ""B"": 6.097261, ""C"": 11.83593}","{""Ra"": 0.009712407, ""Rb"": -0.19431, ""Rc"": -0.19431, ""Rload"": 0.2040226}",True
two_source_bridge,two_source_bridge__normal_1,normal,,"{""R1"": 100.092626, ""R3"": 147.586464, ""R2"": 202.992305, ""R4"": 251.570431, ""R5"": 74.851519}","{""R1"": 100, ""R3"": 150, ""R2"": 200, ""R4"": 250, ""R5"": 75}","{""mid1"": 8.115704, ""mid2"": 7.08352, ""p1"": 15.0, ""p2"": 10.0}","{""R1"": 0.06877925, ""R3"": 0.05498949, ""R2"": 0.01436744, ""R4"": 0.0281572, ""R5"": 0.01378976}",True
two_source_bridge,two_source_bridge__normal_2,normal,,"{""R1"": 98.134366, ""R3"": 152.161963, ""R2"": 198.816615, ""R4"": 252.12763, ""R5"": 76.486419}","{""R1"": 100, ""R3"": 150, ""R2"": 200, ""R4"": 250, ""R5"": 75}","{""mid1"": 8.267881, ""mid2"": 7.176805, ""p1"": 15.0, ""p2"": 10.0}","{""R1"": 0.06860103, ""R3"": 0.05433606, ""R2"": 0.0142, ""R4"": 0.02846497, ""R5"": 0.01426497}",True
two_source_bridge,two_source_bridge__normal_3,normal,,"{""R1"": 99.961316, ""R3"": 149.945835, ""R2"": 199.298776, ""R4"": 252.285726, ""R5"": 73.875001}","{""R1"": 100, ""R3"": 150, ""R2"": 200, ""R4"": 250, ""R5"": 75}","{""mid1"": 8.165131, ""mid2"": 7.136697, ""p1"": 15.0, ""p2"": 10.0}","{""R1"": 0.06837514, ""R3"": 0.05445387, ""R2"": 0.01436689, ""R4"": 0.02828815, ""R5"": 0.01392127}",True
two_source_bridge,two_source_bridge__normal_4,normal,,"{""R1"": 101.756812, ""R3"": 147.206624, ""R2"": 200.621432, ""R4"": 247.335471, ""R5"": 74.598875}","{""R1"": 100, ""R3"": 150, ""R2"": 200, ""R4"": 250, ""R5"": 75}","{""mid1"": 8.048833, ""mid2"": 7.031719, ""p1"": 15.0, ""p2"": 10.0}","{""R1"": 0.06831156, ""R3"": 0.05467711, ""R2"": 0.01479543, ""R4"": 0.02842988, ""R5"": 0.01363445}",True
two_source_bridge,two_source_bridge__normal_5,normal,,"{""R1"": 101.930839, ""R3"": 147.313497, ""R2"": 199.909104, ""R4"": 245.635218, ""R5"": 75.320149}","{""R1"": 100, ""R3"": 150, ""R2"": 200, ""R4"": 250, ""R5"": 75}","{""mid1"": 8.043852, ""mid2"": 7.016472, ""p1"": 15.0, ""p2"": 10.0}","{""R1"": 0.06824381, ""R3"": 0.05460363, ""R2"": 0.01492442, ""R4"": 0.0285646, ""R5"": 0.01364018}",True
two_source_bridge,two_source_bridge__normal_6,normal,,"{""R1"": 101.443113, ""R3"": 147.660613, ""R2"": 201.603868, ""R4"": 254.880864, ""R5"": 74.904417}","{""R1"": 100, ""R3"": 150, ""R2"": 200, ""R4"": 250, ""R5"": 75}","{""mid1"": 8.088153, ""mid2"": 7.087437, ""p1"": 15.0, ""p2"": 10.0}","{""R1"": 0.0681352, ""R3"": 0.05477529, ""R2"": 0.01444696, ""R4"": 0.02780686, ""R5"": 0.01335991}",True
two_source_bridge,two_source_bridge__normal_7,normal,,"{""R1"": 99.396758, ""R3"": 150.661948, ""R2"": 202.57134, ""R4"": 252.921697, ""R5"": 73.820036}","{""R1"": 100, ""R3"": 150, ""R2"": 200, ""R4"": 250, ""R5"": 75}","{""mid1"": 8.18987, ""mid2"": 7.144922, ""p1"": 15.0, ""p2"": 10.0}","{""R1"": 0.0685146, ""R3"": 0.05435925, ""R2"": 0.01409419, ""R4"": 0.02824954, ""R5"": 0.01415535}",True
two_source_bridge,two_source_bridge__normal_8,normal,,"{""R1"": 98.65487, ""R3"": 148.623385, ""R2"": 196.318869, ""R4"": 249.720836, ""R5"": 75.16035}","{""R1"": 100, ""R3"": 150, ""R2"": 200, ""R4"": 250, ""R5"": 75}","{""mid1"": 8.186443, ""mid2"": 7.135492, ""p1"": 15.0, ""p2"": 10.0}","{""R1"": 0.06906458, ""R3"": 0.0550818, ""R2"": 0.0145911, ""R4"": 0.02857388, ""R5"": 0.01398278}",True
two_source_bridge,two_source_bridge__normal_9,normal,,"{""R1"": 100.322114, ""R3"": 151.198323, ""R2"": 196.135188, ""R4"": 249.004817, ""R5"": 73.602658}","{""R1"": 100, ""R3"": 150, ""R2"": 200, ""R4"": 250, ""R5"": 75}","{""mid1"": 8.169674, ""mid2"": 7.135474, ""p1"": 15.0, ""p2"": 10.0}","{""R1"": 0.06808395, ""R3"": 0.05403283, ""R2"": 0.01460485, ""R4"": 0.02865597, ""R5"": 0.01405112}",True
two_source_bridge,two_source_bridge__normal_10,normal,,"{""R1"": 99.553111, ""R3"": 150.53941, ""R2"": 203.635867, ""R4"": 245.091104, ""R5"": 75.05121}","{""R1"": 100, ""R3"": 150, ""R2"": 200, ""R4"": 250, ""R5"": 75}","{""mid1"": 8.160799, ""mid2"": 7.073409, ""p1"": 15.0, ""p2"": 10.0}","{""R1"": 0.06869902, ""R3"": 0.05421038, ""R2"": 0.01437169, ""R4"": 0.02886033, ""R5"": 0.01448864}",True
two_source_bridge,two_source_bridge__normal_11,normal,,"{""R1"": 100.449261, ""R3"": 147.48943, ""R2"": 199.1912, ""R4"": 246.599971, ""R5"": 76.407971}","{""R1"": 100, ""R3"": 150, ""R2"": 200, ""R4"": 250, ""R5"": 75}","{""mid1"": 8.10038, ""mid2"": 7.04856, ""p1"": 15.0, ""p2"": 10.0}","{""R1"": 0.06868761, ""R3"": 0.05492177, ""R2"": 0.01481712, ""R4"": 0.02858297, ""R5"": 0.01376585}",True
two_source_bridge,two_source_bridge__normal_12,normal,,"{""R1"": 100.658754, ""R3"": 147.520633, ""R2"": 201.552087, ""R4"": 248.935026, ""R5"": 73.895202}","{""R1"": 100, ""R3"": 150, ""R2"": 200, ""R4"": 250, ""R5"": 75}","{""mid1"": 8.088567, ""mid2"": 7.066452, ""p1"": 15.0, ""p2"": 10.0}","{""R1"": 0.06866202, ""R3"": 0.05483007, ""R2"": 0.01455479, ""R4"": 0.02838673, ""R5"": 0.01383195}",True
two_source_bridge,two_source_bridge__normal_13,normal,,"{""R1"": 101.948117, ""R3"": 152.81109, ""R2"": 203.110063, ""R4"": 252.735777, ""R5"": 73.794229}","{""R1"": 100, ""R3"": 150, ""R2"": 200, ""R4"": 250, ""R5"": 75}","{""mid1"": 8.144413, ""mid2"": 7.115087, ""p1"": 15.0, ""p2"": 10.0}","{""R1"": 0.06724585, ""R3"": 0.05329726, ""R2"": 0.01420369, ""R4"": 0.02815228, ""R5"": 0.01394859}",True
two_source_bridge,two_source_bridge__normal_14,normal,,"{""R1"": 100.787043, ""R3"": 149.181708, ""R2"": 197.808152, ""R4"": 247.640614, ""R5"": 76.439315}","{""R1"": 100, ""R3"": 150, ""R2"": 200, ""R4"": 250, ""R5"": 75}","{""mid1"": 8.124351, ""mid2"": 7.072534, ""p1"": 15.0, ""p2"": 10.0}","{""R1"": 0.06821958, ""R3"": 0.05445943, ""R2"": 0.01479952, ""R4"": 0.02855967, ""R5"": 0.01376015}",True
two_source_bridge,two_source_bridge__normal_15,normal,,"{""R1"": 99.803639, ""R3"": 147.281707, ""R2"": 198.856403, ""R4"": 250.423204, ""R5"": 75.297309}","{""R1"": 100, ""R3"": 150, ""R2"": 200, ""R4"": 250, ""R5"": 75}","{""mid1"": 8.125601, ""mid2"": 7.093367, ""p1"": 15.0, ""p2"": 10.0}","{""R1"": 0.06887924, ""R3"": 0.05517047, ""R2"": 0.01461674, ""R4"": 0.02832552, ""R5"": 0.01370877}",True
two_source_bridge,two_source_bridge__normal_16,normal,,"{""R1"": 100.607302, ""R3"": 150.275194, ""R2"": 198.070408, ""R4"": 252.74506, ""R5"": 76.00881}","{""R1"": 100, ""R3"": 150, ""R2"": 200, ""R4"": 250, ""R5"": 75}","{""mid1"": 8.161601, ""mid2"": 7.123307, ""p1"": 15.0, ""p2"": 10.0}","{""R1"": 0.0679712, ""R3"": 0.05431103, ""R2"": 0.01452359, ""R4"": 0.02818376, ""R5"": 0.01366017}",True
two_source_bridge,two_source_bridge__normal_17,normal,,"{""R1"": 101.825622, ""R3"": 150.523601, ""R2"": 197.131148, ""R4"": 245.262869, ""R5"": 74.808405}","{""R1"": 100, ""R3"": 150, ""R2"": 200, ""R4"": 250, ""R5"": 75}","{""mid1"": 8.103049, ""mid2"": 7.063172, ""p1"": 15.0, ""p2"": 10.0}","{""R1"": 0.06773296, ""R3"": 0.05383242, ""R2"": 0.01489784, ""R4"": 0.02879838, ""R5"": 0.01390054}",True
two_source_bridge,two_source_bridge__normal_18,normal,,"{""R1"": 99.895943, ""R3"": 149.99354, ""R2"": 200.811659, ""R4"": 245.386877, ""R5"": 74.915989}","{""R1"": 100, ""R3"": 150, ""R2"": 200, ""R4"": 250, ""R5"": 75}","{""mid1"": 8.147095, ""mid2"": 7.076986, ""p1"": 15.0, ""p2"": 10.0}","{""R1"": 0.06860043, ""R3"": 0.05431631, ""R2"": 0.014556, ""R4"": 0.02884012, ""R5"": 0.01428412}",True
two_source_bridge,two_source_bridge__normal_19,normal,,"{""R1"": 101.036862, ""R3"": 149.448963, ""R2"": 198.480056, ""R4"": 249.122484, ""R5"": 73.912571}","{""R1"": 100, ""R3"": 150, ""R2"": 200, ""R4"": 250, ""R5"": 75}","{""mid1"": 8.115806, ""mid2"": 7.09355, ""p1"": 15.0, ""p2"": 10.0}","{""R1"": 0.06813547, ""R3"": 0.05430486, ""R2"": 0.01464354, ""R4"": 0.02847415, ""R5"": 0.01383061}",True
two_source_bridge,two_source_bridge__normal_20,normal,,"{""R1"": 98.495995, ""R3"": 152.126917, ""R2"": 202.571381, ""R4"": 248.59844, ""R5"": 75.367799}","{""R1"": 100, ""R3"": 150, ""R2"": 200, ""R4"": 250, ""R5"": 75}","{""mid1"": 8.233993, ""mid2"": 7.136079, ""p1"": 15.0, ""p2"": 10.0}","{""R1"": 0.06869322, ""R3"": 0.05412581, ""R2"": 0.01413784, ""R4"": 0.02870525, ""R5"": 0.01456741}",True
two_source_bridge,two_source_bridge__partial_short_1,partial_short,R5,"{""R1"": 99.730374, ""R3"": 147.044962, ""R2"": 198.609665, ""R4"": 254.09239, ""R5"": 8.630032}","{""R1"": 100, ""R3"": 150, ""R2"": 200, ""R4"": 250, ""R5"": 75}","{""mid1"": 7.837329, ""mid2"": 7.677488, ""p1"": 15.0, ""p2"": 10.0}","{""R1"": 0.07182035, ""R3"": 0.05329886, ""R2"": 0.01169385, ""R4"": 0.03021534, ""R5"": 0.01852149}",True
two_source_bridge,two_source_bridge__partial_short_2,partial_short,R4,"{""R1"": 101.269818, ""R3"": 148.155935, ""R2"": 198.544595, ""R4"": 5.636999, ""R5"": 73.812944}","{""R1"": 100, ""R3"": 150, ""R2"": 200, ""R4"": 250, ""R5"": 75}","{""mid1"": 5.185505, ""mid2"": 0.6154515, ""p1"": 15.0, ""p2"": 10.0}","{""R1"": 0.09691431, ""R3"": 0.03500032, ""R2"": 0.0472667, ""R4"": 0.1091807, ""R5"": 0.06191399}",True
two_source_bridge,two_source_bridge__partial_short_3,partial_short,R2,"{""R1"": 101.022334, ""R3"": 151.749791, ""R2"": 23.103055, ""R4"": 250.439904, ""R5"": 74.645186}","{""R1"": 100, ""R3"": 150, ""R2"": 200, ""R4"": 250, ""R5"": 75}","{""mid1"": 9.063392, ""mid2"": 9.135096, ""p1"": 15.0, ""p2"": 10.0}","{""R1"": 0.0587653, ""R3"": 0.05972589, ""R2"": 0.03743679, ""R4"": 0.0364762, ""R5"": -0.000960593}",True
two_source_bridge,two_source_bridge__partial_short_4,partial_short,R3,"{""R1"": 100.706427, ""R3"": 2.85665, ""R2"": 199.706158, ""R4"": 246.200057, ""R5"": 75.177346}","{""R1"": 100, ""R3"": 150, ""R2"": 200, ""R4"": 250, ""R5"": 75}","{""mid1"": 0.4891357, ""mid2"": 2.52917, ""p1"": 15.0, ""p2"": 10.0}","{""R1"": 0.1440907, ""R3"": 0.171227, ""R2"": 0.03740911, ""R4"": 0.01027282, ""R5"": -0.0271363}",True
two_source_bridge,two_source_bridge__partial_short_5,partial_short,R5,"{""R1"": 98.331339, ""R3"": 149.473526, ""R2"": 196.907992, ""R4"": 249.130337, ""R5"": 5.113232}","{""R1"": 100, ""R3"": 150, ""R2"": 200, ""R4"": 250, ""R5"": 75}","{""mid1"": 7.87034, ""mid2"": 7.768828, ""p1"": 15.0, ""p2"": 10.0}","{""R1"": 0.07250649, ""R3"": 0.05265374, ""R2"": 0.01133104, ""R4"": 0.03118379, ""R5"": 0.01985275}",True
two_source_bridge,two_source_bridge__partial_short_6,partial_short,R2,"{""R1"": 98.56297, ""R3"": 152.288622, ""R2"": 2.912541, ""R4"": 249.331224, ""R5"": 76.412436}","{""R1"": 100, ""R3"": 150, ""R2"": 200, ""R4"": 250, ""R5"": 75}","{""mid1"": 9.441003, ""mid2"": 9.868431, ""p1"": 15.0, ""p2"": 10.0}","{""R1"": 0.05640046, ""R3"": 0.06199415, ""R2"": 0.04517329, ""R4"": 0.0395796, ""R5"": -0.00559369}",True
two_source_bridge,two_source_bridge__partial_short_7,partial_short,R2,"{""R1"": 98.392329, ""R3"": 150.798478, ""R2"": 21.373168, ""R4"": 253.931093, ""R5"": 75.338799}","{""R1"": 100, ""R3"": 150, ""R2"": 200, ""R4"": 250, ""R5"": 75}","{""mid1"": 9.133662, ""mid2"": 9.204989, ""p1"": 15.0, ""p2"": 10.0}","{""R1"": 0.05962191, ""R3"": 0.06056866, ""R2"": 0.0371967, ""R4"": 0.03624995, ""R5"": -0.000946751}",True
two_source_bridge,two_source_bridge__partial_short_8,partial_short,R2,"{""R1"": 100.017231, ""R3"": 152.766555, ""R2"": 25.524812, ""R4"": 249.836729, ""R5"": 74.544471}","{""R1"": 100, ""R3"": 150, ""R2"": 200, ""R4"": 250, ""R5"": 75}","{""mid1"": 9.068107, ""mid2"": 9.071873, ""p1"": 15.0, ""p2"": 10.0}","{""R1"": 0.05930871, ""R3"": 0.05935924, ""R2"": 0.03636174, ""R4"": 0.03631121, ""R5"": -5.05291e-05}",True
two_source_bridge,two_source_bridge__partial_short_9,partial_short,R4,"{""R1"": 98.690382, ""R3"": 151.461783, ""R2"": 198.366297, ""R4"": 3.729572, ""R5"": 75.650247}","{""R1"": 100, ""R3"": 150, ""R2"": 200, ""R4"": 250, ""R5"": 75}","{""mid1"": 5.258975, ""mid2"": 0.4187643, ""p1"": 15.0, ""p2"": 10.0}","{""R1"": 0.09870288, ""R3"": 0.03472146, ""R2"": 0.04830072, ""R4"": 0.1122821, ""R5"": 0.06398142}",True
two_source_bridge,two_source_bridge__partial_short_10,partial_short,R3,"{""R1"": 99.545451, ""R3"": 12.455229, ""R2"": 199.700141, ""R4"": 248.6479, ""R5"": 74.41001}","{""R1"": 100, ""R3"": 150, ""R2"": 200, ""R4"": 250, ""R5"": 75}","{""mid1"": 1.88686, ""mid2"": 3.357292, ""p1"": 15.0, ""p2"": 10.0}","{""R1"": 0.1317302, ""R3"": 0.1514914, ""R2"": 0.03326341, ""R4"": 0.01350219, ""R5"": -0.0197612}",True
two_source_bridge,two_source_bridge__partial_short_11,partial_short,R1,"{""R1"": 10.500334, ""R3"": 151.661366, ""R2"": 201.339693, ""R4"": 250.174721, ""R5"": 74.911193}","{""R1"": 100, ""R3"": 150, ""R2"": 200, ""R4"": 250, ""R5"": 75}","{""mid1"": 13.60406, ""mid2"": 10.36477, ""p1"": 15.0, ""p2"": 10.0}","{""R1"": 0.1329421, ""R3"": 0.08970026, ""R2"": -0.0018117, ""R4"": 0.04143012, ""R5"": 0.04324182}",True
two_source_bridge,two_source_bridge__partial_short_12,partial_short,R3,"{""R1"": 99.556175, ""R3"": 12.976136, ""R2"": 203.227611, ""R4"": 254.915226, ""R5"": 74.860658}","{""R1"": 100, ""R3"": 150, ""R2"": 200, ""R4"": 250, ""R5"": 75}","{""mid1"": 1.950391, ""mid2"": 3.389822, ""p1"": 15.0, ""p2"": 10.0}","{""R1"": 0.1310778, ""R3"": 0.150306, ""R2"": 0.03252598, ""R4"": 0.01329784, ""R5"": -0.0192281}",True
two_source_bridge,two_source_bridge__partial_short_13,partial_short,R4,"{""R1"": 100.43273, ""R3"": 147.241011, ""R2"": 198.714402, ""R4"": 35.34708, ""R5"": 74.607723}","{""R1"": 100, ""R3"": 150, ""R2"": 200, ""R4"": 250, ""R5"": 75}","{""mid1"": 6.226011, ""mid2"": 2.862893, ""p1"": 15.0, ""p2"": 10.0}","{""R1"": 0.08736184, ""R3"": 0.04228449, ""R2"": 0.03591641, ""R4"": 0.08099376, ""R5"": 0.04507735}",True
two_source_bridge,two_source_bridge__partial_short_14,partial_short,R2,"{""R1"": 100.323463, ""R3"": 148.724864, ""R2"": 14.77448, ""R4"": 252.89491, ""R5"": 73.560148}","{""R1"": 100, ""R3"": 150, ""R2"": 200, ""R4"": 250, ""R5"": 75}","{""mid1"": 9.15689, ""mid2"": 9.401596, ""p1"": 15.0, ""p2"": 10.0}","{""R1"": 0.05824271, ""R3"": 0.06156933, ""R2"": 0.04050252, ""R4"": 0.0371759, ""R5"": -0.00332662}",True
two_source_bridge,two_source_bridge__partial_short_15,partial_short,R2,"{""R1"": 100.585086, ""R3"": 148.82889, ""R2"": 12.817075, ""R4"": 252.718029, ""R5"": 73.505139}","{""R1"": 100, ""R3"": 150, ""R2"": 200, ""R4"": 250, ""R5"": 75}","{""mid1"": 9.184083, ""mid2"": 9.469882, ""p1"": 15.0, ""p2"": 10.0}","{""R1"": 0.05782086, ""R3"": 0.06170901, ""R2"": 0.04136027, ""R4"": 0.03747213, ""R5"": -0.00388815}",True
two_source_bridge,two_source_bridge__partial_short_16,partial_short,R1,"{""R1"": 6.022239, ""R3"": 148.947575, ""R2"": 201.475282, ""R4"": 253.497719, ""R5"": 75.348505}","{""R1"": 100, ""R3"": 150, ""R2"": 200, ""R4"": 250, ""R5"": 75}","{""mid1"": 14.15235, ""mid2"": 10.70607, ""p1"": 15.0, ""p2"": 10.0}","{""R1"": 0.1407535, ""R3"": 0.09501564, ""R2"": -0.00350449, ""R4"": 0.04223339, ""R5"": 0.04573788}",True
two_source_bridge,two_source_bridge__partial_short_17,partial_short,R5,"{""R1"": 98.634603, ""R3"": 149.4256, ""R2"": 196.603097, ""R4"": 253.839369, ""R5"": 6.000261}","{""R1"": 100, ""R3"": 150, ""R2"": 200, ""R4"": 250, ""R5"": 75}","{""mid1"": 7.889101, ""mid2"": 7.773313, ""p1"": 15.0, ""p2"": 10.0}","{""R1"": 0.07209335, ""R3"": 0.05279618, ""R2"": 0.0113258, ""R4"": 0.03062296, ""R5"": 0.01929716}",True
two_source_bridge,two_source_bridge__partial_short_18,partial_short,R1,"{""R1"": 5.296342, ""R3"": 149.710296, ""R2"": 199.459502, ""R4"": 247.37101, ""R5"": 73.62854}","{""R1"": 100, ""R3"": 150, ""R2"": 200, ""R4"": 250, ""R5"": 75}","{""mid1"": 14.24541, ""mid2"": 10.76133, ""p1"": 15.0, ""p2"": 10.0}","{""R1"": 0.142473, ""R3"": 0.0951532, ""R2"": -0.00381696, ""R4"": 0.04350279, ""R5"": 0.04731976}",True
two_source_bridge,two_source_bridge__partial_short_19,partial_short,R5,"{""R1"": 98.060537, ""R3"": 152.692517, ""R2"": 196.25926, ""R4"": 248.604992, ""R5"": 7.56755}","{""R1"": 100, ""R3"": 150, ""R2"": 200, ""R4"": 250, ""R5"": 75}","{""mid1"": 7.937567, ""mid2"": 7.785934, ""p1"": 15.0, ""p2"": 10.0}","{""R1"": 0.07202116, ""R3"": 0.05198399, ""R2"": 0.01128133, ""R4"": 0.0313185, ""R5"": 0.02003717}",True
two_source_bridge,two_source_bridge__partial_short_20,partial_short,R1,"{""R1"": 14.848483, ""R3"": 150.5701, ""R2"": 198.336138, ""R4"": 248.528646, ""R5"": 73.891286}","{""R1"": 100, ""R3"": 150, ""R2"": 200, ""R4"": 250, ""R5"": 75}","{""mid1"": 13.10039, ""mid2"": 10.0762, ""p1"": 15.0, ""p2"": 10.0}","{""R1"": 0.1279329, ""R3"": 0.08700526, ""R2"": -0.000384188, ""R4"": 0.04054341, ""R5"": 0.0409276}",True
two_source_bridge,two_source_bridge__partial_open_1,partial_open,R3,"{""R1"": 99.942305, ""R3"": 4803.582281, ""R2"": 197.22738, ""R4"": 248.838768, ""R5"": 74.152783}","{""R1"": 100, ""R3"": 150, ""R2"": 200, ""R4"": 250, ""R5"": 75}","{""mid1"": 11.53036, ""mid2"": 9.134042, ""p1"": 15.0, ""p2"": 10.0}","{""R1"": 0.03471638, ""R3"": 0.002400368, ""R2"": 0.004390656, ""R4"": 0.03670667, ""R5"": 0.03231601}",True
two_source_bridge,two_source_bridge__partial_open_2,partial_open,R2,"{""R1"": 101.952304, ""R3"": 148.954108, ""R2"": 3379.612107, ""R4"": 254.458123, ""R5"": 74.380461}","{""R1"": 100, ""R3"": 150, ""R2"": 200, ""R4"": 250, ""R5"": 75}","{""mid1"": 7.568395, ""mid2"": 5.925873, ""p1"": 15.0, ""p2"": 10.0}","{""R1"": 0.07289295, ""R3"": 0.05081025, ""R2"": 0.001205501, ""R4"": 0.02328821, ""R5"": 0.02208271}",True
two_source_bridge,two_source_bridge__partial_open_3,partial_open,R4,"{""R1"": 101.197389, ""R3"": 150.567951, ""R2"": 201.941202, ""R4"": 11667.344931, ""R5"": 74.156788}","{""R1"": 100, ""R3"": 150, ""R2"": 200, ""R4"": 250, ""R5"": 75}","{""mid1"": 9.126788, ""mid2"": 9.318005, ""p1"": 15.0, ""p2"": 10.0}","{""R1"": 0.05803719, ""R3"": 0.06061574, ""R2"": 0.003377194, ""R4"": 0.0007986397, ""R5"": -0.00257855}",True
two_source_bridge,two_source_bridge__partial_open_4,partial_open,R5,"{""R1"": 99.024158, ""R3"": 150.946024, ""R2"": 203.657568, ""R4"": 253.478111, ""R5"": 2662.602153}","{""R1"": 100, ""R3"": 150, ""R2"": 200, ""R4"": 250, ""R5"": 75}","{""mid1"": 8.983755, ""mid2"": 5.684835, ""p1"": 15.0, ""p2"": 10.0}","{""R1"": 0.06075532, ""R3"": 0.05951634, ""R2"": 0.02118834, ""R4"": 0.02242732, ""R5"": 0.001238984}",True
two_source_bridge,two_source_bridge__partial_open_5,partial_open,R5,"{""R1"": 101.516641, ""R3"": 150.513263, ""R2"": 202.732691, ""R4"": 247.967501, ""R5"": 2456.413205}","{""R1"": 100, ""R3"": 150, ""R2"": 200, ""R4"": 250, ""R5"": 75}","{""mid1"": 8.878344, ""mid2"": 5.648488, ""p1"": 15.0, ""p2"": 10.0}","{""R1"": 0.06030199, ""R3"": 0.05898712, ""R2"": 0.02146428, ""R4"": 0.02277915, ""R5"": 0.001314867}",True
two_source_bridge,two_source_bridge__partial_open_6,partial_open,R3,"{""R1"": 101.057235, ""R3"": 5172.872817, ""R2"": 201.039251, ""R4"": 247.927267, ""R5"": 74.731412}","{""R1"": 100, ""R3"": 150, ""R2"": 200, ""R4"": 250, ""R5"": 75}","{""mid1"": 11.51476, ""mid2"": 9.103796, ""p1"": 15.0, ""p2"": 10.0}","{""R1"": 0.03448775, ""R3"": 0.00222599, ""R2"": 0.004457858, ""R4"": 0.03671962, ""R5"": 0.03226176}",True
two_source_bridge,two_source_bridge__partial_open_7,partial_open,R3,"{""R1"": 101.035925, ""R3"": 5817.145259, ""R2"": 199.555757, ""R4"": 245.416521, ""R5"": 74.274806}","{""R1"": 100, ""R3"": 150, ""R2"": 200, ""R4"": 250, ""R5"": 75}","{""mid1"": 11.51279, ""mid2"": 9.096222, ""p1"": 15.0, ""p2"": 10.0}","{""R1"": 0.03451458, ""R3"": 0.001979113, ""R2"": 0.004528952, ""R4"": 0.03706442, ""R5"": 0.03253547}",True
two_source_bridge,two_source_bridge__partial_open_8,partial_open,R4,"{""R1"": 98.807308, ""R3"": 152.313725, ""R2"": 200.188204, ""R4"": 3509.356697, ""R5"": 74.475137}","{""R1"": 100, ""R3"": 150, ""R2"": 200, ""R4"": 250, ""R5"": 75}","{""mid1"": 9.165088, ""mid2"": 9.248424, ""p1"": 15.0, ""p2"": 10.0}","{""R1"": 0.05905345, ""R3"": 0.06017243, ""R2"": 0.003754346, ""R4"": 0.002635362, ""R5"": -0.00111898}",True
two_source_bridge,two_source_bridge__partial_open_9,partial_open,R4,"{""R1"": 100.428285, ""R3"": 147.650372, ""R2"": 199.680031, ""R4"": 3303.082278, ""R5"": 75.506323}","{""R1"": 100, ""R3"": 150, ""R2"": 200, ""R4"": 250, ""R5"": 75}","{""mid1"": 9.020422, ""mid2"": 9.137634, ""p1"": 15.0, ""p2"": 10.0}","{""R1"": 0.05954078, ""R3"": 0.06109312, ""R2"": 0.00431874, ""R4"": 0.002766396, ""R5"": -0.00155234}",True
two_source_bridge,two_source_bridge__partial_open_10,partial_open,R4,"{""R1"": 101.294761, ""R3"": 152.522107, ""R2"": 196.044812, ""R4"": 3452.446905, ""R5"": 75.666479}","{""R1"": 100, ""R3"": 150, ""R2"": 200, ""R4"": 250, ""R5"": 75}","{""mid1"": 9.098567, ""mid2"": 9.204052, ""p1"": 15.0, ""p2"": 10.0}","{""R1"": 0.05826, ""R3"": 0.05965409, ""R2"": 0.004060031, ""R4"": 0.00266595, ""R5"": -0.00139408}",True
two_source_bridge,two_source_bridge__partial_open_11,partial_open,R1,"{""R1"": 3427.414437, ""R3"": 151.064344, ""R2"": 199.477209, ""R4"": 248.083984, ""R5"": 76.378382}","{""R1"": 100, ""R3"": 150, ""R2"": 200, ""R4"": 250, ""R5"": 75}","{""mid1"": 2.775281, ""mid2"": 3.906046, ""p1"": 15.0, ""p2"": 10.0}","{""R1"": 0.003566747, ""R3"": 0.01837152, ""R2"": 0.03054963, ""R4"": 0.01574485, ""R5"": -0.0148048}",True
two_source_bridge,two_source_bridge__partial_open_12,partial_open,R2,"{""R1"": 99.457254, ""R3"": 149.732685, ""R2"": 7821.121458, ""R4"": 246.800041, ""R5"": 74.014803}","{""R1"": 100, ""R3"": 150, ""R2"": 200, ""R4"": 250, ""R5"": 75}","{""mid1"": 7.618198, ""mid2"": 5.89053, ""p1"": 15.0, ""p2"": 10.0}","{""R1"": 0.07422085, ""R3"": 0.05087866, ""R2"": 0.0005254323, ""R4"": 0.02386762, ""R5"": 0.02334219}",True
two_source_bridge,two_source_bridge__partial_open_13,partial_open,R1,"{""R1"": 4986.836495, ""R3"": 151.881582, ""R2"": 202.636235, ""R4"": 245.206628, ""R5"": 74.467429}","{""R1"": 100, ""R3"": 150, ""R2"": 200, ""R4"": 250, ""R5"": 75}","{""mid1"": 2.67186, ""mid2"": 3.797778, ""p1"": 15.0, ""p2"": 10.0}","{""R1"": 0.002472136, ""R3"": 0.01759173, ""R2"": 0.03060767, ""R4"": 0.01548807, ""R5"": -0.0151196}",True
two_source_bridge,two_source_bridge__partial_open_14,partial_open,R4,"{""R1"": 98.414147, ""R3"": 152.099766, ""R2"": 196.908712, ""R4"": 4526.969387, ""R5"": 74.034718}","{""R1"": 100, ""R3"": 150, ""R2"": 200, ""R4"": 250, ""R5"": 75}","{""mid1"": 9.195442, ""mid2"": 9.304695, ""p1"": 15.0, ""p2"": 10.0}","{""R1"": 0.05898094, ""R3"": 0.06045665, ""R2"": 0.003531102, ""R4"": 0.002055392, ""R5"": -0.00147571}",True
two_source_bridge,two_source_bridge__partial_open_15,partial_open,R4,"{""R1"": 101.614511, ""R3"": 149.083475, ""R2"": 197.260311, ""R4"": 3301.265386, ""R5"": 75.448103}","{""R1"": 100, ""R3"": 150, ""R2"": 200, ""R4"": 250, ""R5"": 75}","{""mid1"": 9.016945, ""mid2"": 9.137858, ""p1"": 15.0, ""p2"": 10.0}","{""R1"": 0.05887993, ""R3"": 0.06048252, ""R2"": 0.004370582, ""R4"": 0.002767986, ""R5"": -0.0016026}",True
two_source_bridge,two_source_bridge__partial_open_16,partial_open,R1,"{""R1"": 3099.954271, ""R3"": 148.197281, ""R2"": 201.748994, ""R4"": 251.790295, ""R5"": 73.680099}","{""R1"": 100, ""R3"": 150, ""R2"": 200, ""R4"": 250, ""R5"": 75}","{""mid1"": 2.788832, ""mid2"": 3.885135, ""p1"": 15.0, ""p2"": 10.0}","{""R1"": 0.003939145, ""R3"": 0.01881837, ""R2"": 0.03030927, ""R4"": 0.01543004, ""R5"": -0.0148792}",True
two_source_bridge,two_source_bridge__partial_open_17,partial_open,R2,"{""R1"": 101.877507, ""R3"": 148.019403, ""R2"": 4636.581192, ""R4"": 245.858526, ""R5"": 76.033926}","{""R1"": 100, ""R3"": 150, ""R2"": 200, ""R4"": 250, ""R5"": 75}","{""mid1"": 7.517373, ""mid2"": 5.794378, ""p1"": 15.0, ""p2"": 10.0}","{""R1"": 0.07344729, ""R3"": 0.05078641, ""R2"": 0.0009070525, ""R4"": 0.02356793, ""R5"": 0.02266088}",True
two_source_bridge,two_source_bridge__partial_open_18,partial_open,R5,"{""R1"": 100.982007, ""R3"": 151.605864, ""R2"": 200.195335, ""R4"": 246.705962, ""R5"": 1665.201782}","{""R1"": 100, ""R3"": 150, ""R2"": 200, ""R4"": 250, ""R5"": 75}","{""mid1"": 8.888202, ""mid2"": 5.729972, ""p1"": 15.0, ""p2"": 10.0}","{""R1"": 0.06052364, ""R3"": 0.05862703, ""R2"": 0.02132931, ""R4"": 0.02322591, ""R5"": 0.001896605}",True
two_source_bridge,two_source_bridge__partial_open_19,partial_open,R5,"{""R1"": 98.462123, ""R3"": 148.692445, ""R2"": 199.512659, ""R4"": 250.184257, ""R5"": 2101.426687}","{""R1"": 100, ""R3"": 150, ""R2"": 200, ""R4"": 250, ""R5"": 75}","{""mid1"": 8.934012, ""mid2"": 5.7325, ""p1"": 15.0, ""p2"": 10.0}","{""R1"": 0.06160733, ""R3"": 0.06008383, ""R2"": 0.02138962, ""R4"": 0.02291311, ""R5"": 0.001523494}",True
two_source_bridge,two_source_bridge__partial_open_20,partial_open,R1,"{""R1"": 4104.771219, ""R3"": 152.701362, ""R2"": 202.506988, ""R4"": 250.284877, ""R5"": 74.017927}","{""R1"": 100, ""R3"": 150, ""R2"": 200, ""R4"": 250, ""R5"": 75}","{""mid1"": 2.742784, ""mid2"": 3.851252, ""p1"": 15.0, ""p2"": 10.0}","{""R1"": 0.00298609, ""R3"": 0.01796175, ""R2"": 0.03036314, ""R4"": 0.01538747, ""R5"": -0.0149757}",True
two_source_bridge,two_source_bridge__wrong_component_type_1,wrong_component_type,R2,"{""R1"": 99.398619, ""R3"": 150.263148, ""R2"": 2.11e-06, ""R4"": 254.10154, ""R5"": 75.972131}","{""R1"": 100, ""R3"": 150, ""R2"": 200, ""R4"": 250, ""R5"": 75}","{""mid1"": 7.642776, ""mid2"": 5.88366, ""p1"": 15.0, ""p2"": 10.0}","{""R1"": 0.07401737, ""R3"": 0.05086261, ""R4"": 0.02315476, ""R5"": 0.02315476}",True
two_source_bridge,two_source_bridge__wrong_component_type_2,wrong_component_type,R3,"{""R1"": 98.138779, ""R3"": 6.16e-06, ""R2"": 199.402953, ""R4"": 247.177764, ""R5"": 74.45504}","{""R1"": 100, ""R3"": 150, ""R2"": 200, ""R4"": 250, ""R5"": 75}","{""mid1"": 11.71724, ""mid2"": 9.226706, ""p1"": 15.0, ""p2"": 10.0}","{""R1"": 0.03345018, ""R2"": 0.003878045, ""R4"": 0.03732822, ""R5"": 0.03345018}",True
two_source_bridge,two_source_bridge__wrong_component_type_3,wrong_component_type,R1,"{""R1"": 8.13e-06, ""R3"": 148.661517, ""R2"": 202.92153, ""R4"": 252.797965, ""R5"": 74.442625}","{""R1"": 100, ""R3"": 150, ""R2"": 200, ""R4"": 250, ""R5"": 75}","{""mid1"": 2.456761, ""mid2"": 3.68699, ""p1"": 15.0, ""p2"": 10.0}","{""R3"": 0.01652587, ""R2"": 0.0311106, ""R4"": 0.01458473, ""R5"": -0.0165259}",True
two_source_bridge,two_source_bridge__wrong_component_type_4,wrong_component_type,R1,"{""R1"": 3.41e-06, ""R3"": 151.533153, ""R2"": 201.828636, ""R4"": 253.109545, ""R5"": 76.063799}","{""R1"": 100, ""R3"": 150, ""R2"": 200, ""R4"": 250, ""R5"": 75}","{""mid1"": 2.480447, ""mid2"": 3.725536, ""p1"": 15.0, ""p2"": 10.0}","{""R3"": 0.01636901, ""R2"": 0.03108807, ""R4"": 0.01471907, ""R5"": -0.016369}",True
two_source_bridge,two_source_bridge__wrong_component_type_5,wrong_component_type,R2,"{""R1"": 99.117333, ""R3"": 152.392515, ""R2"": 5.21e-06, ""R4"": 250.4673, ""R5"": 74.592969}","{""R1"": 100, ""R3"": 150, ""R2"": 200, ""R4"": 250, ""R5"": 75}","{""mid1"": 7.671347, ""mid2"": 5.91097, ""p1"": 15.0, ""p2"": 10.0}","{""R1"": 0.07393916, ""R3"": 0.0503394, ""R4"": 0.02359977, ""R5"": 0.02359977}",True
two_source_bridge,two_source_bridge__wrong_component_type_6,wrong_component_type,R3,"{""R1"": 98.160557, ""R3"": 4.84e-06, ""R2"": 196.711909, ""R4"": 249.603085, ""R5"": 76.087805}","{""R1"": 100, ""R3"": 150, ""R2"": 200, ""R4"": 250, ""R5"": 75}","{""mid1"": 11.75142, ""mid2"": 9.233324, ""p1"": 15.0, ""p2"": 10.0}","{""R1"": 0.03309458, ""R2"": 0.003897453, ""R4"": 0.03699203, ""R5"": 0.03309458}",True
two_source_bridge,two_source_bridge__wrong_component_type_7,wrong_component_type,R5,"{""R1"": 101.994927, ""R3"": 149.034372, ""R2"": 202.847735, ""R4"": 246.946572, ""R5"": 2.68e-06}","{""R1"": 100, ""R3"": 150, ""R2"": 200, ""R4"": 250, ""R5"": 75}","{""mid1"": 8.905397, ""mid2"": 5.490211, ""p1"": 15.0, ""p2"": 10.0}","{""R1"": 0.05975398, ""R3"": 0.05975398, ""R2"": 0.02223238, ""R4"": 0.02223238}",True
two_source_bridge,two_source_bridge__wrong_component_type_8,wrong_component_type,R2,"{""R1"": 99.300069, ""R3"": 149.169308, ""R2"": 4.91e-06, ""R4"": 251.085954, ""R5"": 75.6474}","{""R1"": 100, ""R3"": 150, ""R2"": 200, ""R4"": 250, ""R5"": 75}","{""mid1"": 7.615741, ""mid2"": 5.852496, ""p1"": 15.0, ""p2"": 10.0}","{""R1"": 0.07436308, ""R3"": 0.05105434, ""R4"": 0.02330873, ""R5"": 0.02330873}",True
two_source_bridge,two_source_bridge__wrong_component_type_9,wrong_component_type,R4,"{""R1"": 99.261312, ""R3"": 150.318772, ""R2"": 198.175524, ""R4"": 5.32e-06, ""R5"": 76.03133}","{""R1"": 100, ""R3"": 150, ""R2"": 200, ""R4"": 250, ""R5"": 75}","{""mid1"": 9.207159, ""mid2"": 9.426996, ""p1"": 15.0, ""p2"": 10.0}","{""R1"": 0.0583595, ""R3"": 0.0612509, ""R2"": 0.002891396, ""R5"": -0.0028914}",True
two_source_bridge,two_source_bridge__wrong_component_type_10,wrong_component_type,R1,"{""R1"": 5.09e-06, ""R3"": 152.492555, ""R2"": 200.260773, ""R4"": 254.151699, ""R5"": 75.506678}","{""R1"": 100, ""R3"": 150, ""R2"": 200, ""R4"": 250, ""R5"": 75}","{""mid1"": 2.508457, ""mid2"": 3.750519, ""p1"": 15.0, ""p2"": 10.0}","{""R3"": 0.0164497, ""R2"": 0.03120671, ""R4"": 0.01475701, ""R5"": -0.0164497}",True
two_source_bridge,two_source_bridge__wrong_component_type_11,wrong_component_type,R5,"{""R1"": 99.580007, ""R3"": 152.172263, ""R2"": 196.14773, ""R4"": 250.674126, ""R5"": 1.12e-06}","{""R1"": 100, ""R3"": 150, ""R2"": 200, ""R4"": 250, ""R5"": 75}","{""mid1"": 9.066786, ""mid2"": 5.610158, ""p1"": 15.0, ""p2"": 10.0}","{""R1"": 0.05958238, ""R3"": 0.05958238, ""R2"": 0.02238028, ""R4"": 0.02238028}",True
two_source_bridge,two_source_bridge__wrong_component_type_12,wrong_component_type,R2,"{""R1"": 99.293023, ""R3"": 149.86885, ""R2"": 4.48e-06, ""R4"": 250.789975, ""R5"": 74.228916}","{""R1"": 100, ""R3"": 150, ""R2"": 200, ""R4"": 250, ""R5"": 75}","{""mid1"": 7.621827, ""mid2"": 5.881129, ""p1"": 15.0, ""p2"": 10.0}","{""R1"": 0.07430706, ""R3"": 0.05085665, ""R4"": 0.02345041, ""R5"": 0.02345041}",True
two_source_bridge,two_source_bridge__wrong_component_type_13,wrong_component_type,R4,"{""R1"": 101.425506, ""R3"": 149.079858, ""R2"": 198.33914, ""R4"": 4.77e-06, ""R5"": 74.436831}","{""R1"": 100, ""R3"": 150, ""R2"": 200, ""R4"": 250, ""R5"": 75}","{""mid1"": 9.121206, ""mid2"": 9.361017, ""p1"": 15.0, ""p2"": 10.0}","{""R1"": 0.05796169, ""R3"": 0.06118336, ""R2"": 0.003221668, ""R5"": -0.00322167}",True
two_source_bridge,two_source_bridge__wrong_component_type_14,wrong_component_type,R1,"{""R1"": 2.38e-06, ""R3"": 152.918593, ""R2"": 196.842879, ""R4"": 254.604755, ""R5"": 75.563852}","{""R1"": 100, ""R3"": 150, ""R2"": 200, ""R4"": 250, ""R5"": 75}","{""mid1"": 2.540293, ""mid2"": 3.795565, ""p1"": 15.0, ""p2"": 10.0}","{""R3"": 0.01661206, ""R2"": 0.03151974, ""R4"": 0.01490767, ""R5"": -0.0166121}",True
two_source_bridge,two_source_bridge__wrong_component_type_15,wrong_component_type,R2,"{""R1"": 101.817104, ""R3"": 150.299279, ""R2"": 4.13e-06, ""R4"": 245.107888, ""R5"": 74.692607}","{""R1"": 100, ""R3"": 150, ""R2"": 200, ""R4"": 250, ""R5"": 75}","{""mid1"": 7.51576, ""mid2"": 5.760379, ""p1"": 15.0, ""p2"": 10.0}","{""R1"": 0.0735067, ""R3"": 0.0500053, ""R4"": 0.0235014, ""R5"": 0.0235014}",True
two_source_bridge,two_source_bridge__wrong_component_type_16,wrong_component_type,R1,"{""R1"": 5.29e-06, ""R3"": 152.378159, ""R2"": 201.282191, ""R4"": 247.011547, ""R5"": 73.880874}","{""R1"": 100, ""R3"": 150, ""R2"": 200, ""R4"": 250, ""R5"": 75}","{""mid1"": 2.490194, ""mid2"": 3.69757, ""p1"": 15.0, ""p2"": 10.0}","{""R3"": 0.0163422, ""R2"": 0.03131142, ""R4"": 0.01496922, ""R5"": -0.0163422}",True
two_source_bridge,two_source_bridge__wrong_component_type_17,wrong_component_type,R3,"{""R1"": 99.604301, ""R3"": 5.43e-06, ""R2"": 203.57222, ""R4"": 247.044965, ""R5"": 74.613528}","{""R1"": 100, ""R3"": 150, ""R2"": 200, ""R4"": 250, ""R5"": 75}","{""mid1"": 11.68328, ""mid2"": 9.198727, ""p1"": 15.0, ""p2"": 10.0}","{""R1"": 0.03329897, ""R2"": 0.003936065, ""R4"": 0.03723503, ""R5"": 0.03329897}",True
two_source_bridge,two_source_bridge__wrong_component_type_18,wrong_component_type,R5,"{""R1"": 98.093657, ""R3"": 150.876386, ""R2"": 201.410467, ""R4"": 245.138234, ""R5"": 1.39e-06}","{""R1"": 100, ""R3"": 150, ""R2"": 200, ""R4"": 250, ""R5"": 75}","{""mid1"": 9.090033, ""mid2"": 5.489619, ""p1"": 15.0, ""p2"": 10.0}","{""R1"": 0.06024821, ""R3"": 0.06024821, ""R2"": 0.02239397, ""R4"": 0.02239397}",True
two_source_bridge,two_source_bridge__wrong_component_type_19,wrong_component_type,R3,"{""R1"": 100.845632, ""R3"": 3.8e-06, ""R2"": 197.291901, ""R4"": 249.941607, ""R5"": 76.439959}","{""R1"": 100, ""R3"": 150, ""R2"": 200, ""R4"": 250, ""R5"": 75}","{""mid1"": 11.6993, ""mid2"": 9.197409, ""p1"": 15.0, ""p2"": 10.0}","{""R1"": 0.03273019, ""R2"": 0.004068039, ""R4"": 0.03679823, ""R5"": 0.03273019}",True
two_source_bridge,two_source_bridge__wrong_component_type_20,wrong_component_type,R5,"{""R1"": 100.399296, ""R3"": 148.531045, ""R2"": 201.110667, ""R4"": 246.347144, ""R5"": 1.39e-06}","{""R1"": 100, ""R3"": 150, ""R2"": 200, ""R4"": 250, ""R5"": 75}","{""mid1"": 8.950157, ""mid2"": 5.505483, ""p1"": 15.0, ""p2"": 10.0}","{""R1"": 0.06025782, ""R3"": 0.06025782, ""R2"": 0.02234848, ""R4"": 0.02234848}",True
two_source_bridge,two_source_bridge__multi_fault_1,multi_fault,R2:partial_open;R3:partial_short,"{""R1"": 101.803709, ""R3"": 10.016431, ""R2"": 8064.404396, ""R4"": 246.057056, ""R5"": 74.974466}","{""R1"": 100, ""R3"": 150, ""R2"": 200, ""R4"": 250, ""R5"": 75}","{""mid1"": 1.314056, ""mid2"": 1.070795, ""p1"": 15.0, ""p2"": 10.0}","{""R1"": 0.1344346, ""R3"": 0.13119, ""R2"": 0.001107237, ""R4"": 0.004351817, ""R5"": 0.003244581}",True
two_source_bridge,two_source_bridge__multi_fault_2,multi_fault,R4:partial_open;R1:partial_short,"{""R1"": 10.424768, ""R3"": 147.650078, ""R2"": 196.214874, ""R4"": 6005.50023, ""R5"": 73.82739}","{""R1"": 100, ""R3"": 150, ""R2"": 200, ""R4"": 250, ""R5"": 75}","{""mid1"": 13.85676, ""mid2"": 12.68901, ""p1"": 15.0, ""p2"": 10.0}","{""R1"": 0.1096659, ""R3"": 0.09384863, ""R2"": -0.0137044, ""R4"": 0.002112898, ""R5"": 0.0158173}",True
two_source_bridge,two_source_bridge__multi_fault_3,multi_fault,R5:partial_short;R3:partial_open,"{""R1"": 100.931255, ""R3"": 2502.362495, ""R2"": 196.506612, ""R4"": 248.974893, ""R5"": 10.294071}","{""R1"": 100, ""R3"": 150, ""R2"": 200, ""R4"": 250, ""R5"": 75}","{""mid1"": 10.47336, ""mid2"": 10.05477, ""p1"": 15.0, ""p2"": 10.0}","{""R1"": 0.04484876, ""R3"": 0.004185388, ""R2"": -0.000278704, ""R4"": 0.04038466, ""R5"": 0.04066337}",True
two_source_bridge,two_source_bridge__multi_fault_4,multi_fault,R2:partial_short;R3:partial_open,"{""R1"": 100.907257, ""R3"": 7455.00207, ""R2"": 25.192076, ""R4"": 249.534428, ""R5"": 75.006494}","{""R1"": 100, ""R3"": 150, ""R2"": 200, ""R4"": 250, ""R5"": 75}","{""mid1"": 11.91715, ""mid2"": 9.745509, ""p1"": 15.0, ""p2"": 10.0}","{""R1"": 0.03055129, ""R3"": 0.001598545, ""R2"": 0.01010202, ""R4"": 0.03905477, ""R5"": 0.02895275}",True
two_source_bridge,two_source_bridge__multi_fault_5,multi_fault,R4:partial_short;R5:partial_open,"{""R1"": 101.388609, ""R3"": 151.770165, ""R2"": 197.372842, ""R4"": 16.04122, ""R5"": 1532.334873}","{""R1"": 100, ""R3"": 150, ""R2"": 200, ""R4"": 250, ""R5"": 75}","{""mid1"": 8.681068, ""mid2"": 0.8276813, ""p1"": 15.0, ""p2"": 10.0}","{""R1"": 0.06232389, ""R3"": 0.05719878, ""R2"": 0.04647204, ""R4"": 0.05159715, ""R5"": 0.005125111}",True
two_source_bridge,two_source_bridge__multi_fault_6,multi_fault,R2:partial_short;R3:partial_open,"{""R1"": 100.300895, ""R3"": 1931.78205, ""R2"": 25.14966, ""R4"": 253.108523, ""R5"": 75.229544}","{""R1"": 100, ""R3"": 150, ""R2"": 200, ""R4"": 250, ""R5"": 75}","{""mid1"": 11.71468, ""mid2"": 9.706762, ""p1"": 15.0, ""p2"": 10.0}","{""R1"": 0.03275468, ""R3"": 0.006064181, ""R2"": 0.0116597, ""R4"": 0.0383502, ""R5"": 0.0266905}",True
two_source_bridge,two_source_bridge__multi_fault_7,multi_fault,R3:partial_short;R2:partial_open,"{""R1"": 98.223109, ""R3"": 1.998146, ""R2"": 2887.345663, ""R4"": 252.901547, ""R5"": 73.723988}","{""R1"": 100, ""R3"": 150, ""R2"": 200, ""R4"": 250, ""R5"": 75}","{""mid1"": 0.3022771, ""mid2"": 0.4233807, ""p1"": 15.0, ""p2"": 10.0}","{""R1"": 0.1496361, ""R3"": 0.1512788, ""R2"": 0.003316755, ""R4"": 0.001674093, ""R5"": -0.00164266}",True
two_source_bridge,two_source_bridge__multi_fault_8,multi_fault,R4:partial_open;R3:partial_short,"{""R1"": 101.160626, ""R3"": 19.351313, ""R2"": 200.006381, ""R4"": 8741.425619, ""R5"": 76.461698}","{""R1"": 100, ""R3"": 150, ""R2"": 200, ""R4"": 250, ""R5"": 75}","{""mid1"": 2.823851, ""mid2"": 4.778294, ""p1"": 15.0, ""p2"": 10.0}","{""R1"": 0.1203645, ""R3"": 0.1459256, ""R2"": 0.0261077, ""R4"": 0.0005466264, ""R5"": -0.0255611}",True
two_source_bridge,two_source_bridge__multi_fault_9,multi_fault,R4:partial_short;R3:partial_open,"{""R1"": 100.734573, ""R3"": 7323.831535, ""R2"": 198.629861, ""R4"": 21.894906, ""R5"": 73.597583}","{""R1"": 100, ""R3"": 150, ""R2"": 200, ""R4"": 250, ""R5"": 75}","{""mid1"": 7.677994, ""mid2"": 2.405627, ""p1"": 15.0, ""p2"": 10.0}","{""R1"": 0.07268613, ""R3"": 0.001048358, ""R2"": 0.03823379, ""R4"": 0.1098716, ""R5"": 0.07163777}",True
two_source_bridge,two_source_bridge__multi_fault_10,multi_fault,R3:partial_open;R2:partial_short,"{""R1"": 100.158175, ""R3"": 6896.300618, ""R2"": 18.823938, ""R4"": 249.668164, ""R5"": 76.128974}","{""R1"": 100, ""R3"": 150, ""R2"": 200, ""R4"": 250, ""R5"": 75}","{""mid1"": 11.96948, ""mid2"": 9.798151, ""p1"": 15.0, ""p2"": 10.0}","{""R1"": 0.03025735, ""R3"": 0.001735638, ""R2"": 0.01072299, ""R4"": 0.0392447, ""R5"": 0.02852171}",True
two_source_bridge,two_source_bridge__multi_fault_11,multi_fault,R3:partial_open;R2:partial_short,"{""R1"": 100.310893, ""R3"": 2260.378973, ""R2"": 20.279787, ""R4"": 249.634434, ""R5"": 75.133611}","{""R1"": 100, ""R3"": 150, ""R2"": 200, ""R4"": 250, ""R5"": 75}","{""mid1"": 11.77658, ""mid2"": 9.753653, ""p1"": 15.0, ""p2"": 10.0}","{""R1"": 0.03213434, ""R3"": 0.005210001, ""R2"": 0.01214741, ""R4"": 0.03907175, ""R5"": 0.02692434}",True
two_source_bridge,two_source_bridge__multi_fault_12,multi_fault,R5:partial_short;R1:partial_open,"{""R1"": 4245.012749, ""R3"": 149.791472, ""R2"": 199.578568, ""R4"": 247.999279, ""R5"": 1.649725}","{""R1"": 100, ""R3"": 150, ""R2"": 200, ""R4"": 250, ""R5"": 75}","{""mid1"": 3.343734, ""mid2"": 3.37603, ""p1"": 15.0, ""p2"": 10.0}","{""R1"": 0.002745873, ""R3"": 0.02232259, ""R2"": 0.03318978, ""R4"": 0.01361306, ""R5"": -0.0195767}",True
two_source_bridge,two_source_bridge__multi_fault_13,multi_fault,R2:partial_short;R5:partial_open,"{""R1"": 101.52467, ""R3"": 150.201534, ""R2"": 15.312319, ""R4"": 248.898367, ""R5"": 524.572092}","{""R1"": 100, ""R3"": 150, ""R2"": 200, ""R4"": 250, ""R5"": 75}","{""mid1"": 8.997795, ""mid2"": 9.409139, ""p1"": 15.0, ""p2"": 10.0}","{""R1"": 0.05912066, ""R3"": 0.05990481, ""R2"": 0.03858729, ""R4"": 0.03780314, ""R5"": -0.000784152}",True
two_source_bridge,two_source_bridge__multi_fault_14,multi_fault,R4:partial_open;R2:partial_short,"{""R1"": 100.876957, ""R3"": 150.084371, ""R2"": 2.082202, ""R4"": 3686.741814, ""R5"": 75.068344}","{""R1"": 100, ""R3"": 150, ""R2"": 200, ""R4"": 250, ""R5"": 75}","{""mid1"": 9.419829, ""mid2"": 9.978858, ""p1"": 15.0, ""p2"": 10.0}","{""R1"": 0.05531661, ""R3"": 0.06276355, ""R2"": 0.01015363, ""R4"": 0.002706688, ""R5"": -0.00744694}",True
two_source_bridge,two_source_bridge__multi_fault_15,multi_fault,R1:partial_open;R4:partial_short,"{""R1"": 973.209033, ""R3"": 150.785002, ""R2"": 197.17881, ""R4"": 25.11807, ""R5"": 74.143858}","{""R1"": 100, ""R3"": 150, ""R2"": 200, ""R4"": 250, ""R5"": 75}","{""mid1"": 1.504757, ""mid2"": 1.216541, ""p1"": 15.0, ""p2"": 10.0}","{""R1"": 0.01386675, ""R3"": 0.00997949, ""R2"": 0.04454565, ""R4"": 0.04843291, ""R5"": 0.003887256}",True
two_source_bridge,two_source_bridge__multi_fault_16,multi_fault,R1:partial_short;R4:partial_open,"{""R1"": 8.223795, ""R3"": 149.471793, ""R2"": 198.730453, ""R4"": 5361.999527, ""R5"": 74.017862}","{""R1"": 100, ""R3"": 150, ""R2"": 200, ""R4"": 250, ""R5"": 75}","{""mid1"": 14.08733, ""mid2"": 12.84889, ""p1"": 15.0, ""p2"": 10.0}","{""R1"": 0.1109791, ""R3"": 0.09424742, ""R2"": -0.0143354, ""R4"": 0.002396286, ""R5"": 0.01673171}",True
two_source_bridge,two_source_bridge__multi_fault_17,multi_fault,R2:partial_open;R4:partial_short,"{""R1"": 101.432576, ""R3"": 152.790591, ""R2"": 6296.771021, ""R4"": 24.752197, ""R5"": 75.539874}","{""R1"": 100, ""R3"": 150, ""R2"": 200, ""R4"": 250, ""R5"": 75}","{""mid1"": 5.619739, ""mid2"": 1.412384, ""p1"": 15.0, ""p2"": 10.0}","{""R1"": 0.0924778, ""R3"": 0.03678066, ""R2"": 0.001363813, ""R4"": 0.05706095, ""R5"": 0.05569714}",True
two_source_bridge,two_source_bridge__multi_fault_18,multi_fault,R3:partial_short;R2:partial_open,"{""R1"": 99.743848, ""R3"": 4.696548, ""R2"": 7673.602366, ""R4"": 247.190547, ""R5"": 75.690506}","{""R1"": 100, ""R3"": 150, ""R2"": 200, ""R4"": 250, ""R5"": 75}","{""mid1"": 0.6694445, ""mid2"": 0.5836193, ""p1"": 15.0, ""p2"": 10.0}","{""R1"": 0.1436736, ""R3"": 0.1425397, ""R2"": 0.001227113, ""R4"": 0.00236101, ""R5"": 0.001133896}",True
two_source_bridge,two_source_bridge__multi_fault_19,multi_fault,R4:partial_open;R3:partial_short,"{""R1"": 100.237433, ""R3"": 7.436494, ""R2"": 201.867212, ""R4"": 4943.691643, ""R5"": 76.391406}","{""R1"": 100, ""R3"": 150, ""R2"": 200, ""R4"": 250, ""R5"": 75}","{""mid1"": 1.249999, ""mid2"": 3.611683, ""p1"": 15.0, ""p2"": 10.0}","{""R1"": 0.1371743, ""R3"": 0.1680899, ""R2"": 0.03164613, ""R4"": 0.000730564, ""R5"": -0.0309156}",True
two_source_bridge,two_source_bridge__multi_fault_20,multi_fault,R1:partial_short;R2:partial_open,"{""R1"": 4.302025, ""R3"": 152.884289, ""R2"": 3639.898559, ""R4"": 245.873131, ""R5"": 76.344955}","{""R1"": 100, ""R3"": 150, ""R2"": 200, ""R4"": 250, ""R5"": 75}","{""mid1"": 14.40159, ""mid2"": 10.97376, ""p1"": 15.0, ""p2"": 10.0}","{""R1"": 0.1390986, ""R3"": 0.09419931, ""R2"": -0.000267523, ""R4"": 0.04463179, ""R5"": 0.04489931}",True
resistor_cube,resistor_cube__normal_1,normal,,"{""R1"": 1.005627, ""R2"": 1.000452, ""R3"": 0.995012, ""R4"": 1.011086, ""R5"": 0.998953, ""R6"": 1.004738, ""R7"": 0.999479, ""R8"": 0.989406, ""R9"": 0.984017, ""R10"": 1.010347, ""R11"": 0.984884, ""R12"": 1.003579}","{""R1"": 1, ""R2"": 1, ""R3"": 1, ""R4"": 1, ""R5"": 1, ""R6"": 1, ""R7"": 1, ""R8"": 1, ""R9"": 1, ""R10"": 1, ""R11"": 1, ""R12"": 1}","{""n1"": 4.821433, ""n2"": 4.814142, ""n3"": 7.241502, ""n4"": 4.806429, ""n5"": 7.219838, ""n6"": 7.208947, ""n7"": 12.0}","{""R1"": -4.79445, ""R2"": -4.81197, ""R3"": -4.83052, ""R4"": -2.39354, ""R5"": -2.40092, ""R6"": -2.41591, ""R7"": -2.39605, ""R8"": -4.80945, ""R9"": -2.45261, ""R10"": -2.37791, ""R11"": -4.85353, ""R12"": -4.77397}",True
resistor_cube,resistor_cube__normal_2,normal,,"{""R1"": 1.011855, ""R2"": 0.98196, ""R3"": 0.998601, ""R4"": 1.003077, ""R5"": 1.002027, ""R6"": 0.995663, ""R7"": 1.008894, ""R8"": 1.019744, ""R9"": 0.996985, ""R10"": 1.00392, ""R11"": 0.984518, ""R12"": 0.985939}","{""R1"": 1, ""R2"": 1, ""R3"": 1, ""R4"": 1, ""R5"": 1, ""R6"": 1, ""R7"": 1, ""R8"": 1, ""R9"": 1, ""R10"": 1, ""R11"": 1, ""R12"": 1}","{""n1"": 4.812543, ""n2"": 4.762231, ""n3"": 7.159269, ""n4"": 4.81714, ""n5"": 7.234073, ""n6"": 7.226194, ""n7"": 12.0}","{""R1"": -4.75616, ""R2"": -4.84972, ""R3"": -4.82389, ""R4"": -2.33953, ""R5"": -2.41663, ""R6"": -2.40748, ""R7"": -2.44224, ""R8"": -4.74701, ""R9"": -2.42424, ""R10"": -2.39965, ""R11"": -4.84087, ""R12"": -4.84189}",True
resistor_cube,resistor_cube__normal_3,normal,,"{""R1"": 0.996316, ""R2"": 0.982579, ""R3"": 1.009194, ""R4"": 0.991324, ""R5"": 0.999384, ""R6"": 1.004511, ""R7"": 1.001924, ""R8"": 0.987436, ""R9"": 1.016934, ""R10"": 0.997346, ""R11"": 0.988455, ""R12"": 0.98584}","{""R1"": 1, ""R2"": 1, ""R3"": 1, ""R4"": 1, ""R5"": 1, ""R6"": 1, ""R7"": 1, ""R8"": 1, ""R9"": 1, ""R10"": 1, ""R11"": 1, ""R12"": 1}","{""n1"": 4.824043, ""n2"": 4.781232, ""n3"": 7.2187, ""n4"": 4.828091, ""n5"": 7.248814, ""n6"": 7.225406, ""n7"": 12.0}","{""R1"": -4.84188, ""R2"": -4.866, ""R3"": -4.78411, ""R4"": -2.41561, ""R5"": -2.42627, ""R6"": -2.42652, ""R7"": -2.43948, ""R8"": -4.84214, ""R9"": -2.38041, ""R10"": -2.40369, ""R11"": -4.80668, ""R12"": -4.84317}",True
resistor_cube,resistor_cube__normal_4,normal,,"{""R1"": 1.017789, ""R2"": 1.01766, ""R3"": 0.981643, ""R4"": 1.015076, ""R5"": 0.98322, ""R6"": 0.995291, ""R7"": 1.012755, ""R8"": 1.015424, ""R9"": 0.9905, ""R10"": 0.983578, ""R11"": 0.984486, ""R12"": 1.000268}","{""R1"": 1, ""R2"": 1, ""R3"": 1, ""R4"": 1, ""R5"": 1, ""R6"": 1, ""R7"": 1, ""R8"": 1, ""R9"": 1, ""R10"": 1, ""R11"": 1, ""R12"": 1}","{""n1"": 4.836275, ""n2"": 4.824028, ""n3"": 7.203784, ""n4"": 4.797339, ""n5"": 7.215077, ""n6"": 7.203292, ""n7"": 12.0}","{""R1"": -4.75175, ""R2"": -4.74031, ""R3"": -4.88705, ""R4"": -2.33235, ""R5"": -2.4194, ""R6"": -2.39102, ""R7"": -2.3493, ""R8"": -4.72336, ""R9"": -2.44093, ""R10"": -2.44612, ""R11"": -4.86033, ""R12"": -4.79542}",True
resistor_cube,resistor_cube__normal_5,normal,,"{""R1"": 0.994815, ""R2"": 1.006123, ""R3"": 0.997123, ""R4"": 0.991032, ""R5"": 0.994001, ""R6"": 1.013365, ""R7"": 0.982671, ""R8"": 0.99777, ""R9"": 0.988628, ""R10"": 1.000305, ""R11"": 1.013858, ""R12"": 0.989858}","{""R1"": 1, ""R2"": 1, ""R3"": 1, ""R4"": 1, ""R5"": 1, ""R6"": 1, ""R7"": 1, ""R8"": 1, ""R9"": 1, ""R10"": 1, ""R11"": 1, ""R12"": 1}","{""n1"": 4.794077, ""n2"": 4.819273, ""n3"": 7.211242, ""n4"": 4.793059, ""n5"": 7.159825, ""n6"": 7.206693, ""n7"": 12.0}","{""R1"": -4.81906, ""R2"": -4.78994, ""R3"": -4.80689, ""R4"": -2.43904, ""R5"": -2.38003, ""R6"": -2.36042, ""R7"": -2.42952, ""R8"": -4.79946, ""R9"": -2.39399, ""R10"": -2.4129, ""R11"": -4.77402, ""R12"": -4.84242}",True
resistor_cube,resistor_cube__normal_6,normal,,"{""R1"": 0.985348, ""R2"": 1.005709, ""R3"": 1.000918, ""R4"": 1.016371, ""R5"": 0.988337, ""R6"": 1.006858, ""R7"": 0.997827, ""R8"": 1.000037, ""R9"": 1.001682, ""R10"": 0.987927, ""R11"": 1.00469, ""R12"": 1.007679}","{""R1"": 1, ""R2"": 1, ""R3"": 1, ""R4"": 1, ""R5"": 1, ""R6"": 1, ""R7"": 1, ""R8"": 1, ""R9"": 1, ""R10"": 1, ""R11"": 1, ""R12"": 1}","{""n1"": 4.76456, ""n2"": 4.798219, ""n3"": 7.20611, ""n4"": 4.790472, ""n5"": 7.169366, ""n6"": 7.172541, ""n7"": 12.0}","{""R1"": -4.83541, ""R2"": -4.77098, ""R3"": -4.78608, ""R4"": -2.40222, ""R5"": -2.43318, ""R6"": -2.39149, ""R7"": -2.37949, ""R8"": -4.79371, ""R9"": -2.3749, ""R10"": -2.41118, ""R11"": -4.80808, ""R12"": -4.79067}",True
resistor_cube,resistor_cube__normal_7,normal,,"{""R1"": 1.009537, ""R2"": 1.017829, ""R3"": 1.006077, ""R4"": 1.000275, ""R5"": 1.014707, ""R6"": 0.989919, ""R7"": 1.017124, ""R8"": 0.996449, ""R9"": 0.984854, ""R10"": 1.005839, ""R11"": 1.002748, ""R12"": 0.980324}","{""R1"": 1, ""R2"": 1, ""R3"": 1, ""R4"": 1, ""R5"": 1, ""R6"": 1, ""R7"": 1, ""R8"": 1, ""R9"": 1, ""R10"": 1, ""R11"": 1, ""R12"": 1}","{""n1"": 4.817304, ""n2"": 4.859695, ""n3"": 7.223536, ""n4"": 4.852369, ""n5"": 7.218328, ""n6"": 7.287219, ""n7"": 12.0}","{""R1"": -4.7718, ""R2"": -4.77457, ""R3"": -4.82306, ""R4"": -2.40557, ""R5"": -2.36622, ""R6"": -2.38791, ""R7"": -2.38666, ""R8"": -4.79349, ""R9"": -2.40234, ""R10"": -2.42072, ""R11"": -4.76857, ""R12"": -4.80737}",True
resistor_cube,resistor_cube__normal_8,normal,,"{""R1"": 0.982433, ""R2"": 1.015013, ""R3"": 0.980824, ""R4"": 0.989627, ""R5"": 1.007216, ""R6"": 0.988951, ""R7"": 1.00294, ""R8"": 0.989794, ""R9"": 0.987785, ""R10"": 1.019269, ""R11"": 0.995669, ""R12"": 0.995193}","{""R1"": 1, ""R2"": 1, ""R3"": 1, ""R4"": 1, ""R5"": 1, ""R6"": 1, ""R7"": 1, ""R8"": 1, ""R9"": 1, ""R10"": 1, ""R11"": 1, ""R12"": 1}","{""n1"": 4.768785, ""n2"": 4.840321, ""n3"": 7.202227, ""n4"": 4.766357, ""n5"": 7.181175, ""n6"": 7.227753, ""n7"": 12.0}","{""R1"": -4.85406, ""R2"": -4.76873, ""R3"": -4.85954, ""R4"": -2.45895, ""R5"": -2.39511, ""R6"": -2.38829, ""R7"": -2.38043, ""R8"": -4.84724, ""R9"": -2.44468, ""R10"": -2.41486, ""R11"": -4.83979, ""R12"": -4.7953}",True
resistor_cube,resistor_cube__normal_9,normal,,"{""R1"": 0.990102, ""R2"": 1.008053, ""R3"": 1.002631, ""R4"": 1.015955, ""R5"": 1.014162, ""R6"": 1.014996, ""R7"": 1.009668, ""R8"": 0.998935, ""R9"": 1.000071, ""R10"": 1.008734, ""R11"": 1.013298, ""R12"": 1.00884}","{""R1"": 1, ""R2"": 1, ""R3"": 1, ""R4"": 1, ""R5"": 1, ""R6"": 1, ""R7"": 1, ""R8"": 1, ""R9"": 1, ""R10"": 1, ""R11"": 1, ""R12"": 1}","{""n1"": 4.752729, ""n2"": 4.793931, ""n3"": 7.208671, ""n4"": 4.784784, ""n5"": 7.169345, ""n6"": 7.193476, ""n7"": 12.0}","{""R1"": -4.80024, ""R2"": -4.75563, ""R3"": -4.77223, ""R4"": -2.41737, ""R5"": -2.38287, ""R6"": -2.37906, ""R7"": -2.37657, ""R8"": -4.79644, ""R9"": -2.38439, ""R10"": -2.38784, ""R11"": -4.76726, ""R12"": -4.76441}",True
resistor_cube,resistor_cube__normal_10,normal,,"{""R1"": 0.982625, ""R2"": 1.001837, ""R3"": 0.980428, ""R4"": 0.988783, ""R5"": 0.982432, ""R6"": 1.004667, ""R7"": 0.984346, ""R8"": 1.003342, ""R9"": 0.981694, ""R10"": 0.985409, ""R11"": 0.995714, ""R12"": 0.985653}","{""R1"": 1, ""R2"": 1, ""R3"": 1, ""R4"": 1, ""R5"": 1, ""R6"": 1, ""R7"": 1, ""R8"": 1, ""R9"": 1, ""R10"": 1, ""R11"": 1, ""R12"": 1}","{""n1"": 4.777565, ""n2"": 4.804233, ""n3"": 7.183172, ""n4"": 4.780846, ""n5"": 7.164037, ""n6"": 7.19377, ""n7"": 12.0}","{""R1"": -4.86204, ""R2"": -4.79542, ""R3"": -4.87628, ""R4"": -2.4329, ""R5"": -2.42915, ""R6"": -2.36789, ""R7"": -2.42754, ""R8"": -4.80078, ""R9"": -2.42763, ""R10"": -2.44865, ""R11"": -4.85678, ""R12"": -4.87619}",True
resistor_cube,resistor_cube__normal_11,normal,,"{""R1"": 0.993337, ""R2"": 0.990868, ""R3"": 1.007459, ""R4"": 0.988983, ""R5"": 1.002808, ""R6"": 0.992894, ""R7"": 0.990781, ""R8"": 1.004085, ""R9"": 0.99155, ""R10"": 0.995434, ""R11"": 1.014126, ""R12"": 0.988672}","{""R1"": 1, ""R2"": 1, ""R3"": 1, ""R4"": 1, ""R5"": 1, ""R6"": 1, ""R7"": 1, ""R8"": 1, ""R9"": 1, ""R10"": 1, ""R11"": 1, ""R12"": 1}","{""n1"": 4.775093, ""n2"": 4.790642, ""n3"": 7.167471, ""n4"": 4.815228, ""n5"": 7.169894, ""n6"": 7.209093, ""n7"": 12.0}","{""R1"": -4.80712, ""R2"": -4.83479, ""R3"": -4.77958, ""R4"": -2.41903, ""R5"": -2.38809, ""R6"": -2.39384, ""R7"": -2.44095, ""R8"": -4.81287, ""R9"": -2.37473, ""R10"": -2.40485, ""R11"": -4.76283, ""R12"": -4.8458}",True
resistor_cube,resistor_cube__normal_12,normal,,"{""R1"": 1.000637, ""R2"": 1.012032, ""R3"": 0.983166, ""R4"": 0.983891, ""R5"": 1.018893, ""R6"": 0.992648, ""R7"": 0.994, ""R8"": 0.99877, ""R9"": 1.014829, ""R10"": 0.993881, ""R11"": 1.010505, ""R12"": 0.995378}","{""R1"": 1, ""R2"": 1, ""R3"": 1, ""R4"": 1, ""R5"": 1, ""R6"": 1, ""R7"": 1, ""R8"": 1, ""R9"": 1, ""R10"": 1, ""R11"": 1, ""R12"": 1}","{""n1"": 4.794045, ""n2"": 4.823697, ""n3"": 7.188979, ""n4"": 4.762078, ""n5"": 7.19542, ""n6"": 7.192943, ""n7"": 12.0}","{""R1"": -4.79099, ""R2"": -4.76635, ""R3"": -4.84362, ""R4"": -2.43415, ""R5"": -2.35685, ""R6"": -2.3828, ""R7"": -2.38355, ""R8"": -4.81695, ""R9"": -2.39779, ""R10"": -2.44583, ""R11"": -4.75463, ""R12"": -4.82938}",True
resistor_cube,resistor_cube__normal_13,normal,,"{""R1"": 1.002864, ""R2"": 0.982301, ""R3"": 0.985692, ""R4"": 0.998486, ""R5"": 1.011491, ""R6"": 0.983779, ""R7"": 0.996821, ""R8"": 0.997192, ""R9"": 1.018551, ""R10"": 1.01114, ""R11"": 1.009421, ""R12"": 1.001104}","{""R1"": 1, ""R2"": 1, ""R3"": 1, ""R4"": 1, ""R5"": 1, ""R6"": 1, ""R7"": 1, ""R8"": 1, ""R9"": 1, ""R10"": 1, ""R11"": 1, ""R12"": 1}","{""n1"": 4.782291, ""n2"": 4.769925, ""n3"": 7.174179, ""n4"": 4.738927, ""n5"": 7.182678, ""n6"": 7.174231, ""n7"": 12.0}","{""R1"": -4.76863, ""R2"": -4.85587, ""R3"": -4.80772, ""R4"": -2.39551, ""R5"": -2.37312, ""R6"": -2.4439, ""R7"": -2.41197, ""R8"": -4.83941, ""R9"": -2.39924, ""R10"": -2.40847, ""R11"": -4.77236, ""R12"": -4.82045}",True
resistor_cube,resistor_cube__normal_14,normal,,"{""R1"": 0.990715, ""R2"": 1.013748, ""R3"": 0.980491, ""R4"": 1.007622, ""R5"": 0.995748, ""R6"": 0.99249, ""R7"": 0.998142, ""R8"": 0.987433, ""R9"": 0.993224, ""R10"": 1.00428, ""R11"": 0.98349, ""R12"": 1.016955}","{""R1"": 1, ""R2"": 1, ""R3"": 1, ""R4"": 1, ""R5"": 1, ""R6"": 1, ""R7"": 1, ""R8"": 1, ""R9"": 1, ""R10"": 1, ""R11"": 1, ""R12"": 1}","{""n1"": 4.792429, ""n2"": 4.829299, ""n3"": 7.22758, ""n4"": 4.76223, ""n5"": 7.20275, ""n6"": 7.172317, ""n7"": 12.0}","{""R1"": -4.83734, ""R2"": -4.76381, ""R3"": -4.85698, ""R4"": -2.41673, ""R5"": -2.42061, ""R6"": -2.41643, ""R7"": -2.34738, ""R8"": -4.83316, ""R9"": -2.45717, ""R10"": -2.39982, ""R11"": -4.87778, ""R12"": -4.74719}",True
resistor_cube,resistor_cube__normal_15,normal,,"{""R1"": 0.999662, ""R2"": 1.006844, ""R3"": 1.018103, ""R4"": 1.005515, ""R5"": 1.014995, ""R6"": 0.99875, ""R7"": 1.017559, ""R8"": 1.019603, ""R9"": 1.015915, ""R10"": 1.008615, ""R11"": 0.992655, ""R12"": 1.01196}","{""R1"": 1, ""R2"": 1, ""R3"": 1, ""R4"": 1, ""R5"": 1, ""R6"": 1, ""R7"": 1, ""R8"": 1, ""R9"": 1, ""R10"": 1, ""R11"": 1, ""R12"": 1}","{""n1"": 4.783572, ""n2"": 4.787354, ""n3"": 7.162666, ""n4"": 4.824069, ""n5"": 7.238992, ""n6"": 7.20561, ""n7"": 12.0}","{""R1"": -4.78519, ""R2"": -4.75481, ""R3"": -4.73829, ""R4"": -2.36605, ""R5"": -2.41914, ""R6"": -2.37829, ""R7"": -2.37653, ""R8"": -4.74433, ""R9"": -2.37709, ""R10"": -2.3612, ""R11"": -4.79624, ""R12"": -4.73773}",True
resistor_cube,resistor_cube__normal_16,normal,,"{""R1"": 1.008313, ""R2"": 0.994295, ""R3"": 1.007319, ""R4"": 0.995674, ""R5"": 1.003247, ""R6"": 1.004691, ""R7"": 0.995976, ""R8"": 1.011293, ""R9"": 0.991409, ""R10"": 0.998559, ""R11"": 0.98314, ""R12"": 1.004598}","{""R1"": 1, ""R2"": 1, ""R3"": 1, ""R4"": 1, ""R5"": 1, ""R6"": 1, ""R7"": 1, ""R8"": 1, ""R9"": 1, ""R10"": 1, ""R11"": 1, ""R12"": 1}","{""n1"": 4.822268, ""n2"": 4.782639, ""n3"": 7.184026, ""n4"": 4.830928, ""n5"": 7.240587, ""n6"": 7.192806, ""n7"": 12.0}","{""R1"": -4.78251, ""R2"": -4.81008, ""R3"": -4.79583, ""R4"": -2.37202, ""R5"": -2.41049, ""R6"": -2.39018, ""R7"": -2.41991, ""R8"": -4.76219, ""R9"": -2.43054, ""R10"": -2.36529, ""R11"": -4.84103, ""R12"": -4.78519}",True
resistor_cube,resistor_cube__normal_17,normal,,"{""R1"": 0.990001, ""R2"": 0.988849, ""R3"": 1.015869, ""R4"": 0.985533, ""R5"": 0.999048, ""R6"": 1.013969, ""R7"": 1.01529, ""R8"": 0.988138, ""R9"": 1.015092, ""R10"": 1.007949, ""R11"": 0.983202, ""R12"": 0.99446}","{""R1"": 1, ""R2"": 1, ""R3"": 1, ""R4"": 1, ""R5"": 1, ""R6"": 1, ""R7"": 1, ""R8"": 1, ""R9"": 1, ""R10"": 1, ""R11"": 1, ""R12"": 1}","{""n1"": 4.82115, ""n2"": 4.774635, ""n3"": 7.217226, ""n4"": 4.83642, ""n5"": 7.257423, ""n6"": 7.231167, ""n7"": 12.0}","{""R1"": -4.86984, ""R2"": -4.82848, ""R3"": -4.76087, ""R4"": -2.43125, ""R5"": -2.43859, ""R6"": -2.40894, ""R7"": -2.41954, ""R8"": -4.84019, ""R9"": -2.38501, ""R10"": -2.37586, ""R11"": -4.8236, ""R12"": -4.7954}",True
resistor_cube,resistor_cube__normal_18,normal,,"{""R1"": 0.999982, ""R2"": 1.007334, ""R3"": 0.997228, ""R4"": 0.983632, ""R5"": 1.01515, ""R6"": 1.000571, ""R7"": 0.993005, ""R8"": 0.983463, ""R9"": 1.017062, ""R10"": 0.986823, ""R11"": 1.006022, ""R12"": 0.981948}","{""R1"": 1, ""R2"": 1, ""R3"": 1, ""R4"": 1, ""R5"": 1, ""R6"": 1, ""R7"": 1, ""R8"": 1, ""R9"": 1, ""R10"": 1, ""R11"": 1, ""R12"": 1}","{""n1"": 4.821593, ""n2"": 4.83789, ""n3"": 7.23362, ""n4"": 4.811581, ""n5"": 7.227008, ""n6"": 7.229348, ""n7"": 12.0}","{""R1"": -4.82168, ""R2"": -4.80267, ""R3"": -4.82496, ""R4"": -2.45216, ""R5"": -2.36952, ""R6"": -2.39436, ""R7"": -2.4083, ""R8"": -4.84653, ""R9"": -2.37491, ""R10"": -2.45005, ""R11"": -4.74442, ""R12"": -4.85836}",True
resistor_cube,resistor_cube__normal_19,normal,,"{""R1"": 1.000459, ""R2"": 1.016581, ""R3"": 0.996797, ""R4"": 1.016428, ""R5"": 0.981618, ""R6"": 0.987678, ""R7"": 1.015359, ""R8"": 0.988643, ""R9"": 0.983978, ""R10"": 0.99307, ""R11"": 1.012054, ""R12"": 0.992215}","{""R1"": 1, ""R2"": 1, ""R3"": 1, ""R4"": 1, ""R5"": 1, ""R6"": 1, ""R7"": 1, ""R8"": 1, ""R9"": 1, ""R10"": 1, ""R11"": 1, ""R12"": 1}","{""n1"": 4.801136, ""n2"": 4.850388, ""n3"": 7.238607, ""n4"": 4.81244, ""n5"": 7.15786, ""n6"": 7.239794, ""n7"": 12.0}","{""R1"": -4.79893, ""R2"": -4.77128, ""R3"": -4.8279, ""R4"": -2.39808, ""R5"": -2.40086, ""R6"": -2.41801, ""R7"": -2.35326, ""R8"": -4.81609, ""R9"": -2.38361, ""R10"": -2.44429, ""R11"": -4.78447, ""R12"": -4.79756}",True
resistor_cube,resistor_cube__normal_20,normal,,"{""R1"": 0.987655, ""R2"": 0.992014, ""R3"": 0.993218, ""R4"": 0.992873, ""R5"": 1.014267, ""R6"": 1.018134, ""R7"": 1.006965, ""R8"": 1.019596, ""R9"": 0.995516, ""R10"": 0.991856, ""R11"": 0.990309, ""R12"": 1.014946}","{""R1"": 1, ""R2"": 1, ""R3"": 1, ""R4"": 1, ""R5"": 1, ""R6"": 1, ""R7"": 1, ""R8"": 1, ""R9"": 1, ""R10"": 1, ""R11"": 1, ""R12"": 1}","{""n1"": 4.75475, ""n2"": 4.728809, ""n3"": 7.138646, ""n4"": 4.781833, ""n5"": 7.202353, ""n6"": 7.145488, ""n7"": 12.0}","{""R1"": -4.81418, ""R2"": -4.76688, ""R3"": -4.81448, ""R4"": -2.40101, ""R5"": -2.41317, ""R6"": -2.36691, ""R7"": -2.39996, ""R8"": -4.76792, ""R9"": -2.43142, ""R10"": -2.38306, ""R11"": -4.8446, ""R12"": -4.78303}",True
resistor_cube,resistor_cube__partial_short_1,partial_short,R4,"{""R1"": 1.011452, ""R2"": 0.990443, ""R3"": 1.01833, ""R4"": 0.140264, ""R5"": 1.001027, ""R6"": 1.016605, ""R7"": 0.987956, ""R8"": 1.012671, ""R9"": 1.007031, ""R10"": 0.990919, ""R11"": 1.017402, ""R12"": 1.01678}","{""R1"": 1, ""R2"": 1, ""R3"": 1, ""R4"": 1, ""R5"": 1, ""R6"": 1, ""R7"": 1, ""R8"": 1, ""R9"": 1, ""R10"": 1, ""R11"": 1, ""R12"": 1}","{""n1"": 5.720944, ""n2"": 4.427729, ""n3"": 6.262492, ""n4"": 4.889627, ""n5"": 7.518035, ""n6"": 7.061282, ""n7"": 12.0}","{""R1"": -5.65617, ""R2"": -4.47045, ""R3"": -4.80161, ""R4"": -3.86092, ""R5"": -1.79525, ""R6"": -1.80479, ""R7"": -2.66566, ""R8"": -5.66572, ""R9"": -2.61006, ""R10"": -2.19156, ""R11"": -4.4053, ""R12"": -4.85721}",True
resistor_cube,resistor_cube__partial_short_2,partial_short,R7,"{""R1"": 0.992788, ""R2"": 1.009219, ""R3"": 1.00003, ""R4"": 0.99517, ""R5"": 0.98251, ""R6"": 0.982823, ""R7"": 0.014789, ""R8"": 0.988195, ""R9"": 0.98889, ""R10"": 0.983708, ""R11"": 0.980608, ""R12"": 0.992107}","{""R1"": 1, ""R2"": 1, ""R3"": 1, ""R4"": 1, ""R5"": 1, ""R6"": 1, ""R7"": 1, ""R8"": 1, ""R9"": 1, ""R10"": 1, ""R11"": 1, ""R12"": 1}","{""n1"": 4.931119, ""n2"": 6.011779, ""n3"": 7.651, ""n4"": 4.41969, ""n5"": 7.125908, ""n6"": 6.075208, ""n7"": 12.0}","{""R1"": -4.96694, ""R2"": -5.95686, ""R3"": -4.41956, ""R4"": -2.73308, ""R5"": -2.23386, ""R6"": -1.66787, ""R7"": -4.28899, ""R8"": -4.40095, ""R9"": -2.73662, ""R10"": -1.68294, ""R11"": -4.97048, ""R12"": -5.97193}",True
resistor_cube,resistor_cube__partial_short_3,partial_short,R5,"{""R1"": 1.002166, ""R2"": 0.984301, ""R3"": 1.012582, ""R4"": 1.004663, ""R5"": 0.12872, ""R6"": 1.019173, ""R7"": 0.985313, ""R8"": 0.983968, ""R9"": 1.004382, ""R10"": 0.98255, ""R11"": 1.012647, ""R12"": 1.014791}","{""R1"": 1, ""R2"": 1, ""R3"": 1, ""R4"": 1, ""R5"": 1, ""R6"": 1, ""R7"": 1, ""R8"": 1, ""R9"": 1, ""R10"": 1, ""R11"": 1, ""R12"": 1}","{""n1"": 5.74243, ""n2"": 4.84287, ""n3"": 7.572427, ""n4"": 4.463678, ""n5"": 6.245534, ""n6"": 7.051845, ""n7"": 12.0}","{""R1"": -5.73002, ""R2"": -4.92011, ""R3"": -4.40821, ""R4"": -1.8215, ""R5"": -3.90852, ""R6"": -2.67821, ""R7"": -2.2419, ""R8"": -4.49971, ""R9"": -1.77408, ""R10"": -2.63413, ""R11"": -5.6826, ""R12"": -4.87603}",True
resistor_cube,resistor_cube__partial_short_4,partial_short,R4,"{""R1"": 0.986799, ""R2"": 0.982945, ""R3"": 1.017033, ""R4"": 0.08187, ""R5"": 1.013694, ""R6"": 0.993744, ""R7"": 1.003011, ""R8"": 0.992498, ""R9"": 0.989568, ""R10"": 1.003818, ""R11"": 1.004213, ""R12"": 1.003058}","{""R1"": 1, ""R2"": 1, ""R3"": 1, ""R4"": 1, ""R5"": 1, ""R6"": 1, ""R7"": 1, ""R8"": 1, ""R9"": 1, ""R10"": 1, ""R11"": 1, ""R12"": 1}","{""n1"": 5.803692, ""n2"": 4.391903, ""n3"": 6.142626, ""n4"": 4.925816, ""n5"": 7.568967, ""n6"": 7.106414, ""n7"": 12.0}","{""R1"": -5.88133, ""R2"": -4.46811, ""R3"": -4.84332, ""R4"": -4.1399, ""R5"": -1.74143, ""R6"": -1.76174, ""R7"": -2.70636, ""R8"": -5.90165, ""R9"": -2.67102, ""R10"": -2.1723, ""R11"": -4.41244, ""R12"": -4.87867}",True
resistor_cube,resistor_cube__partial_short_5,partial_short,R7,"{""R1"": 1.015464, ""R2"": 0.990561, ""R3"": 1.016119, ""R4"": 1.002226, ""R5"": 1.009395, ""R6"": 1.006392, ""R7"": 0.085089, ""R8"": 0.983262, ""R9"": 0.985668, ""R10"": 1.019681, ""R11"": 0.993694, ""R12"": 0.986524}","{""R1"": 1, ""R2"": 1, ""R3"": 1, ""R4"": 1, ""R5"": 1, ""R6"": 1, ""R7"": 1, ""R8"": 1, ""R9"": 1, ""R10"": 1, ""R11"": 1, ""R12"": 1}","{""n1"": 4.941627, ""n2"": 5.862053, ""n3"": 7.631752, ""n4"": 4.478869, ""n5"": 7.144351, ""n6"": 6.215977, ""n7"": 12.0}","{""R1"": -4.86637, ""R2"": -5.91791, ""R3"": -4.40782, ""R4"": -2.68415, ""R5"": -2.18222, ""R6"": -1.75846, ""R7"": -4.15945, ""R8"": -4.44261, ""R9"": -2.70424, ""R10"": -1.70358, ""R11"": -4.88646, ""R12"": -5.86303}",True
resistor_cube,resistor_cube__partial_short_6,partial_short,R2,"{""R1"": 1.0069, ""R2"": 0.061607, ""R3"": 1.002899, ""R4"": 1.017739, ""R5"": 0.986605, ""R6"": 1.010381, ""R7"": 1.013062, ""R8"": 0.991115, ""R9"": 0.982112, ""R10"": 0.982461, ""R11"": 1.000114, ""R12"": 0.988487}","{""R1"": 1, ""R2"": 1, ""R3"": 1, ""R4"": 1, ""R5"": 1, ""R6"": 1, ""R7"": 1, ""R8"": 1, ""R9"": 1, ""R10"": 1, ""R11"": 1, ""R12"": 1}","{""n1"": 4.131708, ""n2"": 0.6106253, ""n3"": 5.625681, ""n4"": 4.146882, ""n5"": 6.731869, ""n6"": 5.62335, ""n7"": 12.0}","{""R1"": -4.1034, ""R2"": -9.91162, ""R3"": -4.1349, ""R4"": -1.46793, ""R5"": -2.63546, ""R6"": -4.96353, ""R7"": -4.94809, ""R8"": -6.43146, ""R9"": -2.63207, ""R10"": -1.50283, ""R11"": -5.26753, ""R12"": -6.45092}",True
resistor_cube,resistor_cube__partial_short_7,partial_short,R7,"{""R1"": 0.998238, ""R2"": 1.015309, ""R3"": 1.014546, ""R4"": 1.013163, ""R5"": 0.996197, ""R6"": 0.994702, ""R7"": 0.060065, ""R8"": 1.007165, ""R9"": 0.987347, ""R10"": 1.004863, ""R11"": 0.999324, ""R12"": 1.012681}","{""R1"": 1, ""R2"": 1, ""R3"": 1, ""R4"": 1, ""R5"": 1, ""R6"": 1, ""R7"": 1, ""R8"": 1, ""R9"": 1, ""R10"": 1, ""R11"": 1, ""R12"": 1}","{""n1"": 4.883413, ""n2"": 5.893033, ""n3"": 7.590402, ""n4"": 4.441273, ""n5"": 7.095183, ""n6"": 6.139166, ""n7"": 12.0}","{""R1"": -4.89203, ""R2"": -5.80418, ""R3"": -4.3776, ""R4"": -2.67182, ""R5"": -2.22021, ""R6"": -1.70641, ""R7"": -4.09777, ""R8"": -4.37823, ""R9"": -2.68792, ""R10"": -1.68968, ""R11"": -4.90813, ""R12"": -5.78744}",True
resistor_cube,resistor_cube__partial_short_8,partial_short,R8,"{""R1"": 1.00918, ""R2"": 0.987244, ""R3"": 0.999433, ""R4"": 0.980126, ""R5"": 0.981185, ""R6"": 1.010727, ""R7"": 0.98296, ""R8"": 0.104606, ""R9"": 1.007034, ""R10"": 1.013417, ""R11"": 1.004949, ""R12"": 0.991842}","{""R1"": 1, ""R2"": 1, ""R3"": 1, ""R4"": 1, ""R5"": 1, ""R6"": 1, ""R7"": 1, ""R8"": 1, ""R9"": 1, ""R10"": 1, ""R11"": 1, ""R12"": 1}","{""n1"": 6.342939, ""n2"": 6.245195, ""n3"": 11.00898, ""n4"": 5.204368, ""n5"": 7.838844, ""n6"": 7.830382, ""n7"": 12.0}","{""R1"": -6.28524, ""R2"": -6.32589, ""R3"": -5.20732, ""R4"": -4.76065, ""R5"": -1.52459, ""R6"": -4.71322, ""R7"": -1.61267, ""R8"": -9.47387, ""R9"": -2.61607, ""R10"": -2.59125, ""R11"": -4.14066, ""R12"": -4.20391}",True
resistor_cube,resistor_cube__partial_short_9,partial_short,R11,"{""R1"": 0.986015, ""R2"": 1.011097, ""R3"": 0.980331, ""R4"": 0.98803, ""R5"": 1.005026, ""R6"": 0.980384, ""R7"": 1.000435, ""R8"": 1.006428, ""R9"": 1.005201, ""R10"": 1.003086, ""R11"": 0.093733, ""R12"": 1.001333}","{""R1"": 1, ""R2"": 1, ""R3"": 1, ""R4"": 1, ""R5"": 1, ""R6"": 1, ""R7"": 1, ""R8"": 1, ""R9"": 1, ""R10"": 1, ""R11"": 1, ""R12"": 1}","{""n1"": 6.270862, ""n2"": 5.251123, ""n3"": 7.808472, ""n4"": 6.260101, ""n5"": 11.09857, ""n6"": 7.837219, ""n7"": 12.0}","{""R1"": -6.3598, ""R2"": -5.19349, ""R3"": -6.3857, ""R4"": -1.55624, ""R5"": -4.80357, ""R6"": -2.60852, ""R7"": -2.58497, ""R8"": -4.16476, ""R9"": -4.81343, ""R10"": -1.57227, ""R11"": -9.617, ""R12"": -4.15724}",True
resistor_cube,resistor_cube__partial_short_10,partial_short,R5,"{""R1"": 0.994457, ""R2"": 0.98984, ""R3"": 0.994625, ""R4"": 0.985597, ""R5"": 0.068304, ""R6"": 1.006024, ""R7"": 0.999064, ""R8"": 1.000071, ""R9"": 1.008971, ""R10"": 0.986213, ""R11"": 0.99042, ""R12"": 0.981059}","{""R1"": 1, ""R2"": 1, ""R3"": 1, ""R4"": 1, ""R5"": 1, ""R6"": 1, ""R7"": 1, ""R8"": 1, ""R9"": 1, ""R10"": 1, ""R11"": 1, ""R12"": 1}","{""n1"": 5.875431, ""n2"": 4.87924, ""n3"": 7.581868, ""n4"": 4.426352, ""n5"": 6.160724, ""n6"": 7.120018, ""n7"": 12.0}","{""R1"": -5.90818, ""R2"": -4.92932, ""R3"": -4.45027, ""R4"": -1.73137, ""R5"": -4.17681, ""R6"": -2.68644, ""R7"": -2.24288, ""R8"": -4.41782, ""R9"": -1.71895, ""R10"": -2.73132, ""R11"": -5.89576, ""R12"": -4.9742}",True
resistor_cube,resistor_cube__partial_short_11,partial_short,R6,"{""R1"": 0.985219, ""R2"": 1.019333, ""R3"": 1.01249, ""R4"": 1.00004, ""R5"": 0.997454, ""R6"": 0.040905, ""R7"": 0.984989, ""R8"": 1.000304, ""R9"": 1.002689, ""R10"": 1.012134, ""R11"": 0.990925, ""R12"": 1.00535}","{""R1"": 1, ""R2"": 1, ""R3"": 1, ""R4"": 1, ""R5"": 1, ""R6"": 1, ""R7"": 1, ""R8"": 1, ""R9"": 1, ""R10"": 1, ""R11"": 1, ""R12"": 1}","{""n1"": 4.394173, ""n2"": 5.952548, ""n3"": 6.122223, ""n4"": 4.920192, ""n5"": 7.119335, ""n6"": 7.618795, ""n7"": 12.0}","{""R1"": -4.4601, ""R2"": -5.83965, ""R3"": -4.8595, ""R4"": -1.72798, ""R5"": -2.73212, ""R6"": -4.14801, ""R7"": -1.69164, ""R8"": -5.87599, ""R9"": -2.19325, ""R10"": -2.66625, ""R11"": -4.92536, ""R12"": -4.35789}",True
resistor_cube,resistor_cube__partial_short_12,partial_short,R1,"{""R1"": 0.038117, ""R2"": 0.983894, ""R3"": 0.986228, ""R4"": 1.001688, ""R5"": 1.016653, ""R6"": 0.996647, ""R7"": 0.980183, ""R8"": 0.991741, ""R9"": 0.980477, ""R10"": 0.989017, ""R11"": 0.993957, ""R12"": 0.992575}","{""R1"": 1, ""R2"": 1, ""R3"": 1, ""R4"": 1, ""R5"": 1, ""R6"": 1, ""R7"": 1, ""R8"": 1, ""R9"": 1, ""R10"": 1, ""R11"": 1, ""R12"": 1}","{""n1"": 0.387051, ""n2"": 4.064173, ""n3"": 5.503037, ""n4"": 4.07234, ""n5"": 5.51802, ""n6"": 6.697923, ""n7"": 12.0}","{""R1"": -10.1543, ""R2"": -4.1307, ""R3"": -4.12921, ""R4"": -5.10736, ""R5"": -5.04692, ""R6"": -1.4437, ""R7"": -2.687, ""R8"": -6.55107, ""R9"": -1.47447, ""R10"": -2.65474, ""R11"": -6.52139, ""R12"": -5.34174}",True
resistor_cube,resistor_cube__partial_short_13,partial_short,R9,"{""R1"": 1.004088, ""R2"": 0.998127, ""R3"": 1.012376, ""R4"": 0.987099, ""R5"": 0.984847, ""R6"": 1.0066, ""R7"": 1.002446, ""R8"": 0.983984, ""R9"": 0.13599, ""R10"": 0.985712, ""R11"": 0.990086, ""R12"": 0.981809}","{""R1"": 1, ""R2"": 1, ""R3"": 1, ""R4"": 1, ""R5"": 1, ""R6"": 1, ""R7"": 1, ""R8"": 1, ""R9"": 1, ""R10"": 1, ""R11"": 1, ""R12"": 1}","{""n1"": 4.522581, ""n2"": 4.906556, ""n3"": 7.16272, ""n4"": 5.793623, ""n5"": 6.324382, ""n6"": 7.587491, ""n7"": 12.0}","{""R1"": -4.50417, ""R2"": -4.91576, ""R3"": -5.7228, ""R4"": -2.67464, ""R5"": -1.82952, ""R6"": -2.24137, ""R7"": -2.67439, ""R8"": -4.91601, ""R9"": -3.90293, ""R10"": -1.81987, ""R11"": -5.73245, ""R12"": -4.49426}",True
resistor_cube,resistor_cube__partial_short_14,partial_short,R4,"{""R1"": 1.014611, ""R2"": 0.994468, ""R3"": 0.987978, ""R4"": 0.058359, ""R5"": 0.980207, ""R6"": 1.009512, ""R7"": 0.986617, ""R8"": 1.00472, ""R9"": 1.005067, ""R10"": 0.994608, ""R11"": 0.982154, ""R12"": 1.01764}","{""R1"": 1, ""R2"": 1, ""R3"": 1, ""R4"": 1, ""R5"": 1, ""R6"": 1, ""R7"": 1, ""R8"": 1, ""R9"": 1, ""R10"": 1, ""R11"": 1, ""R12"": 1}","{""n1"": 5.9092, ""n2"": 4.394776, ""n3"": 6.147785, ""n4"": 4.863698, ""n5"": 7.610714, ""n6"": 7.041605, ""n7"": 12.0}","{""R1"": -5.8241, ""R2"": -4.41922, ""R3"": -4.92288, ""R4"": -4.08823, ""R5"": -1.73587, ""R6"": -1.73649, ""R7"": -2.68273, ""R8"": -5.82472, ""R9"": -2.73317, ""R10"": -2.18971, ""R11"": -4.46904, ""R12"": -4.87245}",True
resistor_cube,resistor_cube__partial_short_15,partial_short,R6,"{""R1"": 0.980665, ""R2"": 1.004038, ""R3"": 0.989703, ""R4"": 1.014694, ""R5"": 0.981642, ""R6"": 0.099937, ""R7"": 1.019344, ""R8"": 1.008489, ""R9"": 0.983534, ""R10"": 1.000759, ""R11"": 1.012519, ""R12"": 0.987342}","{""R1"": 1, ""R2"": 1, ""R3"": 1, ""R4"": 1, ""R5"": 1, ""R6"": 1, ""R7"": 1, ""R8"": 1, ""R9"": 1, ""R10"": 1, ""R11"": 1, ""R12"": 1}","{""n1"": 4.384783, ""n2"": 5.78325, ""n3"": 6.182653, ""n4"": 4.866349, ""n5"": 7.034628, ""n6"": 7.580809, ""n7"": 12.0}","{""R1"": -4.47123, ""R2"": -5.75999, ""R3"": -4.91698, ""R4"": -1.77183, ""R5"": -2.6994, ""R6"": -3.99655, ""R7"": -1.76345, ""R8"": -5.76838, ""R9"": -2.20458, ""R10"": -2.7124, ""R11"": -4.90398, ""R12"": -4.47585}",True
resistor_cube,resistor_cube__partial_short_16,partial_short,R4,"{""R1"": 1.019005, ""R2"": 1.009321, ""R3"": 1.001358, ""R4"": 0.051981, ""R5"": 0.983998, ""R6"": 1.007358, ""R7"": 0.996748, ""R8"": 0.985188, ""R9"": 0.986936, ""R10"": 1.006369, ""R11"": 1.015824, ""R12"": 0.981955}","{""R1"": 1, ""R2"": 1, ""R3"": 1, ""R4"": 1, ""R5"": 1, ""R6"": 1, ""R7"": 1, ""R8"": 1, ""R9"": 1, ""R10"": 1, ""R11"": 1, ""R12"": 1}","{""n1"": 5.961119, ""n2"": 4.458584, ""n3"": 6.179429, ""n4"": 4.923838, ""n5"": 7.58485, ""n6"": 7.158906, ""n7"": 12.0}","{""R1"": -5.84994, ""R2"": -4.41741, ""R3"": -4.91716, ""R4"": -4.1998, ""R5"": -1.65014, ""R6"": -1.70828, ""R7"": -2.70913, ""R8"": -5.90808, ""R9"": -2.69624, ""R10"": -2.22092, ""R11"": -4.34637, ""R12"": -4.93006}",True
resistor_cube,resistor_cube__partial_short_17,partial_short,R6,"{""R1"": 1.00777, ""R2"": 0.985927, ""R3"": 1.003793, ""R4"": 1.010339, ""R5"": 1.016552, ""R6"": 0.012892, ""R7"": 1.019706, ""R8"": 0.982855, ""R9"": 0.989533, ""R10"": 1.00279, ""R11"": 1.00701, ""R12"": 1.018443}","{""R1"": 1, ""R2"": 1, ""R3"": 1, ""R4"": 1, ""R5"": 1, ""R6"": 1, ""R7"": 1, ""R8"": 1, ""R9"": 1, ""R10"": 1, ""R11"": 1, ""R12"": 1}","{""n1"": 4.360364, ""n2"": 5.96559, ""n3"": 6.02278, ""n4"": 4.910735, ""n5"": 7.086088, ""n6"": 7.612066, ""n7"": 12.0}","{""R1"": -4.32675, ""R2"": -6.05074, ""R3"": -4.89218, ""R4"": -1.6454, ""R5"": -2.68134, ""R6"": -4.43608, ""R7"": -1.61466, ""R8"": -6.08149, ""R9"": -2.19836, ""R10"": -2.69382, ""R11"": -4.87971, ""R12"": -4.30847}",True
resistor_cube,resistor_cube__partial_short_18,partial_short,R12,"{""R1"": 0.998993, ""R2"": 1.016158, ""R3"": 0.985392, ""R4"": 0.99237, ""R5"": 1.011742, ""R6"": 1.001727, ""R7"": 1.012836, ""R8"": 1.013397, ""R9"": 1.016014, ""R10"": 0.98764, ""R11"": 1.018209, ""R12"": 0.114792}","{""R1"": 1, ""R2"": 1, ""R3"": 1, ""R4"": 1, ""R5"": 1, ""R6"": 1, ""R7"": 1, ""R8"": 1, ""R9"": 1, ""R10"": 1, ""R11"": 1, ""R12"": 1}","{""n1"": 5.190193, ""n2"": 6.250099, ""n3"": 7.789098, ""n4"": 6.220824, ""n5"": 7.796983, ""n6"": 10.9237, ""n7"": 12.0}","{""R1"": -5.19542, ""R2"": -6.15072, ""R3"": -6.31305, ""R4"": -2.61889, ""R5"": -2.57654, ""R6"": -1.53635, ""R7"": -4.61437, ""R8"": -4.15523, ""R9"": -1.55132, ""R10"": -4.76173, ""R11"": -4.12785, ""R12"": -9.3761}",True
resistor_cube,resistor_cube__partial_short_19,partial_short,R5,"{""R1"": 0.984376, ""R2"": 1.019086, ""R3"": 0.992526, ""R4"": 0.989106, ""R5"": 0.0381, ""R6"": 1.003918, ""R7"": 0.99428, ""R8"": 1.010063, ""R9"": 1.019361, ""R10"": 1.008231, ""R11"": 1.007134, ""R12"": 0.998339}","{""R1"": 1, ""R2"": 1, ""R3"": 1, ""R4"": 1, ""R5"": 1, ""R6"": 1, ""R7"": 1, ""R8"": 1, ""R9"": 1, ""R10"": 1, ""R11"": 1, ""R12"": 1}","{""n1"": 5.882085, ""n2"": 4.926109, ""n3"": 7.585277, ""n4"": 4.351826, ""n5"": 6.044143, ""n6"": 7.098672, ""n7"": 12.0}","{""R1"": -5.97545, ""R2"": -4.83385, ""R3"": -4.3846, ""R4"": -1.72195, ""R5"": -4.25349, ""R6"": -2.64879, ""R7"": -2.18506, ""R8"": -4.37074, ""R9"": -1.66017, ""R10"": -2.72442, ""R11"": -5.91367, ""R12"": -4.90948}",True
resistor_cube,resistor_cube__partial_short_20,partial_short,R8,"{""R1"": 0.983405, ""R2"": 1.01861, ""R3"": 0.993446, ""R4"": 0.983738, ""R5"": 1.000693, ""R6"": 0.992584, ""R7"": 0.990835, ""R8"": 0.125494, ""R9"": 0.980263, ""R10"": 1.012912, ""R11"": 1.011024, ""R12"": 1.001531}","{""R1"": 1, ""R2"": 1, ""R3"": 1, ""R4"": 1, ""R5"": 1, ""R6"": 1, ""R7"": 1, ""R8"": 1, ""R9"": 1, ""R10"": 1, ""R11"": 1, ""R12"": 1}","{""n1"": 6.187578, ""n2"": 6.273208, ""n3"": 10.83132, ""n4"": 5.189786, ""n5"": 7.760157, ""n6"": 7.825284, ""n7"": 12.0}","{""R1"": -6.29199, ""R2"": -6.1586, ""R3"": -5.22402, ""R4"": -4.7205, ""R5"": -1.57149, ""R6"": -4.59216, ""R7"": -1.56643, ""R8"": -9.31267, ""R9"": -2.62212, ""R10"": -2.6019, ""R11"": -4.19361, ""R12"": -4.16833}",True
resistor_cube,resistor_cube__partial_open_1,partial_open,R6,"{""R1"": 0.9945, ""R2"": 0.981489, ""R3"": 1.010639, ""R4"": 0.987725, ""R5"": 0.995565, ""R6"": 6.545803, ""R7"": 1.00806, ""R8"": 0.996328, ""R9"": 1.003069, ""R10"": 0.981803, ""R11"": 0.980061, ""R12"": 1.009221}","{""R1"": 1, ""R2"": 1, ""R3"": 1, ""R4"": 1, ""R5"": 1, ""R6"": 1, ""R7"": 1, ""R8"": 1, ""R9"": 1, ""R10"": 1, ""R11"": 1, ""R12"": 1}","{""n1"": 5.201484, ""n2"": 3.695537, ""n3"": 8.241533, ""n4"": 4.738448, ""n5"": 7.344359, ""n6"": 6.791033, ""n7"": 12.0}","{""R1"": -5.23025, ""R2"": -3.76524, ""R3"": -4.68857, ""R4"": -3.07783, ""R5"": -2.15242, ""R6"": -0.69449, ""R7"": -3.07075, ""R8"": -3.77232, ""R9"": -2.59794, ""R10"": -2.09063, ""R11"": -4.75036, ""R12"": -5.16137}",True
resistor_cube,resistor_cube__partial_open_2,partial_open,R3,"{""R1"": 0.982211, ""R2"": 0.999203, ""R3"": 18.347314, ""R4"": 1.007216, ""R5"": 0.991686, ""R6"": 0.991717, ""R7"": 0.985729, ""R8"": 0.98201, ""R9"": 0.993682, ""R10"": 0.9967, ""R11"": 0.983869, ""R12"": 0.984993}","{""R1"": 1, ""R2"": 1, ""R3"": 1, ""R4"": 1, ""R5"": 1, ""R6"": 1, ""R7"": 1, ""R8"": 1, ""R9"": 1, ""R10"": 1, ""R11"": 1, ""R12"": 1}","{""n1"": 5.377902, ""n2"": 5.430047, ""n3"": 7.628598, ""n4"": 8.369643, ""n5"": 8.59169, ""n6"": 8.601594, ""n7"": 12.0}","{""R1"": -5.4753, ""R2"": -5.43438, ""R3"": -0.456178, ""R4"": -2.23457, ""R5"": -3.24073, ""R6"": -2.21691, ""R7"": -3.21746, ""R8"": -4.45148, ""R9"": -0.223459, ""R10"": -0.232719, ""R11"": -3.46419, ""R12"": -3.45018}",True
resistor_cube,resistor_cube__partial_open_3,partial_open,R5,"{""R1"": 1.000474, ""R2"": 0.986074, ""R3"": 0.983769, ""R4"": 1.007853, ""R5"": 17.059872, ""R6"": 1.018258, ""R7"": 1.009167, ""R8"": 1.005033, ""R9"": 1.002544, ""R10"": 1.014279, ""R11"": 0.995559, ""R12"": 1.014209}","{""R1"": 1, ""R2"": 1, ""R3"": 1, ""R4"": 1, ""R5"": 1, ""R6"": 1, ""R7"": 1, ""R8"": 1, ""R9"": 1, ""R10"": 1, ""R11"": 1, ""R12"": 1}","{""n1"": 3.492204, ""n2"": 4.620014, ""n3"": 6.716155, ""n4"": 5.205486, ""n5"": 8.4689, ""n6"": 7.2708, ""n7"": 12.0}","{""R1"": -3.49055, ""R2"": -4.68526, ""R3"": -5.29137, ""R4"": -3.19883, ""R5"": -0.291719, ""R6"": -2.05855, ""R7"": -2.62671, ""R8"": -5.25739, ""R9"": -3.25513, ""R10"": -2.03624, ""R11"": -3.54685, ""R12"": -4.66294}",True
resistor_cube,resistor_cube__partial_open_4,partial_open,R10,"{""R1"": 1.016007, ""R2"": 1.000431, ""R3"": 0.995156, ""R4"": 0.996089, ""R5"": 0.997594, ""R6"": 1.016524, ""R7"": 0.980964, ""R8"": 1.004743, ""R9"": 0.9974, ""R10"": 32.286887, ""R11"": 0.982463, ""R12"": 1.00166}","{""R1"": 1, ""R2"": 1, ""R3"": 1, ""R4"": 1, ""R5"": 1, ""R6"": 1, ""R7"": 1, ""R8"": 1, ""R9"": 1, ""R10"": 1, ""R11"": 1, ""R12"": 1}","{""n1"": 4.729624, ""n2"": 5.305703, ""n3"": 7.345414, ""n4"": 3.451596, ""n5"": 6.753792, ""n6"": 8.539808, ""n7"": 12.0}","{""R1"": -4.65511, ""R2"": -5.30342, ""R3"": -3.4684, ""R4"": -2.62606, ""R5"": -2.02905, ""R6"": -2.00655, ""R7"": -3.29686, ""R8"": -4.63261, ""R9"": -3.3108, ""R10"": -0.157594, ""R11"": -5.33985, ""R12"": -3.45446}",True
resistor_cube,resistor_cube__partial_open_5,partial_open,R1,"{""R1"": 15.075678, ""R2"": 0.998587, ""R3"": 0.984473, ""R4"": 1.011558, ""R5"": 1.005422, ""R6"": 0.997177, ""R7"": 0.999626, ""R8"": 0.986349, ""R9"": 0.998308, ""R10"": 0.999898, ""R11"": 1.013387, ""R12"": 1.00907}","{""R1"": 1, ""R2"": 1, ""R3"": 1, ""R4"": 1, ""R5"": 1, ""R6"": 1, ""R7"": 1, ""R8"": 1, ""R9"": 1, ""R10"": 1, ""R11"": 1, ""R12"": 1}","{""n1"": 8.258478, ""n2"": 5.370742, ""n3"": 8.557087, ""n4"": 5.328976, ""n5"": 8.512452, ""n6"": 7.5529, ""n7"": 12.0}","{""R1"": -0.547801, ""R2"": -5.37834, ""R3"": -5.41302, ""R4"": -0.295197, ""R5"": -0.252605, ""R6"": -3.19537, ""R7"": -2.18298, ""R8"": -3.49056, ""R9"": -3.18887, ""R10"": -2.22415, ""R11"": -3.44148, ""R12"": -4.40713}",True
resistor_cube,resistor_cube__partial_open_6,partial_open,R11,"{""R1"": 1.004834, ""R2"": 1.006587, ""R3"": 1.006713, ""R4"": 0.994938, ""R5"": 1.007804, ""R6"": 0.982564, ""R7"": 0.980786, ""R8"": 0.995125, ""R9"": 1.014778, ""R10"": 1.006594, ""R11"": 12.236052, ""R12"": 1.013224}","{""R1"": 1, ""R2"": 1, ""R3"": 1, ""R4"": 1, ""R5"": 1, ""R6"": 1, ""R7"": 1, ""R8"": 1, ""R9"": 1, ""R10"": 1, ""R11"": 1, ""R12"": 1}","{""n1"": 3.500203, ""n2"": 4.455769, ""n3"": 6.642476, ""n4"": 3.48001, ""n5"": 3.827845, ""n6"": 6.614578, ""n7"": 12.0}","{""R1"": -3.48336, ""R2"": -4.42661, ""R3"": -3.4568, ""R4"": -3.15826, ""R5"": -0.325105, ""R6"": -2.22551, ""R7"": -2.2011, ""R8"": -5.38377, ""R9"": -0.34277, ""R10"": -3.11403, ""R11"": -0.667875, ""R12"": -5.31513}",True
resistor_cube,resistor_cube__partial_open_7,partial_open,R3,"{""R1"": 1.004655, ""R2"": 1.007931, ""R3"": 24.444849, ""R4"": 0.991955, ""R5"": 1.019934, ""R6"": 1.019889, ""R7"": 1.006137, ""R8"": 0.992872, ""R9"": 0.993396, ""R10"": 1.011512, ""R11"": 0.985986, ""R12"": 1.009655}","{""R1"": 1, ""R2"": 1, ""R3"": 1, ""R4"": 1, ""R5"": 1, ""R6"": 1, ""R7"": 1, ""R8"": 1, ""R9"": 1, ""R10"": 1, ""R11"": 1, ""R12"": 1}","{""n1"": 5.427387, ""n2"": 5.412363, ""n3"": 7.632171, ""n4"": 8.474237, ""n5"": 8.670342, ""n6"": 8.625214, ""n7"": 12.0}","{""R1"": -5.40224, ""R2"": -5.36977, ""R3"": -0.346668, ""R4"": -2.22267, ""R5"": -3.17957, ""R6"": -2.17652, ""R7"": -3.19325, ""R8"": -4.39919, ""R9"": -0.197409, ""R10"": -0.149259, ""R11"": -3.37698, ""R12"": -3.34251}",True
resistor_cube,resistor_cube__partial_open_8,partial_open,R2,"{""R1"": 0.981923, ""R2"": 14.840287, ""R3"": 0.984241, ""R4"": 0.994439, ""R5"": 1.016181, ""R6"": 0.981166, ""R7"": 0.999101, ""R8"": 1.013551, ""R9"": 0.992446, ""R10"": 1.002279, ""R11"": 1.019452, ""R12"": 0.991801}","{""R1"": 1, ""R2"": 1, ""R3"": 1, ""R4"": 1, ""R5"": 1, ""R6"": 1, ""R7"": 1, ""R8"": 1, ""R9"": 1, ""R10"": 1, ""R11"": 1, ""R12"": 1}","{""n1"": 5.296799, ""n2"": 8.234556, ""n3"": 8.487233, ""n4"": 5.324666, ""n5"": 7.518208, ""n6"": 8.531639, ""n7"": 12.0}","{""R1"": -5.39431, ""R2"": -0.554878, ""R3"": -5.40992, ""R4"": -3.20827, ""R5"": -2.18604, ""R6"": -0.257527, ""R7"": -0.297351, ""R8"": -3.4658, ""R9"": -2.21024, ""R10"": -3.19968, ""R11"": -4.39628, ""R12"": -3.49703}",True
resistor_cube,resistor_cube__partial_open_9,partial_open,R11,"{""R1"": 1.005993, ""R2"": 1.00119, ""R3"": 0.986498, ""R4"": 0.989695, ""R5"": 0.996137, ""R6"": 0.984554, ""R7"": 1.010992, ""R8"": 0.987634, ""R9"": 1.012591, ""R10"": 1.006015, ""R11"": 47.590047, ""R12"": 1.005419}","{""R1"": 1, ""R2"": 1, ""R3"": 1, ""R4"": 1, ""R5"": 1, ""R6"": 1, ""R7"": 1, ""R8"": 1, ""R9"": 1, ""R10"": 1, ""R11"": 1, ""R12"": 1}","{""n1"": 3.351478, ""n2"": 4.388737, ""n3"": 6.580028, ""n4"": 3.308228, ""n5"": 3.420557, ""n6"": 6.570308, ""n7"": 12.0}","{""R1"": -3.33151, ""R2"": -4.38352, ""R3"": -3.35351, ""R4"": -3.26217, ""R5"": -0.0693463, ""R6"": -2.22567, ""R7"": -2.15785, ""R8"": -5.48783, ""R9"": -0.110932, ""R10"": -3.24258, ""R11"": -0.180278, ""R12"": -5.40043}",True
resistor_cube,resistor_cube__partial_open_10,partial_open,R1,"{""R1"": 20.718728, ""R2"": 0.989169, ""R3"": 0.981974, ""R4"": 0.988343, ""R5"": 0.997451, ""R6"": 0.990426, ""R7"": 0.992833, ""R8"": 0.985366, ""R9"": 0.990507, ""R10"": 1.010102, ""R11"": 0.997375, ""R12"": 0.989577}","{""R1"": 1, ""R2"": 1, ""R3"": 1, ""R4"": 1, ""R5"": 1, ""R6"": 1, ""R7"": 1, ""R8"": 1, ""R9"": 1, ""R10"": 1, ""R11"": 1, ""R12"": 1}","{""n1"": 8.387672, ""n2"": 5.397786, ""n3"": 8.600821, ""n4"": 5.363675, ""n5"": 8.576362, ""n6"": 7.604745, ""n7"": 12.0}","{""R1"": -0.404835, ""R2"": -5.45689, ""R3"": -5.46214, ""R4"": -0.215663, ""R5"": -0.189172, ""R6"": -3.234, ""R7"": -2.22289, ""R8"": -3.44966, ""R9"": -3.24348, ""R10"": -2.21866, ""R11"": -3.43265, ""R12"": -4.44155}",True
resistor_cube,resistor_cube__partial_open_11,partial_open,R9,"{""R1"": 1.016626, ""R2"": 0.981684, ""R3"": 1.006323, ""R4"": 0.999502, ""R5"": 1.009701, ""R6"": 0.984689, ""R7"": 1.019505, ""R8"": 1.009876, ""R9"": 26.487696, ""R10"": 1.001961, ""R11"": 1.007757, ""R12"": 1.005095}","{""R1"": 1, ""R2"": 1, ""R3"": 1, ""R4"": 1, ""R5"": 1, ""R6"": 1, ""R7"": 1, ""R8"": 1, ""R9"": 1, ""R10"": 1, ""R11"": 1, ""R12"": 1}","{""n1"": 5.297179, ""n2"": 4.632637, ""n3"": 7.280501, ""n4"": 3.455076, ""n5"": 8.554714, ""n6"": 6.70227, ""n7"": 12.0}","{""R1"": -5.21055, ""R2"": -4.71907, ""R3"": -3.43337, ""R4"": -1.98431, ""R5"": -3.22624, ""R6"": -2.68904, ""R7"": -2.03004, ""R8"": -4.67335, ""R9"": -0.192529, ""R10"": -3.24084, ""R11"": -3.41877, ""R12"": -5.27088}",True
resistor_cube,resistor_cube__partial_open_12,partial_open,R4,"{""R1"": 1.000631, ""R2"": 0.981438, ""R3"": 1.003413, ""R4"": 16.173835, ""R5"": 1.006335, ""R6"": 0.98268, ""R7"": 0.990496, ""R8"": 1.0087, ""R9"": 1.017225, ""R10"": 0.988005, ""R11"": 1.01746, ""R12"": 1.000076}","{""R1"": 1, ""R2"": 1, ""R3"": 1, ""R4"": 1, ""R5"": 1, ""R6"": 1, ""R7"": 1, ""R8"": 1, ""R9"": 1, ""R10"": 1, ""R11"": 1, ""R12"": 1}","{""n1"": 3.498006, ""n2"": 5.224691, ""n3"": 8.416705, ""n4"": 4.667708, ""n5"": 6.709912, ""n6"": 7.2802, ""n7"": 12.0}","{""R1"": -3.4958, ""R2"": -5.32351, ""R3"": -4.65183, ""R4"": -0.304115, ""R5"": -3.19169, ""R6"": -3.24827, ""R7"": -2.07523, ""R8"": -3.55239, ""R9"": -2.00762, ""R10"": -2.64421, ""R11"": -5.19931, ""R12"": -4.71944}",True
resistor_cube,resistor_cube__partial_open_13,partial_open,R5,"{""R1"": 0.994324, ""R2"": 1.001522, ""R3"": 1.007072, ""R4"": 0.984513, ""R5"": 42.402606, ""R6"": 0.985566, ""R7"": 0.98336, ""R8"": 1.015373, ""R9"": 0.981014, ""R10"": 0.997989, ""R11"": 1.019038, ""R12"": 0.993312}","{""R1"": 1, ""R2"": 1, ""R3"": 1, ""R4"": 1, ""R5"": 1, ""R6"": 1, ""R7"": 1, ""R8"": 1, ""R9"": 1, ""R10"": 1, ""R11"": 1, ""R12"": 1}","{""n1"": 3.396239, ""n2"": 4.683353, ""n3"": 6.639588, ""n4"": 5.323793, ""n5"": 8.537826, ""n6"": 7.329921, ""n7"": 12.0}","{""R1"": -3.41563, ""R2"": -4.67624, ""R3"": -5.28641, ""R4"": -3.29437, ""R5"": -0.121256, ""R6"": -1.98488, ""R7"": -2.69135, ""R8"": -5.27925, ""R9"": -3.27624, ""R10"": -2.01017, ""R11"": -3.39749, ""R12"": -4.70152}",True
resistor_cube,resistor_cube__partial_open_14,partial_open,R8,"{""R1"": 0.986097, ""R2"": 0.99506, ""R3"": 0.997557, ""R4"": 0.99901, ""R5"": 0.9852, ""R6"": 0.99284, ""R7"": 1.017187, ""R8"": 32.340136, ""R9"": 0.98179, ""R10"": 1.015134, ""R11"": 0.985148, ""R12"": 0.990797}","{""R1"": 1, ""R2"": 1, ""R3"": 1, ""R4"": 1, ""R5"": 1, ""R6"": 1, ""R7"": 1, ""R8"": 1, ""R9"": 1, ""R10"": 1, ""R11"": 1, ""R12"": 1}","{""n1"": 3.356004, ""n2"": 3.34708, ""n3"": 3.482674, ""n4"": 4.403393, ""n5"": 6.584036, ""n6"": 6.62967, ""n7"": 12.0}","{""R1"": -3.40332, ""R2"": -3.3637, ""R3"": -4.41418, ""R4"": -0.126795, ""R5"": -3.27652, ""R6"": -0.136572, ""R7"": -3.22713, ""R8"": -0.263367, ""R9"": -2.22109, ""R10"": -2.19309, ""R11"": -5.49761, ""R12"": -5.42021}",True
resistor_cube,resistor_cube__partial_open_15,partial_open,R9,"{""R1"": 0.980212, ""R2"": 1.005169, ""R3"": 1.009401, ""R4"": 0.993532, ""R5"": 1.019164, ""R6"": 1.013493, ""R7"": 1.017938, ""R8"": 0.988329, ""R9"": 13.150779, ""R10"": 0.991312, ""R11"": 1.001717, ""R12"": 0.994035}","{""R1"": 1, ""R2"": 1, ""R3"": 1, ""R4"": 1, ""R5"": 1, ""R6"": 1, ""R7"": 1, ""R8"": 1, ""R9"": 1, ""R10"": 1, ""R11"": 1, ""R12"": 1}","{""n1"": 5.205029, ""n2"": 4.682965, ""n3"": 7.32153, ""n4"": 3.602466, ""n5"": 8.445791, ""n6"": 6.775283, ""n7"": 12.0}","{""R1"": -5.3101, ""R2"": -4.65888, ""R3"": -3.56892, ""R4"": -2.13028, ""R5"": -3.17982, ""R6"": -2.60344, ""R7"": -2.05545, ""R8"": -4.73372, ""R9"": -0.368292, ""R10"": -3.20062, ""R11"": -3.54812, ""R12"": -5.25607}",True
resistor_cube,resistor_cube__partial_open_16,partial_open,R12,"{""R1"": 1.003938, ""R2"": 1.011148, ""R3"": 1.013141, ""R4"": 0.988713, ""R5"": 0.981376, ""R6"": 0.981699, ""R7"": 1.003329, ""R8"": 1.016445, ""R9"": 0.989186, ""R10"": 1.001702, ""R11"": 1.013615, ""R12"": 21.454796}","{""R1"": 1, ""R2"": 1, ""R3"": 1, ""R4"": 1, ""R5"": 1, ""R6"": 1, ""R7"": 1, ""R8"": 1, ""R9"": 1, ""R10"": 1, ""R11"": 1, ""R12"": 1}","{""n1"": 4.394578, ""n2"": 3.418416, ""n3"": 6.54729, ""n4"": 3.414837, ""n5"": 6.553657, ""n6"": 3.612584, ""n7"": 12.0}","{""R1"": -4.37734, ""R2"": -3.38073, ""R3"": -3.37054, ""R4"": -2.17729, ""R5"": -2.20005, ""R6"": -3.1872, ""R7"": -0.193524, ""R8"": -5.36449, ""R9"": -3.17313, ""R10"": -0.197411, ""R11"": -5.37319, ""R12"": -0.390934}",True
resistor_cube,resistor_cube__partial_open_17,partial_open,R4,"{""R1"": 1.015822, ""R2"": 0.997178, ""R3"": 0.998328, ""R4"": 8.663868, ""R5"": 0.999927, ""R6"": 1.003648, ""R7"": 0.998422, ""R8"": 1.004077, ""R9"": 0.998315, ""R10"": 1.009172, ""R11"": 1.012405, ""R12"": 0.988798}","{""R1"": 1, ""R2"": 1, ""R3"": 1, ""R4"": 1, ""R5"": 1, ""R6"": 1, ""R7"": 1, ""R8"": 1, ""R9"": 1, ""R10"": 1, ""R11"": 1, ""R12"": 1}","{""n1"": 3.680888, ""n2"": 5.212589, ""n3"": 8.335888, ""n4"": 4.687756, ""n5"": 6.76693, ""n6"": 7.324647, ""n7"": 12.0}","{""R1"": -3.62356, ""R2"": -5.22734, ""R3"": -4.69561, ""R4"": -0.537289, ""R5"": -3.08627, ""R6"": -3.11195, ""R7"": -2.1154, ""R8"": -3.64923, ""R9"": -2.08268, ""R10"": -2.61292, ""R11"": -5.16895, ""R12"": -4.72832}",True
resistor_cube,resistor_cube__partial_open_18,partial_open,R3,"{""R1"": 0.991351, ""R2"": 1.008722, ""R3"": 45.937474, ""R4"": 1.009695, ""R5"": 1.010444, ""R6"": 0.981901, ""R7"": 1.018087, ""R8"": 1.010691, ""R9"": 1.00754, ""R10"": 1.008242, ""R11"": 1.019086, ""R12"": 0.998087}","{""R1"": 1, ""R2"": 1, ""R3"": 1, ""R4"": 1, ""R5"": 1, ""R6"": 1, ""R7"": 1, ""R8"": 1, ""R9"": 1, ""R10"": 1, ""R11"": 1, ""R12"": 1}","{""n1"": 5.371752, ""n2"": 5.432433, ""n3"": 7.579683, ""n4"": 8.569141, ""n5"": 8.637394, ""n6"": 8.688918, ""n7"": 12.0}","{""R1"": -5.41862, ""R2"": -5.38546, ""R3"": -0.186539, ""R4"": -2.18673, ""R5"": -3.23189, ""R6"": -2.18683, ""R7"": -3.19863, ""R8"": -4.37356, ""R9"": -0.0677419, ""R10"": -0.118797, ""R11"": -3.29963, ""R12"": -3.31743}",True
resistor_cube,resistor_cube__partial_open_19,partial_open,R8,"{""R1"": 0.999369, ""R2"": 1.01085, ""R3"": 1.006492, ""R4"": 1.01965, ""R5"": 0.995101, ""R6"": 0.994478, ""R7"": 1.011441, ""R8"": 31.005458, ""R9"": 1.004643, ""R10"": 0.995236, ""R11"": 1.004395, ""R12"": 0.98379}","{""R1"": 1, ""R2"": 1, ""R3"": 1, ""R4"": 1, ""R5"": 1, ""R6"": 1, ""R7"": 1, ""R8"": 1, ""R9"": 1, ""R10"": 1, ""R11"": 1, ""R12"": 1}","{""n1"": 3.371236, ""n2"": 3.385239, ""n3"": 3.516083, ""n4"": 4.418402, ""n5"": 6.586714, ""n6"": 6.639382, ""n7"": 12.0}","{""R1"": -3.37336, ""R2"": -3.3489, ""R3"": -4.3899, ""R4"": -0.142056, ""R5"": -3.23131, ""R6"": -0.13157, ""R7"": -3.21733, ""R8"": -0.273627, ""R9"": -2.15829, ""R10"": -2.23161, ""R11"": -5.3896, ""R12"": -5.44895}",True
resistor_cube,resistor_cube__partial_open_20,partial_open,R11,"{""R1"": 0.999093, ""R2"": 1.014116, ""R3"": 0.981631, ""R4"": 0.995086, ""R5"": 1.017257, ""R6"": 1.003627, ""R7"": 1.00013, ""R8"": 0.990056, ""R9"": 0.980502, ""R10"": 1.006666, ""R11"": 25.92198, ""R12"": 0.998133}","{""R1"": 1, ""R2"": 1, ""R3"": 1, ""R4"": 1, ""R5"": 1, ""R6"": 1, ""R7"": 1, ""R8"": 1, ""R9"": 1, ""R10"": 1, ""R11"": 1, ""R12"": 1}","{""n1"": 3.387398, ""n2"": 4.425279, ""n3"": 6.619562, ""n4"": 3.35148, ""n5"": 3.532203, ""n6"": 6.602889, ""n7"": 12.0}","{""R1"": -3.39047, ""R2"": -4.36368, ""R3"": -3.4142, ""R4"": -3.24813, ""R5"": -0.142348, ""R6"": -2.18635, ""R7"": -2.17733, ""R8"": -5.43448, ""R9"": -0.184317, ""R10"": -3.22988, ""R11"": -0.326665, ""R12"": -5.40721}",True
resistor_cube,resistor_cube__wrong_component_type_1,wrong_component_type,R9,"{""R1"": 1.013745, ""R2"": 1.016576, ""R3"": 1.012456, ""R4"": 0.986648, ""R5"": 0.989518, ""R6"": 1.004605, ""R7"": 0.992866, ""R8"": 0.987288, ""R9"": 7.02e-06, ""R10"": 0.990364, ""R11"": 0.999256, ""R12"": 1.007861}","{""R1"": 1, ""R2"": 1, ""R3"": 1, ""R4"": 1, ""R5"": 1, ""R6"": 1, ""R7"": 1, ""R8"": 1, ""R9"": 1, ""R10"": 1, ""R11"": 1, ""R12"": 1}","{""n1"": 5.401524, ""n2"": 4.708951, ""n3"": 7.385106, ""n4"": 3.368344, ""n5"": 8.684607, ""n6"": 6.66319, ""n7"": 12.0}","{""R1"": -5.32829, ""R2"": -4.63217, ""R3"": -3.3269, ""R4"": -2.01043, ""R5"": -3.31786, ""R6"": -2.66389, ""R7"": -1.96828, ""R8"": -4.67431, ""R10"": -3.3269, ""R11"": -3.31786, ""R12"": -5.29518}",True
resistor_cube,resistor_cube__wrong_component_type_2,wrong_component_type,R7,"{""R1"": 1.006791, ""R2"": 1.01785, ""R3"": 0.984098, ""R4"": 0.985223, ""R5"": 0.985312, ""R6"": 1.010606, ""R7"": 2.29e-06, ""R8"": 0.991298, ""R9"": 0.990322, ""R10"": 0.995548, ""R11"": 1.017578, ""R12"": 1.012134}","{""R1"": 1, ""R2"": 1, ""R3"": 1, ""R4"": 1, ""R5"": 1, ""R6"": 1, ""R7"": 1, ""R8"": 1, ""R9"": 1, ""R10"": 1, ""R11"": 1, ""R12"": 1}","{""n1"": 4.693691, ""n2"": 3.363383, ""n3"": 6.702829, ""n4"": 5.279714, ""n5"": 7.277928, ""n6"": 8.612098, ""n7"": 12.0}","{""R1"": -4.66203, ""R2"": -3.3044, ""R3"": -5.36503, ""R4"": -2.03927, ""R5"": -2.62276, ""R6"": -3.3044, ""R8"": -5.34367, ""R9"": -2.01774, ""R10"": -3.34729, ""R11"": -4.6405, ""R12"": -3.34729}",True
resistor_cube,resistor_cube__wrong_component_type_3,wrong_component_type,R5,"{""R1"": 1.015026, ""R2"": 1.003245, ""R3"": 0.987569, ""R4"": 1.007753, ""R5"": 3.27e-06, ""R6"": 0.982413, ""R7"": 1.015819, ""R8"": 0.994322, ""R9"": 1.014, ""R10"": 1.016493, ""R11"": 1.010813, ""R12"": 1.012745}","{""R1"": 1, ""R2"": 1, ""R3"": 1, ""R4"": 1, ""R5"": 1, ""R6"": 1, ""R7"": 1, ""R8"": 1, ""R9"": 1, ""R10"": 1, ""R11"": 1, ""R12"": 1}","{""n1"": 3.352372, ""n2"": 4.669814, ""n3"": 6.680723, ""n4"": 5.271226, ""n5"": 8.640908, ""n6"": 7.318869, ""n7"": 12.0}","{""R1"": -3.30274, ""R2"": -4.65471, ""R3"": -5.33758, ""R4"": -3.30274, ""R6"": -2.04691, ""R7"": -2.6078, ""R8"": -5.34965, ""R9"": -3.32316, ""R10"": -2.01442, ""R11"": -3.32316, ""R12"": -4.62222}",True
resistor_cube,resistor_cube__wrong_component_type_4,wrong_component_type,R11,"{""R1"": 0.984209, ""R2"": 1.011072, ""R3"": 0.988527, ""R4"": 1.013921, ""R5"": 1.013052, ""R6"": 0.984116, ""R7"": 0.992002, ""R8"": 0.991995, ""R9"": 1.007991, ""R10"": 0.999537, ""R11"": 4.07e-06, ""R12"": 1.011142}","{""R1"": 1, ""R2"": 1, ""R3"": 1, ""R4"": 1, ""R5"": 1, ""R6"": 1, ""R7"": 1, ""R8"": 1, ""R9"": 1, ""R10"": 1, ""R11"": 1, ""R12"": 1}","{""n1"": 3.232799, ""n2"": 4.392594, ""n3"": 6.559997, ""n4"": 3.23917, ""n5"": 3.235992, ""n6"": 6.517567, ""n7"": 12.0}","{""R1"": -3.28467, ""R2"": -4.34449, ""R3"": -3.27676, ""R4"": -3.28152, ""R5"": -0.00315191, ""R6"": -2.20239, ""R7"": -2.14211, ""R8"": -5.4839, ""R9"": 0.003151906, ""R10"": -3.27992, ""R12"": -5.42202}",True
resistor_cube,resistor_cube__wrong_component_type_5,wrong_component_type,R12,"{""R1"": 1.007958, ""R2"": 0.985639, ""R3"": 1.012232, ""R4"": 1.016242, ""R5"": 0.996514, ""R6"": 1.01406, ""R7"": 1.014913, ""R8"": 1.013842, ""R9"": 1.01692, ""R10"": 1.009474, ""R11"": 1.013442, ""R12"": 3.33e-06}","{""R1"": 1, ""R2"": 1, ""R3"": 1, ""R4"": 1, ""R5"": 1, ""R6"": 1, ""R7"": 1, ""R8"": 1, ""R9"": 1, ""R10"": 1, ""R11"": 1, ""R12"": 1}","{""n1"": 4.353489, ""n2"": 3.22368, ""n3"": 6.527671, ""n4"": 3.248923, ""n5"": 6.525574, ""n6"": 3.236336, ""n7"": 12.0}","{""R1"": -4.31912, ""R2"": -3.27065, ""R3"": -3.20966, ""R4"": -2.13943, ""R5"": -2.17968, ""R6"": -3.25818, ""R7"": -0.0124693, ""R8"": -5.39761, ""R9"": -3.22213, ""R10"": 0.01246934, ""R11"": -5.40182}",True
resistor_cube,resistor_cube__wrong_component_type_6,wrong_component_type,R12,"{""R1"": 1.000723, ""R2"": 0.993856, ""R3"": 0.992966, ""R4"": 0.987061, ""R5"": 1.00449, ""R6"": 0.984616, ""R7"": 1.011224, ""R8"": 0.994394, ""R9"": 0.992952, ""R10"": 0.987197, ""R11"": 1.000686, ""R12"": 9.03e-06}","{""R1"": 1, ""R2"": 1, ""R3"": 1, ""R4"": 1, ""R5"": 1, ""R6"": 1, ""R7"": 1, ""R8"": 1, ""R9"": 1, ""R10"": 1, ""R11"": 1, ""R12"": 1}","{""n1"": 4.364412, ""n2"": 3.279264, ""n3"": 6.531758, ""n4"": 3.271717, ""n5"": 6.539638, ""n6"": 3.275445, ""n7"": 12.0}","{""R1"": -4.36126, ""R2"": -3.29954, ""R3"": -3.29489, ""R4"": -2.19576, ""R5"": -2.1655, ""R6"": -3.30331, ""R7"": 0.00377646, ""R8"": -5.49907, ""R9"": -3.29112, ""R10"": -0.00377646, ""R11"": -5.45662}",True
resistor_cube,resistor_cube__wrong_component_type_7,wrong_component_type,R6,"{""R1"": 0.990996, ""R2"": 0.999744, ""R3"": 1.000306, ""R4"": 0.98434, ""R5"": 0.99704, ""R6"": 5.62e-06, ""R7"": 1.003082, ""R8"": 1.000828, ""R9"": 1.016123, ""R10"": 1.013661, ""R11"": 1.012817, ""R12"": 1.007673}","{""R1"": 1, ""R2"": 1, ""R3"": 1, ""R4"": 1, ""R5"": 1, ""R6"": 1, ""R7"": 1, ""R8"": 1, ""R9"": 1, ""R10"": 1, ""R11"": 1, ""R12"": 1}","{""n1"": 5.316003, ""n2"": 3.318504, ""n3"": 8.630244, ""n4"": 4.629075, ""n5"": 7.307427, ""n6"": 6.648089, ""n7"": 12.0}","{""R1"": -5.3643, ""R2"": -3.31935, ""R3"": -4.62766, ""R4"": -3.36697, ""R5"": -1.99734, ""R7"": -3.31935, ""R8"": -3.36697, ""R9"": -2.63585, ""R10"": -1.9918, ""R11"": -4.63319, ""R12"": -5.31116}",True
resistor_cube,resistor_cube__wrong_component_type_8,wrong_component_type,R12,"{""R1"": 1.00648, ""R2"": 1.015028, ""R3"": 0.982905, ""R4"": 0.982577, ""R5"": 1.015237, ""R6"": 1.004878, ""R7"": 1.010034, ""R8"": 1.009985, ""R9"": 1.00973, ""R10"": 1.003971, ""R11"": 0.99805, ""R12"": 1.65e-06}","{""R1"": 1, ""R2"": 1, ""R3"": 1, ""R4"": 1, ""R5"": 1, ""R6"": 1, ""R7"": 1, ""R8"": 1, ""R9"": 1, ""R10"": 1, ""R11"": 1, ""R12"": 1}","{""n1"": 4.373562, ""n2"": 3.271118, ""n3"": 6.522735, ""n4"": 3.244644, ""n5"": 6.564567, ""n6"": 3.257841, ""n7"": 12.0}","{""R1"": -4.3454, ""R2"": -3.22269, ""R3"": -3.30108, ""R4"": -2.18728, ""R5"": -2.15812, ""R6"": -3.23583, ""R7"": 0.01314496, ""R8"": -5.42311, ""R9"": -3.28793, ""R10"": -0.013145, ""R11"": -5.44605}",True
resistor_cube,resistor_cube__wrong_component_type_9,wrong_component_type,R8,"{""R1"": 1.0057, ""R2"": 0.994032, ""R3"": 0.989582, ""R4"": 0.991644, ""R5"": 1.010348, ""R6"": 1.006445, ""R7"": 0.980146, ""R8"": 4.72e-06, ""R9"": 0.995019, ""R10"": 1.008815, ""R11"": 0.986304, ""R12"": 1.019166}","{""R1"": 1, ""R2"": 1, ""R3"": 1, ""R4"": 1, ""R5"": 1, ""R6"": 1, ""R7"": 1, ""R8"": 1, ""R9"": 1, ""R10"": 1, ""R11"": 1, ""R12"": 1}","{""n1"": 3.27456, ""n2"": 3.266323, ""n3"": 3.270472, ""n4"": 4.332729, ""n5"": 6.568419, ""n6"": 6.482978, ""n7"": 12.0}","{""R1"": -3.256, ""R2"": -3.28593, ""R3"": -4.37834, ""R4"": 0.004122303, ""R5"": -3.26012, ""R6"": -0.0041223, ""R7"": -3.28181, ""R9"": -2.24688, ""R10"": -2.13146, ""R11"": -5.50701, ""R12"": -5.41327}",True
resistor_cube,resistor_cube__wrong_component_type_10,wrong_component_type,R7,"{""R1"": 1.001825, ""R2"": 1.017161, ""R3"": 1.016721, ""R4"": 1.010822, ""R5"": 1.015593, ""R6"": 0.99874, ""R7"": 3.31e-06, ""R8"": 1.01863, ""R9"": 0.99364, ""R10"": 1.001258, ""R11"": 0.998282, ""R12"": 0.995057}","{""R1"": 1, ""R2"": 1, ""R3"": 1, ""R4"": 1, ""R5"": 1, ""R6"": 1, ""R7"": 1, ""R8"": 1, ""R9"": 1, ""R10"": 1, ""R11"": 1, ""R12"": 1}","{""n1"": 4.646827, ""n2"": 3.349586, ""n3"": 6.63851, ""n4"": 5.385488, ""n5"": 7.356431, ""n6"": 8.703017, ""n7"": 12.0}","{""R1"": -4.63836, ""R2"": -3.29307, ""R3"": -5.29692, ""R4"": -1.97036, ""R5"": -2.668, ""R6"": -3.29307, ""R8"": -5.26343, ""R9"": -1.98356, ""R10"": -3.31336, ""R11"": -4.65156, ""R12"": -3.31336}",True
resistor_cube,resistor_cube__wrong_component_type_11,wrong_component_type,R10,"{""R1"": 1.015811, ""R2"": 0.99561, ""R3"": 1.00716, ""R4"": 0.99561, ""R5"": 1.019918, ""R6"": 0.985634, ""R7"": 0.992554, ""R8"": 0.994562, ""R9"": 1.005338, ""R10"": 6.73e-06, ""R11"": 1.011101, ""R12"": 0.996941}","{""R1"": 1, ""R2"": 1, ""R3"": 1, ""R4"": 1, ""R5"": 1, ""R6"": 1, ""R7"": 1, ""R8"": 1, ""R9"": 1, ""R10"": 1, ""R11"": 1, ""R12"": 1}","{""n1"": 4.686491, ""n2"": 5.34468, ""n3"": 7.338634, ""n4"": 3.340539, ""n5"": 6.675036, ""n6"": 8.665002, ""n7"": 12.0}","{""R1"": -4.61355, ""R2"": -5.36825, ""R3"": -3.31679, ""R4"": -2.66384, ""R5"": -1.94971, ""R6"": -2.02302, ""R7"": -3.34523, ""R8"": -4.68685, ""R9"": -3.31679, ""R11"": -5.2665, ""R12"": -3.34523}",True
resistor_cube,resistor_cube__wrong_component_type_12,wrong_component_type,R2,"{""R1"": 1.013151, ""R2"": 1.94e-06, ""R3"": 0.982596, ""R4"": 1.015014, ""R5"": 1.014688, ""R6"": 1.005373, ""R7"": 1.014044, ""R8"": 0.98872, ""R9"": 1.003614, ""R10"": 1.001532, ""R11"": 1.008531, ""R12"": 1.002238}","{""R1"": 1, ""R2"": 1, ""R3"": 1, ""R4"": 1, ""R5"": 1, ""R6"": 1, ""R7"": 1, ""R8"": 1, ""R9"": 1, ""R10"": 1, ""R11"": 1, ""R12"": 1}","{""n1"": 5.458309, ""n2"": 8.738039, ""n3"": 8.760758, ""n4"": 5.409928, ""n5"": 7.62351, ""n6"": 8.715123, ""n7"": 12.0}","{""R1"": -5.38746, ""R3"": -5.50575, ""R4"": -3.2536, ""R5"": -2.13386, ""R6"": -0.0225979, ""R7"": 0.02259794, ""R8"": -3.2762, ""R9"": -2.20561, ""R10"": -3.30014, ""R11"": -4.33947, ""R12"": -3.27754}",True
resistor_cube,resistor_cube__wrong_component_type_13,wrong_component_type,R5,"{""R1"": 1.008558, ""R2"": 1.012889, ""R3"": 1.012203, ""R4"": 0.982122, ""R5"": 5.86e-06, ""R6"": 1.016674, ""R7"": 1.005321, ""R8"": 0.980347, ""R9"": 1.008509, ""R10"": 0.981012, ""R11"": 1.019424, ""R12"": 0.985481}","{""R1"": 1, ""R2"": 1, ""R3"": 1, ""R4"": 1, ""R5"": 1, ""R6"": 1, ""R7"": 1, ""R8"": 1, ""R9"": 1, ""R10"": 1, ""R11"": 1, ""R12"": 1}","{""n1"": 3.410539, ""n2"": 4.706128, ""n3"": 6.731681, ""n4"": 5.372811, ""n5"": 8.668571, ""n6"": 7.374158, ""n7"": 12.0}","{""R1"": -3.3816, ""R2"": -4.64624, ""R3"": -5.30804, ""R4"": -3.3816, ""R6"": -1.99233, ""R7"": -2.65391, ""R8"": -5.37393, ""R9"": -3.26795, ""R10"": -2.04008, ""R11"": -3.26795, ""R12"": -4.69399}",True
resistor_cube,resistor_cube__wrong_component_type_14,wrong_component_type,R7,"{""R1"": 1.006445, ""R2"": 0.993067, ""R3"": 0.987695, ""R4"": 1.017125, ""R5"": 1.001953, ""R6"": 1.016856, ""R7"": 4.79e-06, ""R8"": 1.018941, ""R9"": 1.009357, ""R10"": 1.00112, ""R11"": 1.003713, ""R12"": 0.992517}","{""R1"": 1, ""R2"": 1, ""R3"": 1, ""R4"": 1, ""R5"": 1, ""R6"": 1, ""R7"": 1, ""R8"": 1, ""R9"": 1, ""R10"": 1, ""R11"": 1, ""R12"": 1}","{""n1"": 4.649659, ""n2"": 3.28069, ""n3"": 6.639969, ""n4"": 5.297565, ""n5"": 7.317945, ""n6"": 8.663244, ""n7"": 12.0}","{""R1"": -4.61988, ""R2"": -3.30359, ""R3"": -5.36356, ""R4"": -1.9568, ""R5"": -2.66308, ""R6"": -3.30359, ""R8"": -5.26039, ""R9"": -2.00165, ""R10"": -3.36191, ""R11"": -4.66473, ""R12"": -3.36191}",True
resistor_cube,resistor_cube__wrong_component_type_15,wrong_component_type,R12,"{""R1"": 0.980888, ""R2"": 0.997322, ""R3"": 1.016944, ""R4"": 0.995196, ""R5"": 1.010293, ""R6"": 1.00539, ""R7"": 1.001137, ""R8"": 1.004763, ""R9"": 1.007633, ""R10"": 1.018401, ""R11"": 1.008911, ""R12"": 2.49e-06}","{""R1"": 1, ""R2"": 1, ""R3"": 1, ""R4"": 1, ""R5"": 1, ""R6"": 1, ""R7"": 1, ""R8"": 1, ""R9"": 1, ""R10"": 1, ""R11"": 1, ""R12"": 1}","{""n1"": 4.31664, ""n2"": 3.250712, ""n3"": 6.516082, ""n4"": 3.274094, ""n5"": 6.529878, ""n6"": 3.262303, ""n7"": 12.0}","{""R1"": -4.40075, ""R2"": -3.25944, ""R3"": -3.21954, ""R4"": -2.21006, ""R5"": -2.19069, ""R6"": -3.24786, ""R7"": -0.0115778, ""R8"": -5.45792, ""R9"": -3.23112, ""R10"": 0.01157781, ""R11"": -5.42181}",True
resistor_cube,resistor_cube__wrong_component_type_16,wrong_component_type,R9,"{""R1"": 1.01526, ""R2"": 0.99471, ""R3"": 1.000225, ""R4"": 0.982738, ""R5"": 1.006215, ""R6"": 1.019828, ""R7"": 1.002537, ""R8"": 1.010607, ""R9"": 2.35e-06, ""R10"": 0.988488, ""R11"": 0.984692, ""R12"": 1.011847}","{""R1"": 1, ""R2"": 1, ""R3"": 1, ""R4"": 1, ""R5"": 1, ""R6"": 1, ""R7"": 1, ""R8"": 1, ""R9"": 1, ""R10"": 1, ""R11"": 1, ""R12"": 1}","{""n1"": 5.381406, ""n2"": 4.619427, ""n3"": 7.323403, ""n4"": 3.328062, ""n5"": 8.726479, ""n6"": 6.617072, ""n7"": 12.0}","{""R1"": -5.30052, ""R2"": -4.64399, ""R3"": -3.32731, ""R4"": -1.97611, ""R5"": -3.32441, ""R6"": -2.6514, ""R7"": -1.99259, ""R8"": -4.62751, ""R10"": -3.32731, ""R11"": -3.32441, ""R12"": -5.3199}",True
resistor_cube,resistor_cube__wrong_component_type_17,wrong_component_type,R6,"{""R1"": 0.997835, ""R2"": 1.00677, ""R3"": 0.982763, ""R4"": 1.008646, ""R5"": 0.992453, ""R6"": 2.97e-06, ""R7"": 1.001349, ""R8"": 1.011852, ""R9"": 1.008592, ""R10"": 1.019718, ""R11"": 1.007815, ""R12"": 1.007323}","{""R1"": 1, ""R2"": 1, ""R3"": 1, ""R4"": 1, ""R5"": 1, ""R6"": 1, ""R7"": 1, ""R8"": 1, ""R9"": 1, ""R10"": 1, ""R11"": 1, ""R12"": 1}","{""n1"": 5.304266, ""n2"": 3.331285, ""n3"": 8.646821, ""n4"": 4.597498, ""n5"": 7.291029, ""n6"": 6.644633, ""n7"": 12.0}","{""R1"": -5.31577, ""R2"": -3.30888, ""R3"": -4.67814, ""R4"": -3.3139, ""R5"": -2.00187, ""R7"": -3.30888, ""R8"": -3.3139, ""R9"": -2.67058, ""R10"": -2.00755, ""R11"": -4.67246, ""R12"": -5.31643}",True
resistor_cube,resistor_cube__wrong_component_type_18,wrong_component_type,R9,"{""R1"": 0.990503, ""R2"": 0.985098, ""R3"": 0.995882, ""R4"": 1.015964, ""R5"": 1.010792, ""R6"": 1.013132, ""R7"": 0.994847, ""R8"": 0.982908, ""R9"": 3.8e-06, ""R10"": 1.000283, ""R11"": 1.008195, ""R12"": 0.990611}","{""R1"": 1, ""R2"": 1, ""R3"": 1, ""R4"": 1, ""R5"": 1, ""R6"": 1, ""R7"": 1, ""R8"": 1, ""R9"": 1, ""R10"": 1, ""R11"": 1, ""R12"": 1}","{""n1"": 5.300239, ""n2"": 4.647601, ""n3"": 7.36537, ""n4"": 3.328884, ""n5"": 8.654429, ""n6"": 6.672479, ""n7"": 12.0}","{""R1"": -5.35106, ""R2"": -4.71791, ""R3"": -3.34265, ""R4"": -2.03268, ""R5"": -3.31838, ""R6"": -2.68254, ""R7"": -2.03537, ""R8"": -4.71522, ""R10"": -3.34265, ""R11"": -3.31838, ""R12"": -5.37802}",True
resistor_cube,resistor_cube__wrong_component_type_19,wrong_component_type,R6,"{""R1"": 0.995823, ""R2"": 0.98526, ""R3"": 0.989094, ""R4"": 1.013738, ""R5"": 1.016628, ""R6"": 6.26e-06, ""R7"": 0.99078, ""R8"": 1.01458, ""R9"": 0.985588, ""R10"": 0.980631, ""R11"": 1.012295, ""R12"": 1.00496}","{""R1"": 1, ""R2"": 1, ""R3"": 1, ""R4"": 1, ""R5"": 1, ""R6"": 1, ""R7"": 1, ""R8"": 1, ""R9"": 1, ""R10"": 1, ""R11"": 1, ""R12"": 1}","{""n1"": 5.272702, ""n2"": 3.297931, ""n3"": 8.634954, ""n4"": 4.641496, ""n5"": 7.283724, ""n6"": 6.614339, ""n7"": 12.0}","{""R1"": -5.29482, ""R2"": -3.34727, ""R3"": -4.69267, ""R4"": -3.31669, ""R5"": -1.97813, ""R7"": -3.34727, ""R8"": -3.31669, ""R9"": -2.68086, ""R10"": -2.01181, ""R11"": -4.65899, ""R12"": -5.35908}",True
resistor_cube,resistor_cube__wrong_component_type_20,wrong_component_type,R5,"{""R1"": 1.004522, ""R2"": 1.003488, ""R3"": 1.0129, ""R4"": 1.000507, ""R5"": 8.76e-06, ""R6"": 0.988653, ""R7"": 0.995858, ""R8"": 1.006499, ""R9"": 1.013035, ""R10"": 1.013748, ""R11"": 1.014137, ""R12"": 1.005943}","{""R1"": 1, ""R2"": 1, ""R3"": 1, ""R4"": 1, ""R5"": 1, ""R6"": 1, ""R7"": 1, ""R8"": 1, ""R9"": 1, ""R10"": 1, ""R11"": 1, ""R12"": 1}","{""n1"": 3.332517, ""n2"": 4.678131, ""n3"": 6.651715, ""n4"": 5.331517, ""n5"": 8.663946, ""n6"": 7.332724, ""n7"": 12.0}","{""R1"": -3.31752, ""R2"": -4.66187, ""R3"": -5.26362, ""R4"": -3.31752, ""R6"": -1.99624, ""R7"": -2.66563, ""R8"": -5.31375, ""R9"": -3.28955, ""R10"": -1.97407, ""R11"": -3.28955, ""R12"": -4.6397}",True
resistor_cube,resistor_cube__multi_fault_1,multi_fault,R1:partial_short;R5:partial_open,"{""R1"": 0.081881, ""R2"": 0.988553, ""R3"": 0.984767, ""R4"": 0.98387, ""R5"": 20.923526, ""R6"": 0.997281, ""R7"": 0.995964, ""R8"": 0.982243, ""R9"": 1.001019, ""R10"": 1.01088, ""R11"": 1.015709, ""R12"": 0.980911}","{""R1"": 1, ""R2"": 1, ""R3"": 1, ""R4"": 1, ""R5"": 1, ""R6"": 1, ""R7"": 1, ""R8"": 1, ""R9"": 1, ""R10"": 1, ""R11"": 1, ""R12"": 1}","{""n1"": 0.4566511, ""n2"": 4.231988, ""n3"": 5.572437, ""n4"": 5.134922, ""n5"": 8.352214, ""n6"": 7.157022, ""n7"": 12.0}","{""R1"": -5.57701, ""R2"": -4.28099, ""R3"": -5.21435, ""R4"": -5.19966, ""R5"": -0.377353, ""R6"": -1.3441, ""R7"": -2.93689, ""R8"": -6.54376, ""R9"": -3.21402, ""R10"": -2.00034, ""R11"": -3.59137, ""R12"": -4.93722}",True
resistor_cube,resistor_cube__multi_fault_2,multi_fault,R11:partial_short;R12:partial_open,"{""R1"": 1.007358, ""R2"": 1.007229, ""R3"": 1.018872, ""R4"": 1.01506, ""R5"": 0.991039, ""R6"": 1.00242, ""R7"": 0.998016, ""R8"": 1.012355, ""R9"": 0.985675, ""R10"": 1.011647, ""R11"": 0.019658, ""R12"": 33.575265}","{""R1"": 1, ""R2"": 1, ""R3"": 1, ""R4"": 1, ""R5"": 1, ""R6"": 1, ""R7"": 1, ""R8"": 1, ""R9"": 1, ""R10"": 1, ""R11"": 1, ""R12"": 1}","{""n1"": 6.465966, ""n2"": 4.201388, ""n3"": 7.545695, ""n4"": 5.669588, ""n5"": 11.77301, ""n6"": 5.034731, ""n7"": 12.0}","{""R1"": -6.41874, ""R2"": -4.17123, ""R3"": -5.56457, ""R4"": -1.06371, ""R5"": -5.35503, ""R6"": -3.33623, ""R7"": -0.835, ""R8"": -4.39994, ""R9"": -6.19212, ""R10"": 0.6275476, ""R11"": -11.5471, ""R12"": -0.207452}",True
resistor_cube,resistor_cube__multi_fault_3,multi_fault,R8:partial_short;R12:partial_open,"{""R1"": 0.993847, ""R2"": 1.001364, ""R3"": 1.0124, ""R4"": 1.012823, ""R5"": 1.000558, ""R6"": 0.980613, ""R7"": 0.998552, ""R8"": 0.102499, ""R9"": 0.980605, ""R10"": 0.999974, ""R11"": 0.991916, ""R12"": 23.805732}","{""R1"": 1, ""R2"": 1, ""R3"": 1, ""R4"": 1, ""R5"": 1, ""R6"": 1, ""R7"": 1, ""R8"": 1, ""R9"": 1, ""R10"": 1, ""R11"": 1, ""R12"": 1}","{""n1"": 6.070049, ""n2"": 5.300076, ""n3"": 10.92145, ""n4"": 4.121533, ""n5"": 7.388429, ""n6"": 4.861055, ""n7"": 12.0}","{""R1"": -6.10763, ""R2"": -5.29286, ""R3"": -4.07105, ""R4"": -4.78998, ""R5"": -1.31764, ""R6"": -5.73251, ""R7"": 0.4396579, ""R8"": -10.5225, ""R9"": -3.33151, ""R10"": -0.739541, ""R11"": -4.64916, ""R12"": -0.299883}",True
resistor_cube,resistor_cube__multi_fault_4,multi_fault,R2:partial_open;R5:partial_short,"{""R1"": 0.985704, ""R2"": 33.764091, ""R3"": 0.995659, ""R4"": 0.999524, ""R5"": 0.145547, ""R6"": 1.018652, ""R7"": 1.01279, ""R8"": 0.989766, ""R9"": 0.998653, ""R10"": 1.019593, ""R11"": 0.999222, ""R12"": 1.017624}","{""R1"": 1, ""R2"": 1, ""R3"": 1, ""R4"": 1, ""R5"": 1, ""R6"": 1, ""R7"": 1, ""R8"": 1, ""R9"": 1, ""R10"": 1, ""R11"": 1, ""R12"": 1}","{""n1"": 6.230128, ""n2"": 8.642516, ""n3"": 8.969554, ""n4"": 5.080223, ""n5"": 6.751151, ""n6"": 8.576602, ""n7"": 12.0}","{""R1"": -6.32049, ""R2"": -0.255968, ""R3"": -5.10237, ""R4"": -2.74073, ""R5"": -3.57975, ""R6"": -0.32105, ""R7"": 0.06508189, ""R8"": -3.06178, ""R9"": -1.67318, ""R10"": -3.42919, ""R11"": -5.25294, ""R12"": -3.36411}",True
resistor_cube,resistor_cube__multi_fault_5,multi_fault,R1:partial_short;R7:partial_open,"{""R1"": 0.104335, ""R2"": 1.01838, ""R3"": 1.012105, ""R4"": 0.994151, ""R5"": 0.985398, ""R6"": 0.986479, ""R7"": 5.494061, ""R8"": 0.983766, ""R9"": 0.981354, ""R10"": 0.994535, ""R11"": 0.992953, ""R12"": 0.991002}","{""R1"": 1, ""R2"": 1, ""R3"": 1, ""R4"": 1, ""R5"": 1, ""R6"": 1, ""R7"": 1, ""R8"": 1, ""R9"": 1, ""R10"": 1, ""R11"": 1, ""R12"": 1}","{""n1"": 0.9793632, ""n2"": 3.173606, ""n3"": 5.401765, ""n4"": 4.609215, ""n5"": 5.845552, ""n6"": 7.885471, ""n7"": 12.0}","{""R1"": -9.38672, ""R2"": -3.11633, ""R3"": -4.55409, ""R4"": -4.44842, ""R5"": -4.9383, ""R6"": -2.2587, ""R7"": -0.857629, ""R8"": -6.70712, ""R9"": -1.25983, ""R10"": -3.29426, ""R11"": -6.19813, ""R12"": -4.15189}",True
resistor_cube,resistor_cube__multi_fault_6,multi_fault,R7:partial_short;R9:partial_open,"{""R1"": 1.003215, ""R2"": 1.00598, ""R3"": 0.989101, ""R4"": 0.985588, ""R5"": 1.019839, ""R6"": 0.998917, ""R7"": 0.102378, ""R8"": 0.988848, ""R9"": 19.506532, ""R10"": 1.017218, ""R11"": 0.992625, ""R12"": 1.005889}","{""R1"": 1, ""R2"": 1, ""R3"": 1, ""R4"": 1, ""R5"": 1, ""R6"": 1, ""R7"": 1, ""R8"": 1, ""R9"": 1, ""R10"": 1, ""R11"": 1, ""R12"": 1}","{""n1"": 5.413683, ""n2"": 5.509264, ""n3"": 7.6457, ""n4"": 3.027932, ""n5"": 8.607491, ""n6"": 5.850977, ""n7"": 12.0}","{""R1"": -5.39633, ""R2"": -5.47651, ""R3"": -3.0613, ""R4"": -2.26465, ""R5"": -3.13168, ""R6"": -2.13875, ""R7"": -3.33776, ""R8"": -4.40341, ""R9"": -0.286035, ""R10"": -2.77526, ""R11"": -3.41771, ""R12"": -6.11302}",True
resistor_cube,resistor_cube__multi_fault_7,multi_fault,R4:partial_short;R5:partial_open,"{""R1"": 0.995623, ""R2"": 1.019906, ""R3"": 1.003611, ""R4"": 0.053453, ""R5"": 47.501773, ""R6"": 1.01848, ""R7"": 1.017872, ""R8"": 1.00454, ""R9"": 1.010544, ""R10"": 0.986653, ""R11"": 1.008054, ""R12"": 0.997134}","{""R1"": 1, ""R2"": 1, ""R3"": 1, ""R4"": 1, ""R5"": 1, ""R6"": 1, ""R7"": 1, ""R8"": 1, ""R9"": 1, ""R10"": 1, ""R11"": 1, ""R12"": 1}","{""n1"": 5.24051, ""n2"": 4.235002, ""n3"": 5.518082, ""n4"": 5.263099, ""n5"": 8.600014, ""n6"": 7.179244, ""n7"": 12.0}","{""R1"": -5.26355, ""R2"": -4.15235, ""R3"": -5.24416, ""R4"": -5.19282, ""R5"": -0.0707238, ""R6"": -1.2598, ""R7"": -2.89255, ""R8"": -6.45262, ""R9"": -3.3021, ""R10"": -1.94207, ""R11"": -3.37282, ""R12"": -4.83461}",True
resistor_cube,resistor_cube__multi_fault_8,multi_fault,R9:partial_open;R1:partial_short,"{""R1"": 0.075672, ""R2"": 0.997663, ""R3"": 0.989585, ""R4"": 0.991226, ""R5"": 0.982102, ""R6"": 0.990079, ""R7"": 1.017549, ""R8"": 0.996842, ""R9"": 5.57187, ""R10"": 1.009585, ""R11"": 1.006489, ""R12"": 1.013472}","{""R1"": 1, ""R2"": 1, ""R3"": 1, ""R4"": 1, ""R5"": 1, ""R6"": 1, ""R7"": 1, ""R8"": 1, ""R9"": 1, ""R10"": 1, ""R11"": 1, ""R12"": 1}","{""n1"": 0.775949, ""n2"": 4.010558, ""n3"": 5.582844, ""n4"": 3.446667, ""n5"": 6.083883, ""n6"": 6.485147, ""n7"": 12.0}","{""R1"": -10.2541, ""R2"": -4.01995, ""R3"": -3.48294, ""R4"": -4.84944, ""R5"": -5.40467, ""R6"": -1.58804, ""R7"": -2.43191, ""R8"": -6.43749, ""R9"": -0.473309, ""R10"": -3.00963, ""R11"": -5.87798, ""R12"": -5.44154}",True
resistor_cube,resistor_cube__multi_fault_9,multi_fault,R12:partial_short;R1:partial_open,"{""R1"": 31.477244, ""R2"": 1.019959, ""R3"": 1.009662, ""R4"": 0.98867, ""R5"": 1.001741, ""R6"": 1.011278, ""R7"": 0.98058, ""R8"": 0.990861, ""R9"": 1.019793, ""R10"": 1.015476, ""R11"": 1.019043, ""R12"": 0.113444}","{""R1"": 1, ""R2"": 1, ""R3"": 1, ""R4"": 1, ""R5"": 1, ""R6"": 1, ""R7"": 1, ""R8"": 1, ""R9"": 1, ""R10"": 1, ""R11"": 1, ""R12"": 1}","{""n1"": 9.204472, ""n2"": 6.867903, ""n3"": 9.3742, ""n4"": 6.772017, ""n5"": 9.325426, ""n6"": 11.04043, ""n7"": 12.0}","{""R1"": -0.292417, ""R2"": -6.73351, ""R3"": -6.70721, ""R4"": -0.171673, ""R5"": -0.120744, ""R6"": -2.47835, ""R7"": -4.25516, ""R8"": -2.65002, ""R9"": -2.50385, ""R10"": -4.20336, ""R11"": -2.62459, ""R12"": -8.45853}",True
resistor_cube,resistor_cube__multi_fault_10,multi_fault,R3:partial_open;R11:partial_short,"{""R1"": 1.00765, ""R2"": 0.982265, ""R3"": 12.697701, ""R4"": 1.003017, ""R5"": 0.991272, ""R6"": 1.005077, ""R7"": 1.001151, ""R8"": 0.997631, ""R9"": 1.00703, ""R10"": 1.019654, ""R11"": 0.029727, ""R12"": 0.990461}","{""R1"": 1, ""R2"": 1, ""R3"": 1, ""R4"": 1, ""R5"": 1, ""R6"": 1, ""R7"": 1, ""R8"": 1, ""R9"": 1, ""R10"": 1, ""R11"": 1, ""R12"": 1}","{""n1"": 6.685495, ""n2"": 5.789316, ""n3"": 8.166793, ""n4"": 10.16229, ""n5"": 11.79837, ""n6"": 9.321754, ""n7"": 12.0}","{""R1"": -6.63474, ""R2"": -5.89384, ""R3"": -0.800325, ""R4"": -1.47684, ""R5"": -5.1579, ""R6"": -2.36547, ""R7"": -3.52838, ""R8"": -3.84231, ""R9"": -1.62466, ""R10"": 0.8243364, ""R11"": -6.78256, ""R12"": -2.70404}",True
resistor_cube,resistor_cube__multi_fault_11,multi_fault,R5:partial_short;R12:partial_open,"{""R1"": 0.989838, ""R2"": 1.002751, ""R3"": 1.012379, ""R4"": 1.017641, ""R5"": 0.043354, ""R6"": 0.985865, ""R7"": 1.019779, ""R8"": 0.990732, ""R9"": 0.992159, ""R10"": 0.980688, ""R11"": 0.999454, ""R12"": 8.682501}","{""R1"": 1, ""R2"": 1, ""R3"": 1, ""R4"": 1, ""R5"": 1, ""R6"": 1, ""R7"": 1, ""R8"": 1, ""R9"": 1, ""R10"": 1, ""R11"": 1, ""R12"": 1}","{""n1"": 5.450204, ""n2"": 3.664197, ""n3"": 7.046639, ""n4"": 3.194895, ""n5"": 5.620906, ""n6"": 3.891818, ""n7"": 12.0}","{""R1"": -5.50616, ""R2"": -3.65414, ""R3"": -3.15583, ""R4"": -1.56876, ""R5"": -3.9374, ""R6"": -3.43094, ""R7"": -0.223206, ""R8"": -4.9997, ""R9"": -2.44518, ""R10"": -0.710647, ""R11"": -6.38258, ""R12"": -0.933853}",True
resistor_cube,resistor_cube__multi_fault_12,multi_fault,R1:partial_open;R9:partial_short,"{""R1"": 27.889183, ""R2"": 1.006415, ""R3"": 0.99797, ""R4"": 0.999501, ""R5"": 0.989258, ""R6"": 0.985484, ""R7"": 0.999353, ""R8"": 0.98312, ""R9"": 0.067305, ""R10"": 0.984811, ""R11"": 0.986832, ""R12"": 1.015488}","{""R1"": 1, ""R2"": 1, ""R3"": 1, ""R4"": 1, ""R5"": 1, ""R6"": 1, ""R7"": 1, ""R8"": 1, ""R9"": 1, ""R10"": 1, ""R11"": 1, ""R12"": 1}","{""n1"": 7.61005, ""n2"": 5.505454, ""n3"": 8.378329, ""n4"": 6.753353, ""n5"": 7.119582, ""n6"": 8.058969, ""n7"": 12.0}","{""R1"": -0.272867, ""R2"": -5.47036, ""R3"": -6.76709, ""R4"": -0.768662, ""R5"": 0.4957947, ""R6"": -2.91519, ""R7"": -2.55517, ""R8"": -3.68385, ""R9"": -5.44134, ""R10"": -1.32575, ""R11"": -4.94554, ""R12"": -3.88092}",True
resistor_cube,resistor_cube__multi_fault_13,multi_fault,R3:partial_open;R12:partial_short,"{""R1"": 0.983147, ""R2"": 0.993362, ""R3"": 40.739533, ""R4"": 0.996351, ""R5"": 0.998006, ""R6"": 0.985085, ""R7"": 1.006508, ""R8"": 0.985137, ""R9"": 0.981049, ""R10"": 0.997164, ""R11"": 0.987553, ""R12"": 0.103923}","{""R1"": 1, ""R2"": 1, ""R3"": 1, ""R4"": 1, ""R5"": 1, ""R6"": 1, ""R7"": 1, ""R8"": 1, ""R9"": 1, ""R10"": 1, ""R11"": 1, ""R12"": 1}","{""n1"": 5.789155, ""n2"": 6.473564, ""n3"": 8.0962, ""n4"": 10.23247, ""n5"": 9.354929, ""n6"": 11.37487, ""n7"": 12.0}","{""R1"": -5.88839, ""R2"": -6.51682, ""R3"": -0.251168, ""R4"": -2.31549, ""R5"": -3.5729, ""R6"": -1.6472, ""R7"": -4.86962, ""R8"": -3.9627, ""R9"": 0.894489, ""R10"": -1.14566, ""R11"": -2.67841, ""R12"": -6.01528}",True
resistor_cube,resistor_cube__multi_fault_14,multi_fault,R11:partial_short;R12:partial_open,"{""R1"": 0.981208, ""R2"": 1.017402, ""R3"": 1.002277, ""R4"": 1.0019, ""R5"": 0.988374, ""R6"": 1.007056, ""R7"": 1.005285, ""R8"": 0.994669, ""R9"": 1.018507, ""R10"": 0.999919, ""R11"": 0.063427, ""R12"": 21.849794}","{""R1"": 1, ""R2"": 1, ""R3"": 1, ""R4"": 1, ""R5"": 1, ""R6"": 1, ""R7"": 1, ""R8"": 1, ""R9"": 1, ""R10"": 1, ""R11"": 1, ""R12"": 1}","{""n1"": 6.241524, ""n2"": 4.151349, ""n3"": 7.480924, ""n4"": 5.380002, ""n5"": 11.30596, ""n6"": 4.929536, ""n7"": 12.0}","{""R1"": -6.36106, ""R2"": -4.08034, ""R3"": -5.36778, ""R4"": -1.23705, ""R5"": -5.12401, ""R6"": -3.30625, ""R7"": -0.774096, ""R8"": -4.5433, ""R9"": -5.81828, ""R10"": 0.4505023, ""R11"": -10.9423, ""R12"": -0.323594}",True
resistor_cube,resistor_cube__multi_fault_15,multi_fault,R8:partial_short;R4:partial_open,"{""R1"": 1.007632, ""R2"": 1.010675, ""R3"": 1.012098, ""R4"": 28.628215, ""R5"": 1.009601, ""R6"": 1.009399, ""R7"": 1.00384, ""R8"": 0.144766, ""R9"": 0.990218, ""R10"": 0.983277, ""R11"": 0.983831, ""R12"": 1.014757}","{""R1"": 1, ""R2"": 1, ""R3"": 1, ""R4"": 1, ""R5"": 1, ""R6"": 1, ""R7"": 1, ""R8"": 1, ""R9"": 1, ""R10"": 1, ""R11"": 1, ""R12"": 1}","{""n1"": 3.556598, ""n2"": 6.324623, ""n3"": 11.2541, ""n4"": 4.892817, ""n5"": 6.848687, ""n6"": 7.704144, ""n7"": 12.0}","{""R1"": -3.52966, ""R2"": -6.25782, ""R3"": -4.83433, ""R4"": -0.268878, ""R5"": -3.26078, ""R6"": -4.88358, ""R7"": -1.37424, ""R8"": -5.15245, ""R9"": -1.97519, ""R10"": -2.85914, ""R11"": -5.23597, ""R12"": -4.23338}",True
resistor_cube,resistor_cube__multi_fault_16,multi_fault,R11:partial_open;R2:partial_short,"{""R1"": 1.000668, ""R2"": 0.124299, ""R3"": 1.015511, ""R4"": 0.991165, ""R5"": 0.994161, ""R6"": 1.01516, ""R7"": 1.001649, ""R8"": 1.010228, ""R9"": 1.002548, ""R10"": 0.985058, ""R11"": 43.061575, ""R12"": 0.987047}","{""R1"": 1, ""R2"": 1, ""R3"": 1, ""R4"": 1, ""R5"": 1, ""R6"": 1, ""R7"": 1, ""R8"": 1, ""R9"": 1, ""R10"": 1, ""R11"": 1, ""R12"": 1}","{""n1"": 2.690416, ""n2"": 1.03895, ""n3"": 5.233611, ""n4"": 2.721622, ""n5"": 2.812455, ""n6"": 5.272379, ""n7"": 12.0}","{""R1"": -2.68862, ""R2"": -8.35848, ""R3"": -2.68005, ""R4"": -2.56586, ""R5"": -0.122756, ""R6"": -4.13202, ""R7"": -4.22646, ""R8"": -6.69788, ""R9"": -0.0906026, ""R10"": -2.58945, ""R11"": -0.213358, ""R12"": -6.81591}",True
resistor_cube,resistor_cube__multi_fault_17,multi_fault,R10:partial_short;R8:partial_open,"{""R1"": 0.993361, ""R2"": 1.000355, ""R3"": 1.014571, ""R4"": 1.012443, ""R5"": 1.004249, ""R6"": 1.016005, ""R7"": 0.997381, ""R8"": 40.779109, ""R9"": 0.988065, ""R10"": 0.015625, ""R11"": 1.01511, ""R12"": 0.980251}","{""R1"": 1, ""R2"": 1, ""R3"": 1, ""R4"": 1, ""R5"": 1, ""R6"": 1, ""R7"": 1, ""R8"": 1, ""R9"": 1, ""R10"": 1, ""R11"": 1, ""R12"": 1}","{""n1"": 3.39276, ""n2"": 2.945665, ""n3"": 3.278067, ""n4"": 5.494451, ""n5"": 6.936472, ""n6"": 5.556265, ""n7"": 12.0}","{""R1"": -3.41544, ""R2"": -2.94462, ""R3"": -5.41554, ""R4"": 0.1132831, ""R5"": -3.52872, ""R6"": -0.327166, ""R7"": -2.61745, ""R8"": -0.213882, ""R9"": -1.45944, ""R10"": -3.9561, ""R11"": -4.98816, ""R12"": -6.57356}",True
resistor_cube,resistor_cube__multi_fault_18,multi_fault,R3:partial_short;R10:partial_open,"{""R1"": 0.990889, ""R2"": 1.00403, ""R3"": 0.037492, ""R4"": 1.000424, ""R5"": 1.01718, ""R6"": 0.999486, ""R7"": 1.001687, ""R8"": 0.985141, ""R9"": 0.997062, ""R10"": 44.976047, ""R11"": 0.993003, ""R12"": 0.998489}","{""R1"": 1, ""R2"": 1, ""R3"": 1, ""R4"": 1, ""R5"": 1, ""R6"": 1, ""R7"": 1, ""R8"": 1, ""R9"": 1, ""R10"": 1, ""R11"": 1, ""R12"": 1}","{""n1"": 4.19796, ""n2"": 5.239842, ""n3"": 7.170305, ""n4"": 0.2054715, ""n5"": 5.485173, ""n6"": 8.532743, ""n7"": 12.0}","{""R1"": -4.23656, ""R2"": -5.21881, ""R3"": -5.48041, ""R4"": -2.97109, ""R5"": -1.26547, ""R6"": -1.93146, ""R7"": -3.28735, ""R8"": -4.90254, ""R9"": -5.29526, ""R10"": -0.185149, ""R11"": -6.56073, ""R12"": -3.4725}",True
resistor_cube,resistor_cube__multi_fault_19,multi_fault,R11:partial_open;R1:partial_short,"{""R1"": 0.10329, ""R2"": 0.986514, ""R3"": 0.993278, ""R4"": 1.016159, ""R5"": 0.99564, ""R6"": 0.987346, ""R7"": 1.016384, ""R8"": 0.998604, ""R9"": 1.004885, ""R10"": 0.987332, ""R11"": 9.813076, ""R12"": 1.008917}","{""R1"": 1, ""R2"": 1, ""R3"": 1, ""R4"": 1, ""R5"": 1, ""R6"": 1, ""R7"": 1, ""R8"": 1, ""R9"": 1, ""R10"": 1, ""R11"": 1, ""R12"": 1}","{""n1"": 0.6598176, ""n2"": 3.898349, ""n3"": 5.541255, ""n4"": 2.829299, ""n5"": 2.237109, ""n6"": 6.223509, ""n7"": 12.0}","{""R1"": -6.38801, ""R2"": -3.95164, ""R3"": -2.84845, ""R4"": -4.80381, ""R5"": -1.5842, ""R6"": -1.66396, ""R7"": -2.28768, ""R8"": -6.46777, ""R9"": 0.5893121, ""R10"": -3.43776, ""R11"": -0.994886, ""R12"": -5.72544}",True
resistor_cube,resistor_cube__multi_fault_20,multi_fault,R1:partial_open;R9:partial_short,"{""R1"": 38.271559, ""R2"": 1.016195, ""R3"": 1.018987, ""R4"": 1.005929, ""R5"": 1.008271, ""R6"": 0.982609, ""R7"": 1.005868, ""R8"": 0.988277, ""R9"": 0.120463, ""R10"": 1.005439, ""R11"": 1.00381, ""R12"": 1.016092}","{""R1"": 1, ""R2"": 1, ""R3"": 1, ""R4"": 1, ""R5"": 1, ""R6"": 1, ""R7"": 1, ""R8"": 1, ""R9"": 1, ""R10"": 1, ""R11"": 1, ""R12"": 1}","{""n1"": 7.756865, ""n2"": 5.535923, ""n3"": 8.429299, ""n4"": 6.665549, ""n5"": 7.287221, ""n6"": 8.053724, ""n7"": 12.0}","{""R1"": -0.20268, ""R2"": -5.4477, ""R3"": -6.54135, ""R4"": -0.668471, ""R5"": 0.4657916, ""R6"": -2.94459, ""R7"": -2.50311, ""R8"": -3.61306, ""R9"": -5.16068, ""R10"": -1.38067, ""R11"": -4.69489, ""R12"": -3.88378}",True
current_source_voltage_divider,current_source_voltage_divider__normal_1,normal,,"{""R1"": 1001.282122, ""R2"": 2001.652462, ""I1"": 0.01}","{""R1"": 1000, ""R2"": 2000}","{""out"": 6.674201}","{""R1"": 0.006665655, ""R2"": 0.003334345}",True
current_source_voltage_divider,current_source_voltage_divider__normal_2,normal,,"{""R1"": 985.01493, ""R2"": 1981.52598, ""I1"": 0.01}","{""R1"": 1000, ""R2"": 2000}","{""out"": 6.57949}","{""R1"": 0.006679584, ""R2"": 0.003320416}",True
current_source_voltage_divider,current_source_voltage_divider__normal_3,normal,,"{""R1"": 999.00541, ""R2"": 2018.282806, ""I1"": 0.01}","{""R1"": 1000, ""R2"": 2000}","{""out"": 6.682409}","{""R1"": 0.006689062, ""R2"": 0.003310938}",True
current_source_voltage_divider,current_source_voltage_divider__normal_4,normal,,"{""R1"": 1001.769582, ""R2"": 2010.294228, ""I1"": 0.01}","{""R1"": 1000, ""R2"": 2000}","{""out"": 6.685953}","{""R1"": 0.006674142, ""R2"": 0.003325858}",True
current_source_voltage_divider,current_source_voltage_divider__normal_5,normal,,"{""R1"": 999.022362, ""R2"": 2032.614043, ""I1"": 0.01}","{""R1"": 1000, ""R2"": 2000}","{""out"": 6.698121}","{""R1"": 0.006704676, ""R2"": 0.003295324}",True
current_source_voltage_divider,current_source_voltage_divider__normal_6,normal,,"{""R1"": 1018.130667, ""R2"": 2014.61965, ""I1"": 0.01}","{""R1"": 1000, ""R2"": 2000}","{""out"": 6.76332}","{""R1"": 0.00664288, ""R2"": 0.00335712}",True
current_source_voltage_divider,current_source_voltage_divider__normal_7,normal,,"{""R1"": 1009.22194, ""R2"": 2007.010573, ""I1"": 0.01}","{""R1"": 1000, ""R2"": 2000}","{""out"": 6.715394}","{""R1"": 0.006654031, ""R2"": 0.003345969}",True
current_source_voltage_divider,current_source_voltage_divider__normal_8,normal,,"{""R1"": 1004.15487, ""R2"": 2009.384708, ""I1"": 0.01}","{""R1"": 1000, ""R2"": 2000}","{""out"": 6.69556}","{""R1"": 0.006667856, ""R2"": 0.003332144}",True
current_source_voltage_divider,current_source_voltage_divider__normal_9,normal,,"{""R1"": 991.255783, ""R2"": 2036.679898, ""I1"": 0.01}","{""R1"": 1000, ""R2"": 2000}","{""out"": 6.667482}","{""R1"": 0.006726298, ""R2"": 0.003273702}",True
current_source_voltage_divider,current_source_voltage_divider__normal_10,normal,,"{""R1"": 982.877736, ""R2"": 1996.210395, ""I1"": 0.01}","{""R1"": 1000, ""R2"": 2000}","{""out"": 6.586011}","{""R1"": 0.006700743, ""R2"": 0.003299257}",True
current_source_voltage_divider,current_source_voltage_divider__normal_11,normal,,"{""R1"": 987.893205, ""R2"": 2025.611239, ""I1"": 0.01}","{""R1"": 1000, ""R2"": 2000}","{""out"": 6.6404}","{""R1"": 0.006721779, ""R2"": 0.003278221}",True
current_source_voltage_divider,current_source_voltage_divider__normal_12,normal,,"{""R1"": 987.82134, ""R2"": 2023.622551, ""I1"": 0.01}","{""R1"": 1000, ""R2"": 2000}","{""out"": 6.637937}","{""R1"": 0.006719775, ""R2"": 0.003280225}",True
current_source_voltage_divider,current_source_voltage_divider__normal_13,normal,,"{""R1"": 1014.082252, ""R2"": 1974.001294, ""I1"": 0.01}","{""R1"": 1000, ""R2"": 2000}","{""out"": 6.699276}","{""R1"": 0.006606245, ""R2"": 0.003393755}",True
current_source_voltage_divider,current_source_voltage_divider__normal_14,normal,,"{""R1"": 1019.885334, ""R2"": 2020.828082, ""I1"": 0.01}","{""R1"": 1000, ""R2"": 2000}","{""out"": 6.778057}","{""R1"": 0.006645901, ""R2"": 0.003354099}",True
current_source_voltage_divider,current_source_voltage_divider__normal_15,normal,,"{""R1"": 989.598848, ""R2"": 1992.605361, ""I1"": 0.01}","{""R1"": 1000, ""R2"": 2000}","{""out"": 6.612156}","{""R1"": 0.006681653, ""R2"": 0.003318347}",True
current_source_voltage_divider,current_source_voltage_divider__normal_16,normal,,"{""R1"": 1003.265226, ""R2"": 2002.788487, ""I1"": 0.01}","{""R1"": 1000, ""R2"": 2000}","{""out"": 6.684272}","{""R1"": 0.006662517, ""R2"": 0.003337483}",True
current_source_voltage_divider,current_source_voltage_divider__normal_17,normal,,"{""R1"": 1002.940243, ""R2"": 2031.155399, ""I1"": 0.01}","{""R1"": 1000, ""R2"": 2000}","{""out"": 6.714118}","{""R1"": 0.006694434, ""R2"": 0.003305566}",True
current_source_voltage_divider,current_source_voltage_divider__normal_18,normal,,"{""R1"": 1013.178699, ""R2"": 1983.401824, ""I1"": 0.01}","{""R1"": 1000, ""R2"": 2000}","{""out"": 6.706112}","{""R1"": 0.006618884, ""R2"": 0.003381116}",True
current_source_voltage_divider,current_source_voltage_divider__normal_19,normal,,"{""R1"": 983.841262, ""R2"": 2000.830568, ""I1"": 0.01}","{""R1"": 1000, ""R2"": 2000}","{""out"": 6.595364}","{""R1"": 0.006703687, ""R2"": 0.003296313}",True
current_source_voltage_divider,current_source_voltage_divider__normal_20,normal,,"{""R1"": 1010.094826, ""R2"": 1962.313309, ""I1"": 0.01}","{""R1"": 1000, ""R2"": 2000}","{""out"": 6.668406}","{""R1"": 0.006601763, ""R2"": 0.003398237}",True
current_source_voltage_divider,current_source_voltage_divider__partial_short_1,partial_short,R1,"{""R1"": 66.360625, ""R2"": 1963.373996, ""I1"": 0.01}","{""R1"": 1000, ""R2"": 2000}","{""out"": 0.6419101}","{""R1"": 0.009673058, ""R2"": 0.0003269424}",True
current_source_voltage_divider,current_source_voltage_divider__partial_short_2,partial_short,R1,"{""R1"": 122.298829, ""R2"": 1982.312573, ""I1"": 0.01}","{""R1"": 1000, ""R2"": 2000}","{""out"": 1.151921}","{""R1"": 0.009418901, ""R2"": 0.0005810993}",True
current_source_voltage_divider,current_source_voltage_divider__partial_short_3,partial_short,R1,"{""R1"": 45.27975, ""R2"": 2026.01381, ""I1"": 0.01}","{""R1"": 1000, ""R2"": 2000}","{""out"": 0.4428991}","{""R1"": 0.009781394, ""R2"": 0.0002186061}",True
current_source_voltage_divider,current_source_voltage_divider__partial_short_4,partial_short,R2,"{""R1"": 983.312871, ""R2"": 57.342495, ""I1"": 0.01}","{""R1"": 1000, ""R2"": 2000}","{""out"": 0.5418279}","{""R1"": 0.0005510229, ""R2"": 0.009448977}",True
current_source_voltage_divider,current_source_voltage_divider__partial_short_5,partial_short,R1,"{""R1"": 119.821038, ""R2"": 1979.600562, ""I1"": 0.01}","{""R1"": 1000, ""R2"": 2000}","{""out"": 1.129824}","{""R1"": 0.009429266, ""R2"": 0.0005707336}",True
current_source_voltage_divider,current_source_voltage_divider__partial_short_6,partial_short,R1,"{""R1"": 102.446292, ""R2"": 1998.019845, ""I1"": 0.01}","{""R1"": 1000, ""R2"": 2000}","{""out"": 0.9744967}","{""R1"": 0.009512269, ""R2"": 0.0004877312}",True
current_source_voltage_divider,current_source_voltage_divider__partial_short_7,partial_short,R2,"{""R1"": 1000.132787, ""R2"": 285.559564, ""I1"": 0.01}","{""R1"": 1000, ""R2"": 2000}","{""out"": 2.221352}","{""R1"": 0.002221057, ""R2"": 0.007778943}",True
current_source_voltage_divider,current_source_voltage_divider__partial_short_8,partial_short,R2,"{""R1"": 985.779722, ""R2"": 189.290459, ""I1"": 0.01}","{""R1"": 1000, ""R2"": 2000}","{""out"": 1.587979}","{""R1"": 0.001610886, ""R2"": 0.008389114}",True
current_source_voltage_divider,current_source_voltage_divider__partial_short_9,partial_short,R1,"{""R1"": 56.543799, ""R2"": 2019.54832, ""I1"": 0.01}","{""R1"": 1000, ""R2"": 2000}","{""out"": 0.5500379}","{""R1"": 0.009727643, ""R2"": 0.0002723569}",True
current_source_voltage_divider,current_source_voltage_divider__partial_short_10,partial_short,R1,"{""R1"": 10.575413, ""R2"": 1979.338456, ""I1"": 0.01}","{""R1"": 1000, ""R2"": 2000}","{""out"": 0.1051921}","{""R1"": 0.009946855, ""R2"": 5.314508e-05}",True
current_source_voltage_divider,current_source_voltage_divider__partial_short_11,partial_short,R2,"{""R1"": 988.309566, ""R2"": 154.136444, ""I1"": 0.01}","{""R1"": 1000, ""R2"": 2000}","{""out"": 1.333407}","{""R1"": 0.001349179, ""R2"": 0.008650821}",True
current_source_voltage_divider,current_source_voltage_divider__partial_short_12,partial_short,R2,"{""R1"": 1001.647474, ""R2"": 83.391074, ""I1"": 0.01}","{""R1"": 1000, ""R2"": 2000}","{""out"": 0.7698202}","{""R1"": 0.000768554, ""R2"": 0.009231446}",True
current_source_voltage_divider,current_source_voltage_divider__partial_short_13,partial_short,R1,"{""R1"": 87.485052, ""R2"": 2004.198265, ""I1"": 0.01}","{""R1"": 1000, ""R2"": 2000}","{""out"": 0.8382597}","{""R1"": 0.009581748, ""R2"": 0.0004182519}",True
current_source_voltage_divider,current_source_voltage_divider__partial_short_14,partial_short,R1,"{""R1"": 121.842354, ""R2"": 2004.462786, ""I1"": 0.01}","{""R1"": 1000, ""R2"": 2000}","{""out"": 1.148605}","{""R1"": 0.009426976, ""R2"": 0.0005730238}",True
current_source_voltage_divider,current_source_voltage_divider__partial_short_15,partial_short,R1,"{""R1"": 123.700089, ""R2"": 2009.376269, ""I1"": 0.01}","{""R1"": 1000, ""R2"": 2000}","{""out"": 1.165265}","{""R1"": 0.009420086, ""R2"": 0.000579914}",True
current_source_voltage_divider,current_source_voltage_divider__partial_short_16,partial_short,R1,"{""R1"": 88.947966, ""R2"": 1982.249754, ""I1"": 0.01}","{""R1"": 1000, ""R2"": 2000}","{""out"": 0.8512808}","{""R1"": 0.009570548, ""R2"": 0.0004294518}",True
current_source_voltage_divider,current_source_voltage_divider__partial_short_17,partial_short,R2,"{""R1"": 1012.273608, ""R2"": 285.237705, ""I1"": 0.01}","{""R1"": 1000, ""R2"": 2000}","{""out"": 2.225326}","{""R1"": 0.002198345, ""R2"": 0.007801655}",True
current_source_voltage_divider,current_source_voltage_divider__partial_short_18,partial_short,R2,"{""R1"": 986.971665, ""R2"": 58.287124, ""I1"": 0.01}","{""R1"": 1000, ""R2"": 2000}","{""out"": 0.5503684}","{""R1"": 0.0005576334, ""R2"": 0.009442367}",True
current_source_voltage_divider,current_source_voltage_divider__partial_short_19,partial_short,R1,"{""R1"": 143.910859, ""R2"": 2021.997689, ""I1"": 0.01}","{""R1"": 1000, ""R2"": 2000}","{""out"": 1.343489}","{""R1"": 0.009335564, ""R2"": 0.0006644365}",True
current_source_voltage_divider,current_source_voltage_divider__partial_short_20,partial_short,R2,"{""R1"": 999.022521, ""R2"": 139.6447, ""I1"": 0.01}","{""R1"": 1000, ""R2"": 2000}","{""out"": 1.225189}","{""R1"": 0.001226387, ""R2"": 0.008773613}",True
current_source_voltage_divider,current_source_voltage_divider__partial_open_1,partial_open,R1,"{""R1"": 13074.880021, ""R2"": 2004.149727, ""I1"": 0.01}","{""R1"": 1000, ""R2"": 2000}","{""out"": 17.37779}","{""R1"": 0.001329097, ""R2"": 0.008670903}",True
current_source_voltage_divider,current_source_voltage_divider__partial_open_2,partial_open,R1,"{""R1"": 46716.302627, ""R2"": 2016.934207, ""I1"": 0.01}","{""R1"": 1000, ""R2"": 2000}","{""out"": 19.33459}","{""R1"": 0.0004138724, ""R2"": 0.009586128}",True
current_source_voltage_divider,current_source_voltage_divider__partial_open_3,partial_open,R2,"{""R1"": 1013.11031, ""R2"": 30719.320377, ""I1"": 0.01}","{""R1"": 1000, ""R2"": 2000}","{""out"": 9.807651}","{""R1"": 0.009680733, ""R2"": 0.0003192665}",True
current_source_voltage_divider,current_source_voltage_divider__partial_open_4,partial_open,R2,"{""R1"": 1019.518867, ""R2"": 37273.786998, ""I1"": 0.01}","{""R1"": 1000, ""R2"": 2000}","{""out"": 9.923753}","{""R1"": 0.009733761, ""R2"": 0.0002662394}",True
current_source_voltage_divider,current_source_voltage_divider__partial_open_5,partial_open,R2,"{""R1"": 1001.589298, ""R2"": 37493.192108, ""I1"": 0.01}","{""R1"": 1000, ""R2"": 2000}","{""out"": 9.755291}","{""R1"": 0.009739812, ""R2"": 0.0002601883}",True
current_source_voltage_divider,current_source_voltage_divider__partial_open_6,partial_open,R1,"{""R1"": 9386.900106, ""R2"": 2012.204025, ""I1"": 0.01}","{""R1"": 1000, ""R2"": 2000}","{""out"": 16.57004}","{""R1"": 0.00176523, ""R2"": 0.00823477}",True
current_source_voltage_divider,current_source_voltage_divider__partial_open_7,partial_open,R2,"{""R1"": 1011.886888, ""R2"": 60730.57295, ""I1"": 0.01}","{""R1"": 1000, ""R2"": 2000}","{""out"": 9.953032}","{""R1"": 0.009836112, ""R2"": 0.0001638883}",True
current_source_voltage_divider,current_source_voltage_divider__partial_open_8,partial_open,R1,"{""R1"": 27503.087093, ""R2"": 1963.178667, ""I1"": 0.01}","{""R1"": 1000, ""R2"": 2000}","{""out"": 18.32383}","{""R1"": 0.0006662462, ""R2"": 0.009333754}",True
current_source_voltage_divider,current_source_voltage_divider__partial_open_9,partial_open,R2,"{""R1"": 989.989344, ""R2"": 50204.622253, ""I1"": 0.01}","{""R1"": 1000, ""R2"": 2000}","{""out"": 9.708452}","{""R1"": 0.009806622, ""R2"": 0.0001933776}",True
current_source_voltage_divider,current_source_voltage_divider__partial_open_10,partial_open,R2,"{""R1"": 983.580582, ""R2"": 66196.107895, ""I1"": 0.01}","{""R1"": 1000, ""R2"": 2000}","{""out"": 9.691799}","{""R1"": 0.00985359, ""R2"": 0.0001464104}",True
current_source_voltage_divider,current_source_voltage_divider__partial_open_11,partial_open,R2,"{""R1"": 1008.10985, ""R2"": 71434.199746, ""I1"": 0.01}","{""R1"": 1000, ""R2"": 2000}","{""out"": 9.94081}","{""R1"": 0.00986084, ""R2"": 0.0001391604}",True
current_source_voltage_divider,current_source_voltage_divider__partial_open_12,partial_open,R1,"{""R1"": 39854.390725, ""R2"": 2029.450464, ""I1"": 0.01}","{""R1"": 1000, ""R2"": 2000}","{""out"": 19.31115}","{""R1"": 0.0004845426, ""R2"": 0.009515457}",True
current_source_voltage_divider,current_source_voltage_divider__partial_open_13,partial_open,R1,"{""R1"": 20900.539435, ""R2"": 1971.448194, ""I1"": 0.01}","{""R1"": 1000, ""R2"": 2000}","{""out"": 18.01519}","{""R1"": 0.0008619488, ""R2"": 0.009138051}",True
current_source_voltage_divider,current_source_voltage_divider__partial_open_14,partial_open,R2,"{""R1"": 987.445403, ""R2"": 37889.294103, ""I1"": 0.01}","{""R1"": 1000, ""R2"": 2000}","{""out"": 9.623649}","{""R1"": 0.009746006, ""R2"": 0.0002539939}",True
current_source_voltage_divider,current_source_voltage_divider__partial_open_15,partial_open,R1,"{""R1"": 7188.512703, ""R2"": 2032.356202, ""I1"": 0.01}","{""R1"": 1000, ""R2"": 2000}","{""out"": 15.84408}","{""R1"": 0.002204083, ""R2"": 0.007795917}",True
current_source_voltage_divider,current_source_voltage_divider__partial_open_16,partial_open,R1,"{""R1"": 49966.675724, ""R2"": 1989.827573, ""I1"": 0.01}","{""R1"": 1000, ""R2"": 2000}","{""out"": 19.13621}","{""R1"": 0.0003829795, ""R2"": 0.00961702}",True
current_source_voltage_divider,current_source_voltage_divider__partial_open_17,partial_open,R1,"{""R1"": 36293.954687, ""R2"": 2030.866675, ""I1"": 0.01}","{""R1"": 1000, ""R2"": 2000}","{""out"": 19.23249}","{""R1"": 0.000529909, ""R2"": 0.009470091}",True
current_source_voltage_divider,current_source_voltage_divider__partial_open_18,partial_open,R2,"{""R1"": 994.596575, ""R2"": 69963.025163, ""I1"": 0.01}","{""R1"": 1000, ""R2"": 2000}","{""out"": 9.806555}","{""R1"": 0.009859832, ""R2"": 0.0001401677}",True
current_source_voltage_divider,current_source_voltage_divider__partial_open_19,partial_open,R1,"{""R1"": 33134.02699, ""R2"": 2028.337151, ""I1"": 0.01}","{""R1"": 1000, ""R2"": 2000}","{""out"": 19.11333}","{""R1"": 0.0005768489, ""R2"": 0.009423151}",True
current_source_voltage_divider,current_source_voltage_divider__partial_open_20,partial_open,R1,"{""R1"": 31663.611467, ""R2"": 2027.920445, ""I1"": 0.01}","{""R1"": 1000, ""R2"": 2000}","{""out"": 19.05858}","{""R1"": 0.0006019081, ""R2"": 0.009398092}",True
current_source_voltage_divider,current_source_voltage_divider__wrong_component_type_1,wrong_component_type,R2,"{""R1"": 983.480014, ""R2"": 6.18e-06, ""I1"": 0.01}","{""R1"": 1000, ""R2"": 2000}","{""out"": 9.8348}","{""R1"": 0.01}",True
current_source_voltage_divider,current_source_voltage_divider__wrong_component_type_2,wrong_component_type,R2,"{""R1"": 980.357104, ""R2"": 2.9e-06, ""I1"": 0.01}","{""R1"": 1000, ""R2"": 2000}","{""out"": 9.803571}","{""R1"": 0.01}",True
current_source_voltage_divider,current_source_voltage_divider__wrong_component_type_3,wrong_component_type,R2,"{""R1"": 993.658817, ""R2"": 2.03e-06, ""I1"": 0.01}","{""R1"": 1000, ""R2"": 2000}","{""out"": 9.936588}","{""R1"": 0.01}",True
current_source_voltage_divider,current_source_voltage_divider__wrong_component_type_4,wrong_component_type,R2,"{""R1"": 987.302213, ""R2"": 6.45e-06, ""I1"": 0.01}","{""R1"": 1000, ""R2"": 2000}","{""out"": 9.873022}","{""R1"": 0.01}",True
current_source_voltage_divider,current_source_voltage_divider__wrong_component_type_5,wrong_component_type,R1,"{""R1"": 1.52e-06, ""R2"": 2039.132702, ""I1"": 0.01}","{""R1"": 1000, ""R2"": 2000}","{""out"": 20.39133}","{""R2"": 0.01}",True
current_source_voltage_divider,current_source_voltage_divider__wrong_component_type_6,wrong_component_type,R1,"{""R1"": 3.5e-06, ""R2"": 2016.217907, ""I1"": 0.01}","{""R1"": 1000, ""R2"": 2000}","{""out"": 20.16218}","{""R2"": 0.01}",True
current_source_voltage_divider,current_source_voltage_divider__wrong_component_type_7,wrong_component_type,R2,"{""R1"": 1016.302266, ""R2"": 5.68e-06, ""I1"": 0.01}","{""R1"": 1000, ""R2"": 2000}","{""out"": 10.16302}","{""R1"": 0.01}",True
current_source_voltage_divider,current_source_voltage_divider__wrong_component_type_8,wrong_component_type,R2,"{""R1"": 996.80978, ""R2"": 1.84e-06, ""I1"": 0.01}","{""R1"": 1000, ""R2"": 2000}","{""out"": 9.968098}","{""R1"": 0.01}",True
current_source_voltage_divider,current_source_voltage_divider__wrong_component_type_9,wrong_component_type,R1,"{""R1"": 3.2e-06, ""R2"": 2029.306552, ""I1"": 0.01}","{""R1"": 1000, ""R2"": 2000}","{""out"": 20.29307}","{""R2"": 0.01}",True
current_source_voltage_divider,current_source_voltage_divider__wrong_component_type_10,wrong_component_type,R1,"{""R1"": 7.78e-06, ""R2"": 1978.222466, ""I1"": 0.01}","{""R1"": 1000, ""R2"": 2000}","{""out"": 19.78222}","{""R2"": 0.01}",True
current_source_voltage_divider,current_source_voltage_divider__wrong_component_type_11,wrong_component_type,R1,"{""R1"": 2.49e-06, ""R2"": 2016.105373, ""I1"": 0.01}","{""R1"": 1000, ""R2"": 2000}","{""out"": 20.16105}","{""R2"": 0.01}",True
current_source_voltage_divider,current_source_voltage_divider__wrong_component_type_12,wrong_component_type,R2,"{""R1"": 1002.826073, ""R2"": 7.31e-06, ""I1"": 0.01}","{""R1"": 1000, ""R2"": 2000}","{""out"": 10.02826}","{""R1"": 0.01}",True
current_source_voltage_divider,current_source_voltage_divider__wrong_component_type_13,wrong_component_type,R2,"{""R1"": 1013.374286, ""R2"": 3.84e-06, ""I1"": 0.01}","{""R1"": 1000, ""R2"": 2000}","{""out"": 10.13374}","{""R1"": 0.01}",True
current_source_voltage_divider,current_source_voltage_divider__wrong_component_type_14,wrong_component_type,R1,"{""R1"": 5.3e-06, ""R2"": 2002.616353, ""I1"": 0.01}","{""R1"": 1000, ""R2"": 2000}","{""out"": 20.02616}","{""R2"": 0.01}",True
current_source_voltage_divider,current_source_voltage_divider__wrong_component_type_15,wrong_component_type,R1,"{""R1"": 6.3e-06, ""R2"": 2006.194695, ""I1"": 0.01}","{""R1"": 1000, ""R2"": 2000}","{""out"": 20.06195}","{""R2"": 0.01}",True
current_source_voltage_divider,current_source_voltage_divider__wrong_component_type_16,wrong_component_type,R2,"{""R1"": 1006.187199, ""R2"": 5.01e-06, ""I1"": 0.01}","{""R1"": 1000, ""R2"": 2000}","{""out"": 10.06187}","{""R1"": 0.01}",True
current_source_voltage_divider,current_source_voltage_divider__wrong_component_type_17,wrong_component_type,R2,"{""R1"": 1008.240965, ""R2"": 9.18e-06, ""I1"": 0.01}","{""R1"": 1000, ""R2"": 2000}","{""out"": 10.08241}","{""R1"": 0.01}",True
current_source_voltage_divider,current_source_voltage_divider__wrong_component_type_18,wrong_component_type,R2,"{""R1"": 986.676646, ""R2"": 8.85e-06, ""I1"": 0.01}","{""R1"": 1000, ""R2"": 2000}","{""out"": 9.866766}","{""R1"": 0.01}",True
current_source_voltage_divider,current_source_voltage_divider__wrong_component_type_19,wrong_component_type,R1,"{""R1"": 7.39e-06, ""R2"": 1978.018998, ""I1"": 0.01}","{""R1"": 1000, ""R2"": 2000}","{""out"": 19.78019}","{""R2"": 0.01}",True
current_source_voltage_divider,current_source_voltage_divider__wrong_component_type_20,wrong_component_type,R2,"{""R1"": 1000.960001, ""R2"": 6.53e-06, ""I1"": 0.01}","{""R1"": 1000, ""R2"": 2000}","{""out"": 10.0096}","{""R1"": 0.01}",True
current_source_voltage_divider,current_source_voltage_divider__multi_fault_1,multi_fault,R2:partial_short;R1:partial_open,"{""R1"": 7877.320035, ""R2"": 216.080533, ""I1"": 0.01}","{""R1"": 1000, ""R2"": 2000}","{""out"": 2.103115}","{""R1"": 0.0002669836, ""R2"": 0.009733016}",True
current_source_voltage_divider,current_source_voltage_divider__multi_fault_2,multi_fault,R1:partial_short;R2:partial_open,"{""R1"": 66.554211, ""R2"": 17679.457949, ""I1"": 0.01}","{""R1"": 1000, ""R2"": 2000}","{""out"": 0.6630461}","{""R1"": 0.009962496, ""R2"": 3.750376e-05}",True
current_source_voltage_divider,current_source_voltage_divider__multi_fault_3,multi_fault,R1:partial_open;R2:partial_short,"{""R1"": 5219.254408, ""R2"": 109.94118, ""I1"": 0.01}","{""R1"": 1000, ""R2"": 2000}","{""out"": 1.076731}","{""R1"": 0.0002062998, ""R2"": 0.0097937}",True
current_source_voltage_divider,current_source_voltage_divider__multi_fault_4,multi_fault,R1:partial_short;R2:partial_open,"{""R1"": 118.138617, ""R2"": 72727.530237, ""I1"": 0.01}","{""R1"": 1000, ""R2"": 2000}","{""out"": 1.17947}","{""R1"": 0.009983782, ""R2"": 1.621766e-05}",True
current_source_voltage_divider,current_source_voltage_divider__multi_fault_5,multi_fault,R1:partial_open;R2:partial_short,"{""R1"": 45227.721619, ""R2"": 293.999893, ""I1"": 0.01}","{""R1"": 1000, ""R2"": 2000}","{""out"": 2.921011}","{""R1"": 6.458453e-05, ""R2"": 0.009935415}",True
current_source_voltage_divider,current_source_voltage_divider__multi_fault_6,multi_fault,R1:partial_short;R2:partial_open,"{""R1"": 80.861819, ""R2"": 51194.160331, ""I1"": 0.01}","{""R1"": 1000, ""R2"": 2000}","{""out"": 0.807343}","{""R1"": 0.00998423, ""R2"": 1.577022e-05}",True
current_source_voltage_divider,current_source_voltage_divider__multi_fault_7,multi_fault,R1:partial_open;R2:partial_short,"{""R1"": 17625.652694, ""R2"": 83.532575, ""I1"": 0.01}","{""R1"": 1000, ""R2"": 2000}","{""out"": 0.8313856}","{""R1"": 4.716907e-05, ""R2"": 0.009952831}",True
current_source_voltage_divider,current_source_voltage_divider__multi_fault_8,multi_fault,R2:partial_open;R1:partial_short,"{""R1"": 52.850271, ""R2"": 80759.302743, ""I1"": 0.01}","{""R1"": 1000, ""R2"": 2000}","{""out"": 0.5281571}","{""R1"": 0.00999346, ""R2"": 6.539891e-06}",True
current_source_voltage_divider,current_source_voltage_divider__multi_fault_9,multi_fault,R2:partial_short;R1:partial_open,"{""R1"": 15796.009549, ""R2"": 79.087189, ""I1"": 0.01}","{""R1"": 1000, ""R2"": 2000}","{""out"": 0.7869319}","{""R1"": 4.98184e-05, ""R2"": 0.009950182}",True
current_source_voltage_divider,current_source_voltage_divider__multi_fault_10,multi_fault,R1:partial_open;R2:partial_short,"{""R1"": 28247.020781, ""R2"": 114.674312, ""I1"": 0.01}","{""R1"": 1000, ""R2"": 2000}","{""out"": 1.142107}","{""R1"": 4.043281e-05, ""R2"": 0.009959567}",True
current_source_voltage_divider,current_source_voltage_divider__multi_fault_11,multi_fault,R2:partial_short;R1:partial_open,"{""R1"": 37889.675795, ""R2"": 76.116296, ""I1"": 0.01}","{""R1"": 1000, ""R2"": 2000}","{""out"": 0.7596369}","{""R1"": 2.004865e-05, ""R2"": 0.009979951}",True
current_source_voltage_divider,current_source_voltage_divider__multi_fault_12,multi_fault,R2:partial_open;R1:partial_short,"{""R1"": 62.56164, ""R2"": 13748.198414, ""I1"": 0.01}","{""R1"": 1000, ""R2"": 2000}","{""out"": 0.6227824}","{""R1"": 0.009954701, ""R2"": 4.52992e-05}",True
current_source_voltage_divider,current_source_voltage_divider__multi_fault_13,multi_fault,R1:partial_open;R2:partial_short,"{""R1"": 48355.717255, ""R2"": 255.930464, ""I1"": 0.01}","{""R1"": 1000, ""R2"": 2000}","{""out"": 2.54583}","{""R1"": 5.264797e-05, ""R2"": 0.009947352}",True
current_source_voltage_divider,current_source_voltage_divider__multi_fault_14,multi_fault,R1:partial_open;R2:partial_short,"{""R1"": 31711.642426, ""R2"": 143.378574, ""I1"": 0.01}","{""R1"": 1000, ""R2"": 2000}","{""out"": 1.427332}","{""R1"": 4.500973e-05, ""R2"": 0.00995499}",True
current_source_voltage_divider,current_source_voltage_divider__multi_fault_15,multi_fault,R2:partial_open;R1:partial_short,"{""R1"": 118.033438, ""R2"": 55067.91009, ""I1"": 0.01}","{""R1"": 1000, ""R2"": 2000}","{""out"": 1.17781}","{""R1"": 0.009978612, ""R2"": 2.138832e-05}",True
current_source_voltage_divider,current_source_voltage_divider__multi_fault_16,multi_fault,R1:partial_short;R2:partial_open,"{""R1"": 18.564892, ""R2"": 19622.385151, ""I1"": 0.01}","{""R1"": 1000, ""R2"": 2000}","{""out"": 0.1854734}","{""R1"": 0.009990548, ""R2"": 9.452135e-06}",True
current_source_voltage_divider,current_source_voltage_divider__multi_fault_17,multi_fault,R1:partial_open;R2:partial_short,"{""R1"": 21725.145461, ""R2"": 60.733316, ""I1"": 0.01}","{""R1"": 1000, ""R2"": 2000}","{""out"": 0.6056401}","{""R1"": 2.787738e-05, ""R2"": 0.009972123}",True
current_source_voltage_divider,current_source_voltage_divider__multi_fault_18,multi_fault,R2:partial_short;R1:partial_open,"{""R1"": 33710.279102, ""R2"": 282.014797, ""I1"": 0.01}","{""R1"": 1000, ""R2"": 2000}","{""out"": 2.796751}","{""R1"": 8.296433e-05, ""R2"": 0.009917036}",True
current_source_voltage_divider,current_source_voltage_divider__multi_fault_19,multi_fault,R1:partial_open;R2:partial_short,"{""R1"": 22797.629266, ""R2"": 284.173045, ""I1"": 0.01}","{""R1"": 1000, ""R2"": 2000}","{""out"": 2.806744}","{""R1"": 0.0001231156, ""R2"": 0.009876884}",True
current_source_voltage_divider,current_source_voltage_divider__multi_fault_20,multi_fault,R2:partial_short;R1:partial_open,"{""R1"": 12999.494781, ""R2"": 225.129587, ""I1"": 0.01}","{""R1"": 1000, ""R2"": 2000}","{""out"": 2.212971}","{""R1"": 0.0001702351, ""R2"": 0.009829765}",True
current_source_t_network,current_source_t_network__normal_1,normal,,"{""R_s"": 490.02345, ""R_p"": 1016.109616, ""R_L"": 1479.95004, ""R_leak"": 9862402.648671, ""I1"": 0.005}","{""R_s"": 500, ""R_p"": 1000, ""R_L"": 1500, ""R_leak"": 10000000.0}","{""a"": 7.530142, ""b"": 5.080025, ""c"": 5.079263}","{""R_s"": 0.005, ""R_p"": 0.004999485, ""R_L"": 5.150127e-07, ""R_leak"": 5.150127e-07}",True
current_source_t_network,current_source_t_network__normal_2,normal,,"{""R_s"": 505.292726, ""R_p"": 997.793912, ""R_L"": 1516.474714, ""R_leak"": 10192384.407667, ""I1"": 0.005}","{""R_s"": 500, ""R_p"": 1000, ""R_L"": 1500, ""R_leak"": 10000000.0}","{""a"": 7.514945, ""b"": 4.988481, ""c"": 4.987739}","{""R_s"": 0.005, ""R_p"": 0.004999511, ""R_L"": 4.893594e-07, ""R_leak"": 4.893594e-07}",True
current_source_t_network,current_source_t_network__normal_3,normal,,"{""R_s"": 497.807345, ""R_p"": 984.7733, ""R_L"": 1519.056615, ""R_leak"": 10079084.665396, ""I1"": 0.005}","{""R_s"": 500, ""R_p"": 1000, ""R_L"": 1500, ""R_leak"": 10000000.0}","{""a"": 7.412422, ""b"": 4.923386, ""c"": 4.922644}","{""R_s"": 0.005, ""R_p"": 0.004999512, ""R_L"": 4.884019e-07, ""R_leak"": 4.884019e-07}",True
current_source_t_network,current_source_t_network__normal_4,normal,,"{""R_s"": 499.255438, ""R_p"": 1011.237865, ""R_L"": 1503.382631, ""R_leak"": 10187375.771233, ""I1"": 0.005}","{""R_s"": 500, ""R_p"": 1000, ""R_L"": 1500, ""R_leak"": 10000000.0}","{""a"": 7.551965, ""b"": 5.055688, ""c"": 5.054942}","{""R_s"": 0.005, ""R_p"": 0.004999504, ""R_L"": 4.961966e-07, ""R_leak"": 4.961966e-07}",True
current_source_t_network,current_source_t_network__normal_5,normal,,"{""R_s"": 494.40732, ""R_p"": 987.391435, ""R_L"": 1510.433069, ""R_leak"": 10092089.348151, ""I1"": 0.005}","{""R_s"": 500, ""R_p"": 1000, ""R_L"": 1500, ""R_leak"": 10000000.0}","{""a"": 7.408511, ""b"": 4.936474, ""c"": 4.935736}","{""R_s"": 0.005, ""R_p"": 0.004999511, ""R_L"": 4.890697e-07, ""R_leak"": 4.890697e-07}",True
current_source_t_network,current_source_t_network__normal_6,normal,,"{""R_s"": 498.936142, ""R_p"": 992.831687, ""R_L"": 1496.260821, ""R_leak"": 10092196.257658, ""I1"": 0.005}","{""R_s"": 500, ""R_p"": 1000, ""R_L"": 1500, ""R_leak"": 10000000.0}","{""a"": 7.458351, ""b"": 4.96367, ""c"": 4.962934}","{""R_s"": 0.005, ""R_p"": 0.004999508, ""R_L"": 4.917596e-07, ""R_leak"": 4.917596e-07}",True
current_source_t_network,current_source_t_network__normal_7,normal,,"{""R_s"": 509.357563, ""R_p"": 1015.382588, ""R_L"": 1521.041698, ""R_leak"": 10178793.329569, ""I1"": 0.005}","{""R_s"": 500, ""R_p"": 1000, ""R_L"": 1500, ""R_leak"": 10000000.0}","{""a"": 7.623194, ""b"": 5.076407, ""c"": 5.075648}","{""R_s"": 0.005, ""R_p"": 0.004999501, ""R_L"": 4.986493e-07, ""R_leak"": 4.986493e-07}",True
current_source_t_network,current_source_t_network__normal_8,normal,,"{""R_s"": 492.360817, ""R_p"": 1016.864392, ""R_L"": 1485.099471, ""R_leak"": 9831780.313059, ""I1"": 0.005}","{""R_s"": 500, ""R_p"": 1000, ""R_L"": 1500, ""R_leak"": 10000000.0}","{""a"": 7.5456, ""b"": 5.083796, ""c"": 5.083028}","{""R_s"": 0.005, ""R_p"": 0.004999483, ""R_L"": 5.169998e-07, ""R_leak"": 5.169998e-07}",True
current_source_t_network,current_source_t_network__normal_9,normal,,"{""R_s"": 498.001612, ""R_p"": 987.630711, ""R_L"": 1523.05663, ""R_leak"": 10179749.889343, ""I1"": 0.005}","{""R_s"": 500, ""R_p"": 1000, ""R_L"": 1500, ""R_leak"": 10000000.0}","{""a"": 7.427683, ""b"": 4.937675, ""c"": 4.936936}","{""R_s"": 0.005, ""R_p"": 0.004999515, ""R_L"": 4.849762e-07, ""R_leak"": 4.849762e-07}",True
current_source_t_network,current_source_t_network__normal_10,normal,,"{""R_s"": 498.748083, ""R_p"": 1017.480528, ""R_L"": 1516.454428, ""R_leak"": 10128167.676511, ""I1"": 0.005}","{""R_s"": 500, ""R_p"": 1000, ""R_L"": 1500, ""R_leak"": 10000000.0}","{""a"": 7.580632, ""b"": 5.086892, ""c"": 5.08613}","{""R_s"": 0.005, ""R_p"": 0.004999498, ""R_L"": 5.021767e-07, ""R_leak"": 5.021767e-07}",True
current_source_t_network,current_source_t_network__normal_11,normal,,"{""R_s"": 499.539646, ""R_p"": 993.222301, ""R_L"": 1479.884035, ""R_leak"": 10035977.334728, ""I1"": 0.005}","{""R_s"": 500, ""R_p"": 1000, ""R_L"": 1500, ""R_leak"": 10000000.0}","{""a"": 7.463318, ""b"": 4.96562, ""c"": 4.964888}","{""R_s"": 0.005, ""R_p"": 0.004999505, ""R_L"": 4.94709e-07, ""R_leak"": 4.94709e-07}",True
current_source_t_network,current_source_t_network__normal_12,normal,,"{""R_s"": 501.175353, ""R_p"": 1003.882256, ""R_L"": 1528.13159, ""R_leak"": 10128272.796382, ""I1"": 0.005}","{""R_s"": 500, ""R_p"": 1000, ""R_L"": 1500, ""R_leak"": 10000000.0}","{""a"": 7.524791, ""b"": 5.018914, ""c"": 5.018157}","{""R_s"": 0.005, ""R_p"": 0.004999505, ""R_L"": 4.954603e-07, ""R_leak"": 4.954603e-07}",True
current_source_t_network,current_source_t_network__normal_13,normal,,"{""R_s"": 500.424437, ""R_p"": 1008.220963, ""R_L"": 1497.314883, ""R_leak"": 10125818.828894, ""I1"": 0.005}","{""R_s"": 500, ""R_p"": 1000, ""R_L"": 1500, ""R_leak"": 10000000.0}","{""a"": 7.542725, ""b"": 5.040603, ""c"": 5.039858}","{""R_s"": 0.005, ""R_p"": 0.004999502, ""R_L"": 4.977235e-07, ""R_leak"": 4.977235e-07}",True
current_source_t_network,current_source_t_network__normal_14,normal,,"{""R_s"": 493.601578, ""R_p"": 1015.647948, ""R_L"": 1510.616553, ""R_leak"": 9949293.996332, ""I1"": 0.005}","{""R_s"": 500, ""R_p"": 1000, ""R_L"": 1500, ""R_leak"": 10000000.0}","{""a"": 7.545729, ""b"": 5.077721, ""c"": 5.076951}","{""R_s"": 0.005, ""R_p"": 0.00499949, ""R_L"": 5.102825e-07, ""R_leak"": 5.102825e-07}",True
current_source_t_network,current_source_t_network__normal_15,normal,,"{""R_s"": 503.731164, ""R_p"": 1012.285782, ""R_L"": 1476.912405, ""R_leak"": 10042682.214405, ""I1"": 0.005}","{""R_s"": 500, ""R_p"": 1000, ""R_L"": 1500, ""R_leak"": 10000000.0}","{""a"": 7.579575, ""b"": 5.060919, ""c"": 5.060175}","{""R_s"": 0.005, ""R_p"": 0.004999496, ""R_L"": 5.038669e-07, ""R_leak"": 5.038669e-07}",True
current_source_t_network,current_source_t_network__normal_16,normal,,"{""R_s"": 496.374382, ""R_p"": 1014.993408, ""R_L"": 1510.503895, ""R_leak"": 10022063.985397, ""I1"": 0.005}","{""R_s"": 500, ""R_p"": 1000, ""R_L"": 1500, ""R_leak"": 10000000.0}","{""a"": 7.556325, ""b"": 5.074453, ""c"": 5.073689}","{""R_s"": 0.005, ""R_p"": 0.004999494, ""R_L"": 5.062519e-07, ""R_leak"": 5.062519e-07}",True
current_source_t_network,current_source_t_network__normal_17,normal,,"{""R_s"": 502.771385, ""R_p"": 993.617552, ""R_L"": 1506.335591, ""R_leak"": 9926021.537454, ""I1"": 0.005}","{""R_s"": 500, ""R_p"": 1000, ""R_L"": 1500, ""R_leak"": 10000000.0}","{""a"": 7.481447, ""b"": 4.967591, ""c"": 4.966837}","{""R_s"": 0.005, ""R_p"": 0.0049995, ""R_L"": 5.003855e-07, ""R_leak"": 5.003855e-07}",True
current_source_t_network,current_source_t_network__normal_18,normal,,"{""R_s"": 496.71837, ""R_p"": 1015.46899, ""R_L"": 1500.158021, ""R_leak"": 10084862.208327, ""I1"": 0.005}","{""R_s"": 500, ""R_p"": 1000, ""R_L"": 1500, ""R_leak"": 10000000.0}","{""a"": 7.560426, ""b"": 5.076834, ""c"": 5.076079}","{""R_s"": 0.005, ""R_p"": 0.004999497, ""R_L"": 5.033365e-07, ""R_leak"": 5.033365e-07}",True
current_source_t_network,current_source_t_network__normal_19,normal,,"{""R_s"": 507.041495, ""R_p"": 993.725241, ""R_L"": 1527.117361, ""R_leak"": 10089913.107304, ""I1"": 0.005}","{""R_s"": 500, ""R_p"": 1000, ""R_L"": 1500, ""R_leak"": 10000000.0}","{""a"": 7.503344, ""b"": 4.968137, ""c"": 4.967385}","{""R_s"": 0.005, ""R_p"": 0.004999508, ""R_L"": 4.92312e-07, ""R_leak"": 4.92312e-07}",True
current_source_t_network,current_source_t_network__normal_20,normal,,"{""R_s"": 501.143227, ""R_p"": 990.000511, ""R_L"": 1477.681107, ""R_leak"": 9853575.292535, ""I1"": 0.005}","{""R_s"": 500, ""R_p"": 1000, ""R_L"": 1500, ""R_leak"": 10000000.0}","{""a"": 7.455221, ""b"": 4.949505, ""c"": 4.948763}","{""R_s"": 0.005, ""R_p"": 0.004999498, ""R_L"": 5.022302e-07, ""R_leak"": 5.022302e-07}",True
current_source_t_network,current_source_t_network__partial_short_1,partial_short,R_s,"{""R_s"": 48.930876, ""R_p"": 1014.483026, ""R_L"": 1491.604387, ""R_leak"": 9986132.703539, ""I1"": 0.005}","{""R_s"": 500, ""R_p"": 1000, ""R_L"": 1500, ""R_leak"": 10000000.0}","{""a"": 5.316554, ""b"": 5.0719, ""c"": 5.071142}","{""R_s"": 0.005, ""R_p"": 0.004999492, ""R_L"": 5.078185e-07, ""R_leak"": 5.078185e-07}",True
current_source_t_network,current_source_t_network__partial_short_2,partial_short,R_L,"{""R_s"": 496.376754, ""R_p"": 1014.549546, ""R_L"": 52.575513, ""R_leak"": 10158482.094203, ""I1"": 0.005}","{""R_s"": 500, ""R_p"": 1000, ""R_L"": 1500, ""R_leak"": 10000000.0}","{""a"": 7.554125, ""b"": 5.072241, ""c"": 5.072215}","{""R_s"": 0.005, ""R_p"": 0.004999501, ""R_L"": 4.993083e-07, ""R_leak"": 4.993083e-07}",True
current_source_t_network,current_source_t_network__partial_short_3,partial_short,R_L,"{""R_s"": 496.232496, ""R_p"": 1004.334623, ""R_L"": 74.617364, ""R_leak"": 10157032.987512, ""I1"": 0.005}","{""R_s"": 500, ""R_p"": 1000, ""R_L"": 1500, ""R_leak"": 10000000.0}","{""a"": 7.502339, ""b"": 5.021177, ""c"": 5.02114}","{""R_s"": 0.005, ""R_p"": 0.004999506, ""R_L"": 4.94351e-07, ""R_leak"": 4.94351e-07}",True
current_source_t_network,current_source_t_network__partial_short_4,partial_short,R_leak,"{""R_s"": 504.051612, ""R_p"": 1000.360288, ""R_L"": 1510.301224, ""R_leak"": 1449018.406573, ""I1"": 0.005}","{""R_s"": 500, ""R_p"": 1000, ""R_L"": 1500, ""R_leak"": 10000000.0}","{""a"": 7.518612, ""b"": 4.998354, ""c"": 4.99315}","{""R_s"": 0.005, ""R_p"": 0.004996554, ""R_L"": 3.445884e-06, ""R_leak"": 3.445884e-06}",True
current_source_t_network,current_source_t_network__partial_short_5,partial_short,R_s,"{""R_s"": 64.846082, ""R_p"": 1011.188421, ""R_L"": 1473.782742, ""R_leak"": 9875703.597095, ""I1"": 0.005}","{""R_s"": 500, ""R_p"": 1000, ""R_L"": 1500, ""R_leak"": 10000000.0}","{""a"": 5.379655, ""b"": 5.055425, ""c"": 5.05467}","{""R_s"": 0.005, ""R_p"": 0.004999488, ""R_L"": 5.118289e-07, ""R_leak"": 5.118289e-07}",True
current_source_t_network,current_source_t_network__partial_short_6,partial_short,R_p,"{""R_s"": 501.074314, ""R_p"": 87.678038, ""R_L"": 1480.24609, ""R_leak"": 10154243.676258, ""I1"": 0.005}","{""R_s"": 500, ""R_p"": 1000, ""R_L"": 1500, ""R_leak"": 10000000.0}","{""a"": 2.943758, ""b"": 0.4383864, ""c"": 0.4383225}","{""R_s"": 0.005, ""R_p"": 0.004999957, ""R_L"": 4.316644e-08, ""R_leak"": 4.316644e-08}",True
current_source_t_network,current_source_t_network__partial_short_7,partial_short,R_s,"{""R_s"": 11.805496, ""R_p"": 1015.724022, ""R_L"": 1474.4101, ""R_leak"": 10147632.306392, ""I1"": 0.005}","{""R_s"": 500, ""R_p"": 1000, ""R_L"": 1500, ""R_leak"": 10000000.0}","{""a"": 5.137139, ""b"": 5.078112, ""c"": 5.077374}","{""R_s"": 0.005, ""R_p"": 0.0049995, ""R_L"": 5.003506e-07, ""R_leak"": 5.003506e-07}",True
current_source_t_network,current_source_t_network__partial_short_8,partial_short,R_leak,"{""R_s"": 509.789736, ""R_p"": 1007.722292, ""R_L"": 1513.759522, ""R_leak"": 1050139.989332, ""I1"": 0.005}","{""R_s"": 500, ""R_p"": 1000, ""R_L"": 1500, ""R_leak"": 10000000.0}","{""a"": 7.582737, ""b"": 5.033788, ""c"": 5.026542}","{""R_s"": 0.005, ""R_p"": 0.004995213, ""R_L"": 4.786545e-06, ""R_leak"": 4.786545e-06}",True
current_source_t_network,current_source_t_network__partial_short_9,partial_short,R_L,"{""R_s"": 507.445182, ""R_p"": 997.69668, ""R_L"": 123.470918, ""R_leak"": 10127329.443326, ""I1"": 0.005}","{""R_s"": 500, ""R_p"": 1000, ""R_L"": 1500, ""R_leak"": 10000000.0}","{""a"": 7.525218, ""b"": 4.987992, ""c"": 4.987931}","{""R_s"": 0.005, ""R_p"": 0.004999507, ""R_L"": 4.925219e-07, ""R_leak"": 4.925219e-07}",True
current_source_t_network,current_source_t_network__partial_short_10,partial_short,R_L,"{""R_s"": 499.603359, ""R_p"": 991.355688, ""R_L"": 49.824454, ""R_leak"": 10019204.803795, ""I1"": 0.005}","{""R_s"": 500, ""R_p"": 1000, ""R_L"": 1500, ""R_leak"": 10000000.0}","{""a"": 7.454305, ""b"": 4.956288, ""c"": 4.956263}","{""R_s"": 0.005, ""R_p"": 0.004999505, ""R_L"": 4.946763e-07, ""R_leak"": 4.946763e-07}",True
current_source_t_network,current_source_t_network__partial_short_11,partial_short,R_leak,"{""R_s"": 505.398045, ""R_p"": 983.450324, ""R_L"": 1518.447744, ""R_leak"": 1498138.414315, ""I1"": 0.005}","{""R_s"": 500, ""R_p"": 1000, ""R_L"": 1500, ""R_leak"": 10000000.0}","{""a"": 7.441019, ""b"": 4.914029, ""c"": 4.909053}","{""R_s"": 0.005, ""R_p"": 0.004996723, ""R_L"": 3.276769e-06, ""R_leak"": 3.276769e-06}",True
current_source_t_network,current_source_t_network__partial_short_12,partial_short,R_p,"{""R_s"": 506.33097, ""R_p"": 101.495552, ""R_L"": 1515.040572, ""R_leak"": 9886201.137175, ""I1"": 0.005}","{""R_s"": 500, ""R_p"": 1000, ""R_L"": 1500, ""R_leak"": 10000000.0}","{""a"": 3.039127, ""b"": 0.5074726, ""c"": 0.5073948}","{""R_s"": 0.005, ""R_p"": 0.004999949, ""R_L"": 5.132354e-08, ""R_leak"": 5.132354e-08}",True
current_source_t_network,current_source_t_network__partial_short_13,partial_short,R_leak,"{""R_s"": 491.110633, ""R_p"": 995.910926, ""R_L"": 1495.270106, ""R_leak"": 743611.411789, ""I1"": 0.005}","{""R_s"": 500, ""R_p"": 1000, ""R_L"": 1500, ""R_leak"": 10000000.0}","{""a"": 7.428461, ""b"": 4.972908, ""c"": 4.962928}","{""R_s"": 0.005, ""R_p"": 0.004993326, ""R_L"": 6.674088e-06, ""R_leak"": 6.674088e-06}",True
current_source_t_network,current_source_t_network__partial_short_14,partial_short,R_s,"{""R_s"": 52.499562, ""R_p"": 983.215089, ""R_L"": 1478.262304, ""R_leak"": 9986658.549028, ""I1"": 0.005}","{""R_s"": 500, ""R_p"": 1000, ""R_L"": 1500, ""R_leak"": 10000000.0}","{""a"": 5.178089, ""b"": 4.915592, ""c"": 4.914864}","{""R_s"": 0.005, ""R_p"": 0.004999508, ""R_L"": 4.92143e-07, ""R_leak"": 4.92143e-07}",True
current_source_t_network,current_source_t_network__partial_short_15,partial_short,R_s,"{""R_s"": 26.773615, ""R_p"": 1018.466061, ""R_L"": 1515.436188, ""R_leak"": 10080200.11359, ""I1"": 0.005}","{""R_s"": 500, ""R_p"": 1000, ""R_L"": 1500, ""R_leak"": 10000000.0}","{""a"": 5.225684, ""b"": 5.091816, ""c"": 5.091051}","{""R_s"": 0.005, ""R_p"": 0.004999495, ""R_L"": 5.050545e-07, ""R_leak"": 5.050545e-07}",True
current_source_t_network,current_source_t_network__partial_short_16,partial_short,R_L,"{""R_s"": 499.507359, ""R_p"": 1004.181857, ""R_L"": 122.755925, ""R_leak"": 9969168.002517, ""I1"": 0.005}","{""R_s"": 500, ""R_p"": 1000, ""R_L"": 1500, ""R_leak"": 10000000.0}","{""a"": 7.51794, ""b"": 5.020404, ""c"": 5.020342}","{""R_s"": 0.005, ""R_p"": 0.004999496, ""R_L"": 5.035868e-07, ""R_leak"": 5.035868e-07}",True
current_source_t_network,current_source_t_network__partial_short_17,partial_short,R_s,"{""R_s"": 50.678409, ""R_p"": 1015.380561, ""R_L"": 1482.368031, ""R_leak"": 9855914.417604, ""I1"": 0.005}","{""R_s"": 500, ""R_p"": 1000, ""R_L"": 1500, ""R_leak"": 10000000.0}","{""a"": 5.329772, ""b"": 5.07638, ""c"": 5.075617}","{""R_s"": 0.005, ""R_p"": 0.004999485, ""R_L"": 5.149818e-07, ""R_leak"": 5.149818e-07}",True
current_source_t_network,current_source_t_network__partial_short_18,partial_short,R_L,"{""R_s"": 496.392638, ""R_p"": 993.902, ""R_L"": 116.816892, ""R_leak"": 9947195.627694, ""I1"": 0.005}","{""R_s"": 500, ""R_p"": 1000, ""R_L"": 1500, ""R_leak"": 10000000.0}","{""a"": 7.450977, ""b"": 4.969014, ""c"": 4.968955}","{""R_s"": 0.005, ""R_p"": 0.0049995, ""R_L"": 4.995333e-07, ""R_leak"": 4.995333e-07}",True
current_source_t_network,current_source_t_network__partial_short_19,partial_short,R_L,"{""R_s"": 502.590669, ""R_p"": 1011.007243, ""R_L"": 104.226466, ""R_leak"": 10016647.422657, ""I1"": 0.005}","{""R_s"": 500, ""R_p"": 1000, ""R_L"": 1500, ""R_leak"": 10000000.0}","{""a"": 7.567479, ""b"": 5.054526, ""c"": 5.054473}","{""R_s"": 0.005, ""R_p"": 0.004999495, ""R_L"": 5.046073e-07, ""R_leak"": 5.046073e-07}",True
current_source_t_network,current_source_t_network__partial_short_20,partial_short,R_s,"{""R_s"": 72.112023, ""R_p"": 994.964144, ""R_L"": 1492.414447, ""R_leak"": 9864071.179829, ""I1"": 0.005}","{""R_s"": 500, ""R_p"": 1000, ""R_L"": 1500, ""R_leak"": 10000000.0}","{""a"": 5.334879, ""b"": 4.974319, ""c"": 4.973567}","{""R_s"": 0.005, ""R_p"": 0.004999496, ""R_L"": 5.042103e-07, ""R_leak"": 5.042103e-07}",True
current_source_t_network,current_source_t_network__partial_open_1,partial_open,R_p,"{""R_s"": 493.317764, ""R_p"": 24405.007399, ""R_L"": 1487.727445, ""R_leak"": 10001286.773496, ""I1"": 0.005}","{""R_s"": 500, ""R_p"": 1000, ""R_L"": 1500, ""R_leak"": 10000000.0}","{""a"": 124.1946, ""b"": 121.728, ""c"": 121.7099}","{""R_s"": 0.005, ""R_p"": 0.004987831, ""R_L"": 1.216943e-05, ""R_leak"": 1.216943e-05}",True
current_source_t_network,current_source_t_network__partial_open_2,partial_open,R_leak,"{""R_s"": 508.971542, ""R_p"": 994.184598, ""R_L"": 1500.62957, ""R_leak"": 319081874.287236, ""I1"": 0.005}","{""R_s"": 500, ""R_p"": 1000, ""R_L"": 1500, ""R_leak"": 10000000.0}","{""a"": 7.515765, ""b"": 4.970908, ""c"": 4.970884}","{""R_s"": 0.005, ""R_p"": 0.004999984, ""R_L"": 1.557871e-08, ""R_leak"": 1.557871e-08}",True
current_source_t_network,current_source_t_network__partial_open_3,partial_open,R_L,"{""R_s"": 500.94715, ""R_p"": 990.276833, ""R_L"": 19244.117296, ""R_leak"": 10013933.789852, ""I1"": 0.005}","{""R_s"": 500, ""R_p"": 1000, ""R_L"": 1500, ""R_leak"": 10000000.0}","{""a"": 7.455631, ""b"": 4.950896, ""c"": 4.941399}","{""R_s"": 0.005, ""R_p"": 0.004999507, ""R_L"": 4.934524e-07, ""R_leak"": 4.934524e-07}",True
current_source_t_network,current_source_t_network__partial_open_4,partial_open,R_p,"{""R_s"": 500.171917, ""R_p"": 27046.550943, ""R_L"": 1527.333137, ""R_leak"": 10058858.761655, ""I1"": 0.005}","{""R_s"": 500, ""R_p"": 1000, ""R_L"": 1500, ""R_leak"": 10000000.0}","{""a"": 137.371, ""b"": 134.8702, ""c"": 134.8497}","{""R_s"": 0.005, ""R_p"": 0.004986594, ""R_L"": 1.340606e-05, ""R_leak"": 1.340606e-05}",True
current_source_t_network,current_source_t_network__partial_open_5,partial_open,R_s,"{""R_s"": 11586.140635, ""R_p"": 986.959585, ""R_L"": 1496.725857, ""R_leak"": 10029502.432753, ""I1"": 0.005}","{""R_s"": 500, ""R_p"": 1000, ""R_L"": 1500, ""R_leak"": 10000000.0}","{""a"": 62.86502, ""b"": 4.934312, ""c"": 4.933576}","{""R_s"": 0.005, ""R_p"": 0.004999508, ""R_L"": 4.919064e-07, ""R_leak"": 4.919064e-07}",True
current_source_t_network,current_source_t_network__partial_open_6,partial_open,R_leak,"{""R_s"": 496.357826, ""R_p"": 1003.349775, ""R_L"": 1499.165813, ""R_leak"": 82705892.731716, ""I1"": 0.005}","{""R_s"": 500, ""R_p"": 1000, ""R_L"": 1500, ""R_leak"": 10000000.0}","{""a"": 7.498477, ""b"": 5.016688, ""c"": 5.016597}","{""R_s"": 0.005, ""R_p"": 0.004999939, ""R_L"": 6.065586e-08, ""R_leak"": 6.065586e-08}",True
current_source_t_network,current_source_t_network__partial_open_7,partial_open,R_s,"{""R_s"": 16237.814189, ""R_p"": 994.564971, ""R_L"": 1473.698836, ""R_leak"": 9840067.723649, ""I1"": 0.005}","{""R_s"": 500, ""R_p"": 1000, ""R_L"": 1500, ""R_leak"": 10000000.0}","{""a"": 86.16139, ""b"": 4.972322, ""c"": 4.971578}","{""R_s"": 0.005, ""R_p"": 0.004999495, ""R_L"": 5.052382e-07, ""R_leak"": 5.052382e-07}",True
current_source_t_network,current_source_t_network__partial_open_8,partial_open,R_L,"{""R_s"": 490.203788, ""R_p"": 984.968372, ""R_L"": 34698.33497, ""R_leak"": 10003938.044828, ""I1"": 0.005}","{""R_s"": 500, ""R_p"": 1000, ""R_L"": 1500, ""R_leak"": 10000000.0}","{""a"": 7.375378, ""b"": 4.924359, ""c"": 4.907338}","{""R_s"": 0.005, ""R_p"": 0.004999509, ""R_L"": 4.905406e-07, ""R_leak"": 4.905406e-07}",True
current_source_t_network,current_source_t_network__partial_open_9,partial_open,R_s,"{""R_s"": 8333.491794, ""R_p"": 995.357537, ""R_L"": 1493.414174, ""R_leak"": 10107563.441052, ""I1"": 0.005}","{""R_s"": 500, ""R_p"": 1000, ""R_L"": 1500, ""R_leak"": 10000000.0}","{""a"": 46.64376, ""b"": 4.976298, ""c"": 4.975563}","{""R_s"": 0.005, ""R_p"": 0.004999508, ""R_L"": 4.922613e-07, ""R_leak"": 4.922613e-07}",True
current_source_t_network,current_source_t_network__partial_open_10,partial_open,R_s,"{""R_s"": 4826.791578, ""R_p"": 998.509646, ""R_L"": 1486.047934, ""R_leak"": 9879288.952283, ""I1"": 0.005}","{""R_s"": 500, ""R_p"": 1000, ""R_L"": 1500, ""R_leak"": 10000000.0}","{""a"": 29.126, ""b"": 4.992044, ""c"": 4.991293}","{""R_s"": 0.005, ""R_p"": 0.004999495, ""R_L"": 5.05228e-07, ""R_leak"": 5.05228e-07}",True
current_source_t_network,current_source_t_network__partial_open_11,partial_open,R_L,"{""R_s"": 495.750386, ""R_p"": 1004.568429, ""R_L"": 21835.375474, ""R_leak"": 9953166.872602, ""I1"": 0.005}","{""R_s"": 500, ""R_p"": 1000, ""R_L"": 1500, ""R_leak"": 10000000.0}","{""a"": 7.501088, ""b"": 5.022336, ""c"": 5.011342}","{""R_s"": 0.005, ""R_p"": 0.004999497, ""R_L"": 5.034923e-07, ""R_leak"": 5.034923e-07}",True
current_source_t_network,current_source_t_network__partial_open_12,partial_open,R_L,"{""R_s"": 504.523973, ""R_p"": 1007.75578, ""R_L"": 58563.505101, ""R_leak"": 10187546.499541, ""I1"": 0.005}","{""R_s"": 500, ""R_p"": 1000, ""R_L"": 1500, ""R_leak"": 10000000.0}","{""a"": 7.560903, ""b"": 5.038283, ""c"": 5.009486}","{""R_s"": 0.005, ""R_p"": 0.004999508, ""R_L"": 4.917265e-07, ""R_leak"": 4.917265e-07}",True
current_source_t_network,current_source_t_network__partial_open_13,partial_open,R_L,"{""R_s"": 507.556937, ""R_p"": 1003.928594, ""R_L"": 48928.31332, ""R_leak"": 10045465.619214, ""I1"": 0.005}","{""R_s"": 500, ""R_p"": 1000, ""R_L"": 1500, ""R_leak"": 10000000.0}","{""a"": 7.556928, ""b"": 5.019144, ""c"": 4.994816}","{""R_s"": 0.005, ""R_p"": 0.004999503, ""R_L"": 4.972209e-07, ""R_leak"": 4.972209e-07}",True
current_source_t_network,current_source_t_network__partial_open_14,partial_open,R_leak,"{""R_s"": 497.32257, ""R_p"": 984.474573, ""R_L"": 1526.575675, ""R_leak"": 163986407.681772, ""I1"": 0.005}","{""R_s"": 500, ""R_p"": 1000, ""R_L"": 1500, ""R_leak"": 10000000.0}","{""a"": 7.408956, ""b"": 4.922343, ""c"": 4.922297}","{""R_s"": 0.005, ""R_p"": 0.00499997, ""R_L"": 3.00165e-08, ""R_leak"": 3.00165e-08}",True
current_source_t_network,current_source_t_network__partial_open_15,partial_open,R_s,"{""R_s"": 9854.715014, ""R_p"": 1019.667373, ""R_L"": 1511.881666, ""R_leak"": 9803676.700109, ""I1"": 0.005}","{""R_s"": 500, ""R_p"": 1000, ""R_L"": 1500, ""R_leak"": 10000000.0}","{""a"": 54.37138, ""b"": 5.097807, ""c"": 5.097021}","{""R_s"": 0.005, ""R_p"": 0.00499948, ""R_L"": 5.199091e-07, ""R_leak"": 5.199091e-07}",True
current_source_t_network,current_source_t_network__partial_open_16,partial_open,R_L,"{""R_s"": 508.446845, ""R_p"": 1008.898323, ""R_L"": 10263.983957, ""R_leak"": 9921372.918029, ""I1"": 0.005}","{""R_s"": 500, ""R_p"": 1000, ""R_L"": 1500, ""R_leak"": 10000000.0}","{""a"": 7.586213, ""b"": 5.043979, ""c"": 5.038766}","{""R_s"": 0.005, ""R_p"": 0.004999492, ""R_L"": 5.078699e-07, ""R_leak"": 5.078699e-07}",True
current_source_t_network,current_source_t_network__partial_open_17,partial_open,R_p,"{""R_s"": 507.273672, ""R_p"": 6893.494287, ""R_L"": 1487.480052, ""R_leak"": 9892256.421857, ""I1"": 0.005}","{""R_s"": 500, ""R_p"": 1000, ""R_L"": 1500, ""R_leak"": 10000000.0}","{""a"": 36.97984, ""b"": 34.44347, ""c"": 34.43829}","{""R_s"": 0.005, ""R_p"": 0.004996519, ""R_L"": 3.481339e-06, ""R_leak"": 3.481339e-06}",True
current_source_t_network,current_source_t_network__partial_open_18,partial_open,R_L,"{""R_s"": 505.558386, ""R_p"": 1013.971677, ""R_L"": 19925.439855, ""R_leak"": 9924237.215932, ""I1"": 0.005}","{""R_s"": 500, ""R_p"": 1000, ""R_L"": 1500, ""R_leak"": 10000000.0}","{""a"": 7.597133, ""b"": 5.069341, ""c"": 5.059184}","{""R_s"": 0.005, ""R_p"": 0.00499949, ""R_L"": 5.097806e-07, ""R_leak"": 5.097806e-07}",True
current_source_t_network,current_source_t_network__partial_open_19,partial_open,R_p,"{""R_s"": 503.320502, ""R_p"": 12342.248821, ""R_L"": 1487.872114, ""R_leak"": 9934213.650251, ""I1"": 0.005}","{""R_s"": 500, ""R_p"": 1000, ""R_L"": 1500, ""R_leak"": 10000000.0}","{""a"": 64.15128, ""b"": 61.63468, ""c"": 61.62545}","{""R_s"": 0.005, ""R_p"": 0.004993797, ""R_L"": 6.203355e-06, ""R_leak"": 6.203355e-06}",True
current_source_t_network,current_source_t_network__partial_open_20,partial_open,R_s,"{""R_s"": 18695.308438, ""R_p"": 1004.601781, ""R_L"": 1517.392798, ""R_leak"": 9826404.786269, ""I1"": 0.005}","{""R_s"": 500, ""R_p"": 1000, ""R_L"": 1500, ""R_leak"": 10000000.0}","{""a"": 98.49904, ""b"": 5.022496, ""c"": 5.02172}","{""R_s"": 0.005, ""R_p"": 0.004999489, ""R_L"": 5.110435e-07, ""R_leak"": 5.110435e-07}",True
current_source_t_network,current_source_t_network__wrong_component_type_1,wrong_component_type,R_leak,"{""R_s"": 505.064076, ""R_p"": 998.308943, ""R_L"": 1510.515673, ""R_leak"": 8.5e-06, ""I1"": 0.005}","{""R_s"": 500, ""R_p"": 1000, ""R_L"": 1500, ""R_leak"": 10000000.0}","{""a"": 7.516865, ""b"": 4.991545, ""c"": 4.991545}","{""R_s"": 0.005, ""R_p"": 0.005, ""R_L"": 0.0}",True
current_source_t_network,current_source_t_network__wrong_component_type_2,wrong_component_type,R_s,"{""R_s"": 3.27e-06, ""R_p"": 997.590311, ""R_L"": 1503.201856, ""R_leak"": 10138407.156638, ""I1"": 0.005}","{""R_s"": 500, ""R_p"": 1000, ""R_L"": 1500, ""R_leak"": 10000000.0}","{""a"": 5.002751, ""b"": 4.987461, ""c"": 4.986721}","{""R_p"": 0.004999508, ""R_L"": 4.918694e-07, ""R_leak"": 4.918644e-07}",True
current_source_t_network,current_source_t_network__wrong_component_type_3,wrong_component_type,R_leak,"{""R_s"": 491.360861, ""R_p"": 1009.619589, ""R_L"": 1490.735989, ""R_leak"": 4.71e-06, ""I1"": 0.005}","{""R_s"": 500, ""R_p"": 1000, ""R_L"": 1500, ""R_leak"": 10000000.0}","{""a"": 7.504902, ""b"": 5.048098, ""c"": 5.048098}","{""R_s"": 0.005, ""R_p"": 0.005, ""R_L"": 5.957986e-19}",True
current_source_t_network,current_source_t_network__wrong_component_type_4,wrong_component_type,R_leak,"{""R_s"": 491.172073, ""R_p"": 1002.929893, ""R_L"": 1505.309402, ""R_leak"": 2.94e-06, ""I1"": 0.005}","{""R_s"": 500, ""R_p"": 1000, ""R_L"": 1500, ""R_leak"": 10000000.0}","{""a"": 7.47051, ""b"": 5.014649, ""c"": 5.014649}","{""R_s"": 0.005, ""R_p"": 0.005, ""R_L"": 0.0}",True
current_source_t_network,current_source_t_network__wrong_component_type_5,wrong_component_type,R_p,"{""R_s"": 506.492545, ""R_p"": 8.42e-06, ""R_L"": 1514.819351, ""R_leak"": 10193346.969198, ""I1"": 0.005}","{""R_s"": 500, ""R_p"": 1000, ""R_L"": 1500, ""R_leak"": 10000000.0}","{""a"": 50976.84, ""b"": 50974.31, ""c"": 50966.73}","{""R_s"": 0.005, ""R_L"": 0.005, ""R_leak"": 0.005}",True
current_source_t_network,current_source_t_network__wrong_component_type_6,wrong_component_type,R_s,"{""R_s"": 9.18e-06, ""R_p"": 981.085023, ""R_L"": 1512.436681, ""R_leak"": 10030837.996127, ""I1"": 0.005}","{""R_s"": 500, ""R_p"": 1000, ""R_L"": 1500, ""R_leak"": 10000000.0}","{""a"": 4.910392, ""b"": 4.904945, ""c"": 4.904206}","{""R_p"": 0.004999511, ""R_L"": 4.889178e-07, ""R_leak"": 4.889129e-07}",True
current_source_t_network,current_source_t_network__wrong_component_type_7,wrong_component_type,R_leak,"{""R_s"": 509.939678, ""R_p"": 1013.122474, ""R_L"": 1498.311759, ""R_leak"": 6.73e-06, ""I1"": 0.005}","{""R_s"": 500, ""R_p"": 1000, ""R_L"": 1500, ""R_leak"": 10000000.0}","{""a"": 7.615311, ""b"": 5.065612, ""c"": 5.065612}","{""R_s"": 0.005, ""R_p"": 0.005, ""R_L"": 0.0}",True
current_source_t_network,current_source_t_network__wrong_component_type_8,wrong_component_type,R_s,"{""R_s"": 7.56e-06, ""R_p"": 1004.641834, ""R_L"": 1501.726206, ""R_leak"": 9904632.406104, ""I1"": 0.005}","{""R_s"": 500, ""R_p"": 1000, ""R_L"": 1500, ""R_leak"": 10000000.0}","{""a"": 5.029314, ""b"": 5.0227, ""c"": 5.021938}","{""R_p"": 0.004999493, ""R_L"": 5.070343e-07, ""R_leak"": 5.070293e-07}",True
current_source_t_network,current_source_t_network__wrong_component_type_9,wrong_component_type,R_s,"{""R_s"": 5.75e-06, ""R_p"": 981.281316, ""R_L"": 1525.882083, ""R_leak"": 9875691.304101, ""I1"": 0.005}","{""R_s"": 500, ""R_p"": 1000, ""R_L"": 1500, ""R_leak"": 10000000.0}","{""a"": 4.914615, ""b"": 4.905919, ""c"": 4.905161}","{""R_p"": 0.004999503, ""R_L"": 4.966953e-07, ""R_leak"": 4.966904e-07}",True
current_source_t_network,current_source_t_network__wrong_component_type_10,wrong_component_type,R_p,"{""R_s"": 505.40897, ""R_p"": 6.56e-06, ""R_L"": 1500.167052, ""R_leak"": 9970841.514436, ""I1"": 0.005}","{""R_s"": 500, ""R_p"": 1000, ""R_L"": 1500, ""R_leak"": 10000000.0}","{""a"": 49864.24, ""b"": 49861.71, ""c"": 49854.21}","{""R_s"": 0.005, ""R_L"": 0.005, ""R_leak"": 0.005}",True
current_source_t_network,current_source_t_network__wrong_component_type_11,wrong_component_type,R_p,"{""R_s"": 504.985607, ""R_p"": 3.78e-06, ""R_L"": 1494.55795, ""R_leak"": 10058925.53788, ""I1"": 0.005}","{""R_s"": 500, ""R_p"": 1000, ""R_L"": 1500, ""R_leak"": 10000000.0}","{""a"": 50304.63, ""b"": 50302.1, ""c"": 50294.63}","{""R_s"": 0.005, ""R_L"": 0.005, ""R_leak"": 0.005}",True
current_source_t_network,current_source_t_network__wrong_component_type_12,wrong_component_type,R_L,"{""R_s"": 495.435867, ""R_p"": 1003.408906, ""R_L"": 2.83e-06, ""R_leak"": 9816634.455573, ""I1"": 0.005}","{""R_s"": 500, ""R_p"": 1000, ""R_L"": 1500, ""R_leak"": 10000000.0}","{""a"": 7.494224, ""b"": 5.017045, ""c"": 0.0}","{""R_s"": 0.005, ""R_p"": 0.005, ""R_leak"": 0.0}",True
current_source_t_network,current_source_t_network__wrong_component_type_13,wrong_component_type,R_leak,"{""R_s"": 506.837935, ""R_p"": 1004.439938, ""R_L"": 1510.125707, ""R_leak"": 5.64e-06, ""I1"": 0.005}","{""R_s"": 500, ""R_p"": 1000, ""R_L"": 1500, ""R_leak"": 10000000.0}","{""a"": 7.556389, ""b"": 5.0222, ""c"": 5.0222}","{""R_s"": 0.005, ""R_p"": 0.005, ""R_L"": 0.0}",True
current_source_t_network,current_source_t_network__wrong_component_type_14,wrong_component_type,R_p,"{""R_s"": 502.401685, ""R_p"": 1.59e-06, ""R_L"": 1474.479234, ""R_leak"": 10162432.475682, ""I1"": 0.005}","{""R_s"": 500, ""R_p"": 1000, ""R_L"": 1500, ""R_leak"": 10000000.0}","{""a"": 50822.05, ""b"": 50819.53, ""c"": 50812.16}","{""R_s"": 0.005, ""R_L"": 0.005, ""R_leak"": 0.005}",True
current_source_t_network,current_source_t_network__wrong_component_type_15,wrong_component_type,R_L,"{""R_s"": 493.15928, ""R_p"": 1019.984223, ""R_L"": 5.56e-06, ""R_leak"": 10073680.476569, ""I1"": 0.005}","{""R_s"": 500, ""R_p"": 1000, ""R_L"": 1500, ""R_leak"": 10000000.0}","{""a"": 7.565718, ""b"": 5.099921, ""c"": 0.0}","{""R_s"": 0.005, ""R_p"": 0.005, ""R_leak"": 0.0}",True
current_source_t_network,current_source_t_network__wrong_component_type_16,wrong_component_type,R_leak,"{""R_s"": 500.008263, ""R_p"": 1006.233296, ""R_L"": 1489.193248, ""R_leak"": 6.09e-06, ""I1"": 0.005}","{""R_s"": 500, ""R_p"": 1000, ""R_L"": 1500, ""R_leak"": 10000000.0}","{""a"": 7.531208, ""b"": 5.031166, ""c"": 5.031166}","{""R_s"": 0.005, ""R_p"": 0.005, ""R_L"": 5.964158e-19}",True
current_source_t_network,current_source_t_network__wrong_component_type_17,wrong_component_type,R_p,"{""R_s"": 497.273117, ""R_p"": 5.36e-06, ""R_L"": 1513.073176, ""R_leak"": 9947612.253311, ""I1"": 0.005}","{""R_s"": 500, ""R_p"": 1000, ""R_L"": 1500, ""R_leak"": 10000000.0}","{""a"": 49748.11, ""b"": 49745.63, ""c"": 49738.06}","{""R_s"": 0.005, ""R_L"": 0.005, ""R_leak"": 0.005}",True
current_source_t_network,current_source_t_network__wrong_component_type_18,wrong_component_type,R_s,"{""R_s"": 8.83e-06, ""R_p"": 980.77937, ""R_L"": 1521.559237, ""R_leak"": 10114071.036628, ""I1"": 0.005}","{""R_s"": 500, ""R_p"": 1000, ""R_L"": 1500, ""R_leak"": 10000000.0}","{""a"": 4.909084, ""b"": 4.903421, ""c"": 4.902684}","{""R_p"": 0.004999515, ""R_L"": 4.847438e-07, ""R_leak"": 4.847389e-07}",True
current_source_t_network,current_source_t_network__wrong_component_type_19,wrong_component_type,R_L,"{""R_s"": 508.605458, ""R_p"": 995.029009, ""R_L"": 5.85e-06, ""R_leak"": 10184949.021536, ""I1"": 0.005}","{""R_s"": 500, ""R_p"": 1000, ""R_L"": 1500, ""R_leak"": 10000000.0}","{""a"": 7.518172, ""b"": 4.975145, ""c"": 0.0}","{""R_s"": 0.005, ""R_p"": 0.005, ""R_leak"": 0.0}",True
current_source_t_network,current_source_t_network__wrong_component_type_20,wrong_component_type,R_leak,"{""R_s"": 509.053481, ""R_p"": 1001.518667, ""R_L"": 1500.280706, ""R_leak"": 3.82e-06, ""I1"": 0.005}","{""R_s"": 500, ""R_p"": 1000, ""R_L"": 1500, ""R_leak"": 10000000.0}","{""a"": 7.552861, ""b"": 5.007593, ""c"": 5.007593}","{""R_s"": 0.005, ""R_p"": 0.005, ""R_L"": 5.920082e-19}",True
current_source_t_network,current_source_t_network__multi_fault_1,multi_fault,R_leak:partial_short;R_s:partial_open,"{""R_s"": 13764.37448, ""R_p"": 988.908884, ""R_L"": 1513.006962, ""R_leak"": 969299.180648, ""I1"": 0.005}","{""R_s"": 500, ""R_p"": 1000, ""R_L"": 1500, ""R_leak"": 10000000.0}","{""a"": 73.76139, ""b"": 4.939513, ""c"": 4.931815}","{""R_s"": 0.005, ""R_p"": 0.004994912, ""R_L"": 5.088021e-06, ""R_leak"": 5.088021e-06}",True
current_source_t_network,current_source_t_network__multi_fault_2,multi_fault,R_leak:partial_short;R_s:partial_open,"{""R_s"": 21795.082426, ""R_p"": 991.576429, ""R_L"": 1517.371022, ""R_leak"": 952388.140237, ""I1"": 0.005}","{""R_s"": 500, ""R_p"": 1000, ""R_L"": 1500, ""R_leak"": 10000000.0}","{""a"": 113.9281, ""b"": 4.952734, ""c"": 4.944856}","{""R_s"": 0.005, ""R_p"": 0.004994808, ""R_L"": 5.192059e-06, ""R_leak"": 5.192059e-06}",True
current_source_t_network,current_source_t_network__multi_fault_3,multi_fault,R_p:partial_open;R_s:partial_short,"{""R_s"": 48.019043, ""R_p"": 29617.182709, ""R_L"": 1484.343276, ""R_leak"": 10153621.04838, ""I1"": 0.005}","{""R_s"": 500, ""R_p"": 1000, ""R_L"": 1500, ""R_leak"": 10000000.0}","{""a"": 147.8954, ""b"": 147.6553, ""c"": 147.6337}","{""R_s"": 0.005, ""R_p"": 0.00498546, ""R_L"": 1.454e-05, ""R_leak"": 1.454e-05}",True
current_source_t_network,current_source_t_network__multi_fault_4,multi_fault,R_s:partial_open;R_L:partial_short,"{""R_s"": 5518.429189, ""R_p"": 994.390218, ""R_L"": 125.794197, ""R_leak"": 10191819.764267, ""I1"": 0.005}","{""R_s"": 500, ""R_p"": 1000, ""R_L"": 1500, ""R_leak"": 10000000.0}","{""a"": 32.56361, ""b"": 4.971466, ""c"": 4.971405}","{""R_s"": 0.005, ""R_p"": 0.004999512, ""R_L"": 4.877838e-07, ""R_leak"": 4.877838e-07}",True
current_source_t_network,current_source_t_network__multi_fault_5,multi_fault,R_p:partial_short;R_s:partial_open,"{""R_s"": 5970.09418, ""R_p"": 59.468564, ""R_L"": 1498.950178, ""R_leak"": 10166341.675261, ""I1"": 0.005}","{""R_s"": 500, ""R_p"": 1000, ""R_L"": 1500, ""R_leak"": 10000000.0}","{""a"": 30.14781, ""b"": 0.2973411, ""c"": 0.2972972}","{""R_s"": 0.005, ""R_p"": 0.004999971, ""R_L"": 2.924329e-08, ""R_leak"": 2.924329e-08}",True
current_source_t_network,current_source_t_network__multi_fault_6,multi_fault,R_p:partial_short;R_s:partial_open,"{""R_s"": 10935.288673, ""R_p"": 15.097602, ""R_L"": 1485.605454, ""R_leak"": 10165052.227659, ""I1"": 0.005}","{""R_s"": 500, ""R_p"": 1000, ""R_L"": 1500, ""R_leak"": 10000000.0}","{""a"": 54.75193, ""b"": 0.0754879, ""c"": 0.07547687}","{""R_s"": 0.005, ""R_p"": 0.004999993, ""R_L"": 7.425133e-09, ""R_leak"": 7.425133e-09}",True
current_source_t_network,current_source_t_network__multi_fault_7,multi_fault,R_s:partial_short;R_L:partial_open,"{""R_s"": 60.116568, ""R_p"": 1016.949153, ""R_L"": 33757.814737, ""R_leak"": 9847007.868019, ""I1"": 0.005}","{""R_s"": 500, ""R_p"": 1000, ""R_L"": 1500, ""R_leak"": 10000000.0}","{""a"": 5.384805, ""b"": 5.084222, ""c"": 5.066852}","{""R_s"": 0.005, ""R_p"": 0.004999485, ""R_L"": 5.145575e-07, ""R_leak"": 5.145575e-07}",True
current_source_t_network,current_source_t_network__multi_fault_8,multi_fault,R_L:partial_open;R_p:partial_short,"{""R_s"": 497.63493, ""R_p"": 65.371813, ""R_L"": 41474.159864, ""R_leak"": 10082399.215758, ""I1"": 0.005}","{""R_s"": 500, ""R_p"": 1000, ""R_L"": 1500, ""R_leak"": 10000000.0}","{""a"": 2.815032, ""b"": 0.326857, ""c"": 0.3255179}","{""R_s"": 0.005, ""R_p"": 0.004999968, ""R_L"": 3.228576e-08, ""R_leak"": 3.228576e-08}",True
current_source_t_network,current_source_t_network__multi_fault_9,multi_fault,R_leak:partial_short;R_s:partial_open,"{""R_s"": 20396.12439, ""R_p"": 989.205347, ""R_L"": 1525.535877, ""R_leak"": 307833.870995, ""I1"": 0.005}","{""R_s"": 500, ""R_p"": 1000, ""R_L"": 1500, ""R_leak"": 10000000.0}","{""a"": 106.9109, ""b"": 4.930262, ""c"": 4.905949}","{""R_s"": 0.005, ""R_p"": 0.004984063, ""R_L"": 1.5937e-05, ""R_leak"": 1.5937e-05}",True
current_source_t_network,current_source_t_network__multi_fault_10,multi_fault,R_L:partial_short;R_leak:partial_open,"{""R_s"": 494.148928, ""R_p"": 1019.579222, ""R_L"": 16.67737, ""R_leak"": 365302272.583193, ""I1"": 0.005}","{""R_s"": 500, ""R_p"": 1000, ""R_L"": 1500, ""R_leak"": 10000000.0}","{""a"": 7.568627, ""b"": 5.097882, ""c"": 5.097882}","{""R_s"": 0.005, ""R_p"": 0.004999986, ""R_L"": 1.395524e-08, ""R_leak"": 1.395524e-08}",True
current_source_t_network,current_source_t_network__multi_fault_11,multi_fault,R_L:partial_open;R_p:partial_short,"{""R_s"": 496.09035, ""R_p"": 60.817951, ""R_L"": 53287.735979, ""R_leak"": 9865606.182363, ""I1"": 0.005}","{""R_s"": 500, ""R_p"": 1000, ""R_L"": 1500, ""R_leak"": 10000000.0}","{""a"": 2.78454, ""b"": 0.3040879, ""c"": 0.3024542}","{""R_s"": 0.005, ""R_p"": 0.004999969, ""R_L"": 3.065744e-08, ""R_leak"": 3.065744e-08}",True
current_source_t_network,current_source_t_network__multi_fault_12,multi_fault,R_leak:partial_short;R_p:partial_open,"{""R_s"": 505.142885, ""R_p"": 34044.022687, ""R_L"": 1478.324816, ""R_leak"": 916305.737265, ""I1"": 0.005}","{""R_s"": 500, ""R_p"": 1000, ""R_L"": 1500, ""R_leak"": 10000000.0}","{""a"": 166.6576, ""b"": 164.1319, ""c"": 163.8675}","{""R_s"": 0.005, ""R_p"": 0.004821165, ""R_L"": 0.0001788349, ""R_leak"": 0.0001788349}",True
current_source_t_network,current_source_t_network__multi_fault_13,multi_fault,R_p:partial_short;R_leak:partial_open,"{""R_s"": 493.654719, ""R_p"": 35.033362, ""R_L"": 1487.090335, ""R_leak"": 144257896.142818, ""I1"": 0.005}","{""R_s"": 500, ""R_p"": 1000, ""R_L"": 1500, ""R_leak"": 10000000.0}","{""a"": 2.64344, ""b"": 0.1751668, ""c"": 0.175165}","{""R_s"": 0.005, ""R_p"": 0.004999999, ""R_L"": 1.214249e-09, ""R_leak"": 1.214249e-09}",True
current_source_t_network,current_source_t_network__multi_fault_14,multi_fault,R_p:partial_short;R_s:partial_open,"{""R_s"": 18568.120836, ""R_p"": 138.480467, ""R_L"": 1476.203589, ""R_leak"": 10068935.381345, ""I1"": 0.005}","{""R_s"": 500, ""R_p"": 1000, ""R_L"": 1500, ""R_leak"": 10000000.0}","{""a"": 93.533, ""b"": 0.6923928, ""c"": 0.6922913}","{""R_s"": 0.005, ""R_p"": 0.004999931, ""R_L"": 6.875517e-08, ""R_leak"": 6.875517e-08}",True
current_source_t_network,current_source_t_network__multi_fault_15,multi_fault,R_L:partial_short;R_s:partial_open,"{""R_s"": 18057.372302, ""R_p"": 1017.424249, ""R_L"": 156.654143, ""R_leak"": 10162589.929433, ""I1"": 0.005}","{""R_s"": 500, ""R_p"": 1000, ""R_L"": 1500, ""R_leak"": 10000000.0}","{""a"": 95.37347, ""b"": 5.086612, ""c"": 5.086534}","{""R_s"": 0.005, ""R_p"": 0.004999499, ""R_L"": 5.005155e-07, ""R_leak"": 5.005155e-07}",True
current_source_t_network,current_source_t_network__multi_fault_16,multi_fault,R_p:partial_open;R_s:partial_short,"{""R_s"": 73.78675, ""R_p"": 47404.798713, ""R_L"": 1470.78333, ""R_leak"": 9954675.003975, ""I1"": 0.005}","{""R_s"": 500, ""R_p"": 1000, ""R_L"": 1500, ""R_leak"": 10000000.0}","{""a"": 236.2697, ""b"": 235.9008, ""c"": 235.8659}","{""R_s"": 0.005, ""R_p"": 0.004976306, ""R_L"": 2.369399e-05, ""R_leak"": 2.369399e-05}",True
current_source_t_network,current_source_t_network__multi_fault_17,multi_fault,R_s:partial_short;R_p:partial_open,"{""R_s"": 35.391813, ""R_p"": 5277.64135, ""R_L"": 1497.438884, ""R_leak"": 10051290.944922, ""I1"": 0.005}","{""R_s"": 500, ""R_p"": 1000, ""R_L"": 1500, ""R_leak"": 10000000.0}","{""a"": 26.55132, ""b"": 26.37436, ""c"": 26.37043}","{""R_s"": 0.005, ""R_p"": 0.004997376, ""R_L"": 2.623587e-06, ""R_leak"": 2.623587e-06}",True
current_source_t_network,current_source_t_network__multi_fault_18,multi_fault,R_leak:partial_short;R_p:partial_open,"{""R_s"": 497.784377, ""R_p"": 18455.420432, ""R_L"": 1478.808546, ""R_leak"": 1008094.546978, ""I1"": 0.005}","{""R_s"": 500, ""R_p"": 1000, ""R_L"": 1500, ""R_leak"": 10000000.0}","{""a"": 93.10944, ""b"": 90.62052, ""c"": 90.48778}","{""R_s"": 0.005, ""R_p"": 0.004910239, ""R_L"": 8.976121e-05, ""R_leak"": 8.976121e-05}",True
current_source_t_network,current_source_t_network__multi_fault_19,multi_fault,R_L:partial_short;R_p:partial_open,"{""R_s"": 495.28704, ""R_p"": 11577.243592, ""R_L"": 132.699389, ""R_leak"": 9868869.829475, ""I1"": 0.005}","{""R_s"": 500, ""R_p"": 1000, ""R_L"": 1500, ""R_leak"": 10000000.0}","{""a"": 60.29483, ""b"": 57.81839, ""c"": 57.81761}","{""R_s"": 0.005, ""R_p"": 0.004994141, ""R_L"": 5.858585e-06, ""R_leak"": 5.858585e-06}",True
current_source_t_network,current_source_t_network__multi_fault_20,multi_fault,R_p:partial_short;R_L:partial_open,"{""R_s"": 509.591511, ""R_p"": 14.685227, ""R_L"": 62655.51611, ""R_leak"": 10108495.815951, ""I1"": 0.005}","{""R_s"": 500, ""R_p"": 1000, ""R_L"": 1500, ""R_leak"": 10000000.0}","{""a"": 2.621384, ""b"": 0.07342603, ""c"": 0.07297372}","{""R_s"": 0.005, ""R_p"": 0.004999993, ""R_L"": 7.219048e-09, ""R_leak"": 7.219048e-09}",True
nilsson_ex3_1_series_parallel,nilsson_ex3_1_series_parallel__normal_1,normal,,"{""R1"": 3.999724, ""R2"": 17.81586, ""R3"": 3.010868, ""R4"": 5.93347}","{""R1"": 4, ""R2"": 18, ""R3"": 3, ""R4"": 6}","{""in"": 120.0, ""x"": 71.78394, ""z"": 47.61983}","{""R1"": 12.05485, ""R2"": 4.029216, ""R3"": 8.02563, ""R4"": 8.02563}",True
nilsson_ex3_1_series_parallel,nilsson_ex3_1_series_parallel__normal_2,normal,,"{""R1"": 3.968882, ""R2"": 17.827929, ""R3"": 3.026752, ""R4"": 6.03946}","{""R1"": 4, ""R2"": 18, ""R3"": 3, ""R4"": 6}","{""in"": 120.0, ""x"": 72.27227, ""z"": 48.14419}","{""R1"": 12.02549, ""R2"": 4.053879, ""R3"": 7.971606, ""R4"": 7.971606}",True
nilsson_ex3_1_series_parallel,nilsson_ex3_1_series_parallel__normal_3,normal,,"{""R1"": 4.051236, ""R2"": 18.185796, ""R3"": 3.049444, ""R4"": 5.91007}","{""R1"": 4, ""R2"": 18, ""R3"": 3, ""R4"": 6}","{""in"": 120.0, ""x"": 71.64433, ""z"": 47.2596}","{""R1"": 11.93603, ""R2"": 3.939576, ""R3"": 7.996453, ""R4"": 7.996453}",True
nilsson_ex3_1_series_parallel,nilsson_ex3_1_series_parallel__normal_4,normal,,"{""R1"": 3.979655, ""R2"": 17.838647, ""R3"": 3.045809, ""R4"": 6.11549}","{""R1"": 4, ""R2"": 18, ""R3"": 3, ""R4"": 6}","{""in"": 120.0, ""x"": 72.39861, ""z"": 48.32863}","{""R1"": 11.96118, ""R2"": 4.058526, ""R3"": 7.902658, ""R4"": 7.902658}",True
nilsson_ex3_1_series_parallel,nilsson_ex3_1_series_parallel__normal_5,normal,,"{""R1"": 3.955302, ""R2"": 18.01674, ""R3"": 2.948754, ""R4"": 6.004935}","{""R1"": 4, ""R2"": 18, ""R3"": 3, ""R4"": 6}","{""in"": 120.0, ""x"": 72.2332, ""z"": 48.44435}","{""R1"": 12.07665, ""R2"": 4.009227, ""R3"": 8.067423, ""R4"": 8.067423}",True
nilsson_ex3_1_series_parallel,nilsson_ex3_1_series_parallel__normal_6,normal,,"{""R1"": 3.962881, ""R2"": 18.345335, ""R3"": 3.01878, ""R4"": 5.912023}","{""R1"": 4, ""R2"": 18, ""R3"": 3, ""R4"": 6}","{""in"": 120.0, ""x"": 72.30015, ""z"": 47.86134}","{""R1"": 12.03666, ""R2"": 3.941065, ""R3"": 8.095594, ""R4"": 8.095594}",True
nilsson_ex3_1_series_parallel,nilsson_ex3_1_series_parallel__normal_7,normal,,"{""R1"": 4.058561, ""R2"": 17.805277, ""R3"": 3.020261, ""R4"": 6.040359}","{""R1"": 4, ""R2"": 18, ""R3"": 3, ""R4"": 6}","{""in"": 120.0, ""x"": 71.60436, ""z"": 47.73581}","{""R1"": 11.92433, ""R2"": 4.021525, ""R3"": 7.90281, ""R4"": 7.90281}",True
nilsson_ex3_1_series_parallel,nilsson_ex3_1_series_parallel__normal_8,normal,,"{""R1"": 4.059147, ""R2"": 17.991091, ""R3"": 3.010125, ""R4"": 5.9469}","{""R1"": 4, ""R2"": 18, ""R3"": 3, ""R4"": 6}","{""in"": 120.0, ""x"": 71.47962, ""z"": 47.45796}","{""R1"": 11.95334, ""R2"": 3.973057, ""R3"": 7.980286, ""R4"": 7.980286}",True
nilsson_ex3_1_series_parallel,nilsson_ex3_1_series_parallel__normal_9,normal,,"{""R1"": 3.998753, ""R2"": 17.809797, ""R3"": 3.023728, ""R4"": 6.092478}","{""R1"": 4, ""R2"": 18, ""R3"": 3, ""R4"": 6}","{""in"": 120.0, ""x"": 72.15147, ""z"": 48.21976}","{""R1"": 11.96586, ""R2"": 4.051224, ""R3"": 7.914638, ""R4"": 7.914638}",True
nilsson_ex3_1_series_parallel,nilsson_ex3_1_series_parallel__normal_10,normal,,"{""R1"": 4.004795, ""R2"": 18.158541, ""R3"": 3.02395, ""R4"": 6.019668}","{""R1"": 4, ""R2"": 18, ""R3"": 3, ""R4"": 6}","{""in"": 120.0, ""x"": 72.14239, ""z"": 48.01986}","{""R1"": 11.95008, ""R2"": 3.972918, ""R3"": 7.97716, ""R4"": 7.97716}",True
nilsson_ex3_1_series_parallel,nilsson_ex3_1_series_parallel__normal_11,normal,,"{""R1"": 4.054995, ""R2"": 17.678397, ""R3"": 3.006733, ""R4"": 5.900362}","{""R1"": 4, ""R2"": 18, ""R3"": 3, ""R4"": 6}","{""in"": 120.0, ""x"": 71.23225, ""z"": 47.18666}","{""R1"": 12.02659, ""R2"": 4.029339, ""R3"": 7.997248, ""R4"": 7.997248}",True
nilsson_ex3_1_series_parallel,nilsson_ex3_1_series_parallel__normal_12,normal,,"{""R1"": 3.966343, ""R2"": 18.251998, ""R3"": 2.969785, ""R4"": 6.03472}","{""R1"": 4, ""R2"": 18, ""R3"": 3, ""R4"": 6}","{""in"": 120.0, ""x"": 72.38533, ""z"": 48.51185}","{""R1"": 12.00468, ""R2"": 3.965886, ""R3"": 8.038791, ""R4"": 8.038791}",True
nilsson_ex3_1_series_parallel,nilsson_ex3_1_series_parallel__normal_13,normal,,"{""R1"": 4.022543, ""R2"": 18.251636, ""R3"": 3.056332, ""R4"": 5.971419}","{""R1"": 4, ""R2"": 18, ""R3"": 3, ""R4"": 6}","{""in"": 120.0, ""x"": 72.03016, ""z"": 47.64445}","{""R1"": 11.92525, ""R2"": 3.946504, ""R3"": 7.978749, ""R4"": 7.978749}",True
nilsson_ex3_1_series_parallel,nilsson_ex3_1_series_parallel__normal_14,normal,,"{""R1"": 3.971611, ""R2"": 17.792621, ""R3"": 3.028491, ""R4"": 6.06157}","{""R1"": 4, ""R2"": 18, ""R3"": 3, ""R4"": 6}","{""in"": 120.0, ""x"": 72.28329, ""z"": 48.20102}","{""R1"": 12.01445, ""R2"": 4.062543, ""R3"": 7.951904, ""R4"": 7.951904}",True
nilsson_ex3_1_series_parallel,nilsson_ex3_1_series_parallel__normal_15,normal,,"{""R1"": 4.017818, ""R2"": 17.966271, ""R3"": 3.01992, ""R4"": 5.992951}","{""R1"": 4, ""R2"": 18, ""R3"": 3, ""R4"": 6}","{""in"": 120.0, ""x"": 71.88134, ""z"": 47.79624}","{""R1"": 11.97632, ""R2"": 4.000905, ""R3"": 7.97541, ""R4"": 7.97541}",True
nilsson_ex3_1_series_parallel,nilsson_ex3_1_series_parallel__normal_16,normal,,"{""R1"": 3.995636, ""R2"": 18.27665, ""R3"": 2.948191, ""R4"": 6.019143}","{""R1"": 4, ""R2"": 18, ""R3"": 3, ""R4"": 6}","{""in"": 120.0, ""x"": 72.10687, ""z"": 48.40029}","{""R1"": 11.98636, ""R2"": 3.9453, ""R3"": 8.04106, ""R4"": 8.04106}",True
nilsson_ex3_1_series_parallel,nilsson_ex3_1_series_parallel__normal_17,normal,,"{""R1"": 3.949722, ""R2"": 17.821434, ""R3"": 2.960716, ""R4"": 6.027887}","{""R1"": 4, ""R2"": 18, ""R3"": 3, ""R4"": 6}","{""in"": 120.0, ""x"": 72.24381, ""z"": 48.44774}","{""R1"": 12.09103, ""R2"": 4.053759, ""R3"": 8.037267, ""R4"": 8.037267}",True
nilsson_ex3_1_series_parallel,nilsson_ex3_1_series_parallel__normal_18,normal,,"{""R1"": 3.98116, ""R2"": 18.003268, ""R3"": 2.954838, ""R4"": 5.998588}","{""R1"": 4, ""R2"": 18, ""R3"": 3, ""R4"": 6}","{""in"": 120.0, ""x"": 72.038, ""z"": 48.26379}","{""R1"": 12.04724, ""R2"": 4.001385, ""R3"": 8.045858, ""R4"": 8.045858}",True
nilsson_ex3_1_series_parallel,nilsson_ex3_1_series_parallel__normal_19,normal,,"{""R1"": 4.054035, ""R2"": 18.174462, ""R3"": 2.952893, ""R4"": 6.014358}","{""R1"": 4, ""R2"": 18, ""R3"": 3, ""R4"": 6}","{""in"": 120.0, ""x"": 71.63514, ""z"": 48.04587}","{""R1"": 11.93006, ""R2"": 3.941527, ""R3"": 7.988528, ""R4"": 7.988528}",True
nilsson_ex3_1_series_parallel,nilsson_ex3_1_series_parallel__normal_20,normal,,"{""R1"": 4.066932, ""R2"": 17.830482, ""R3"": 2.995869, ""R4"": 6.085795}","{""R1"": 4, ""R2"": 18, ""R3"": 3, ""R4"": 6}","{""in"": 120.0, ""x"": 71.60303, ""z"": 47.98255}","{""R1"": 11.90012, ""R2"": 4.015765, ""R3"": 7.884352, ""R4"": 7.884352}",True
nilsson_ex3_1_series_parallel,nilsson_ex3_1_series_parallel__partial_short_1,partial_short,R1,"{""R1"": 0.173168, ""R2"": 18.308933, ""R3"": 3.004636, ""R4"": 6.044783}","{""R1"": 4, ""R2"": 18, ""R3"": 3, ""R4"": 6}","{""in"": 120.0, ""x"": 116.6641, ""z"": 77.92868}","{""R1"": 19.26387, ""R2"": 6.371978, ""R3"": 12.89189, ""R4"": 12.89189}",True
nilsson_ex3_1_series_parallel,nilsson_ex3_1_series_parallel__partial_short_2,partial_short,R4,"{""R1"": 4.048198, ""R2"": 17.796266, ""R3"": 3.006218, ""R4"": 0.431063}","{""R1"": 4, ""R2"": 18, ""R3"": 3, ""R4"": 6}","{""in"": 120.0, ""x"": 49.89175, ""z"": 6.256832}","{""R1"": 17.31838, ""R2"": 2.803495, ""R3"": 14.51489, ""R4"": 14.51489}",True
nilsson_ex3_1_series_parallel,nilsson_ex3_1_series_parallel__partial_short_3,partial_short,R4,"{""R1"": 4.033464, ""R2"": 18.196642, ""R3"": 3.047862, ""R4"": 0.698232}","{""R1"": 4, ""R2"": 18, ""R3"": 3, ""R4"": 6}","{""in"": 120.0, ""x"": 52.21088, ""z"": 9.731551}","{""R1"": 16.80668, ""R2"": 2.869259, ""R3"": 13.93742, ""R4"": 13.93742}",True
nilsson_ex3_1_series_parallel,nilsson_ex3_1_series_parallel__partial_short_4,partial_short,R4,"{""R1"": 4.046075, ""R2"": 17.660023, ""R3"": 2.955777, ""R4"": 0.39963}","{""R1"": 4, ""R2"": 18, ""R3"": 3, ""R4"": 6}","{""in"": 120.0, ""x"": 49.2824, ""z"": 5.869548}","{""R1"": 17.47808, ""R2"": 2.790619, ""R3"": 14.68746, ""R4"": 14.68746}",True
nilsson_ex3_1_series_parallel,nilsson_ex3_1_series_parallel__partial_short_5,partial_short,R3,"{""R1"": 3.93739, ""R2"": 18.14762, ""R3"": 0.347255, ""R4"": 5.95352}","{""R1"": 4, ""R2"": 18, ""R3"": 3, ""R4"": 6}","{""in"": 120.0, ""x"": 65.15117, ""z"": 61.56049}","{""R1"": 13.93025, ""R2"": 3.590067, ""R3"": 10.34018, ""R4"": 10.34018}",True
nilsson_ex3_1_series_parallel,nilsson_ex3_1_series_parallel__partial_short_6,partial_short,R4,"{""R1"": 4.069677, ""R2"": 18.086716, ""R3"": 2.946436, ""R4"": 0.541109}","{""R1"": 4, ""R2"": 18, ""R3"": 3, ""R4"": 6}","{""in"": 120.0, ""x"": 50.16876, ""z"": 7.78392}","{""R1"": 17.15891, ""R2"": 2.773791, ""R3"": 14.38512, ""R4"": 14.38512}",True
nilsson_ex3_1_series_parallel,nilsson_ex3_1_series_parallel__partial_short_7,partial_short,R4,"{""R1"": 3.987049, ""R2"": 18.211447, ""R3"": 3.022967, ""R4"": 0.7928}","{""R1"": 4, ""R2"": 18, ""R3"": 3, ""R4"": 6}","{""in"": 120.0, ""x"": 53.00777, ""z"": 11.0134}","{""R1"": 16.80246, ""R2"": 2.910684, ""R3"": 13.89177, ""R4"": 13.89177}",True
nilsson_ex3_1_series_parallel,nilsson_ex3_1_series_parallel__partial_short_8,partial_short,R3,"{""R1"": 3.925325, ""R2"": 18.053544, ""R3"": 0.144825, ""R4"": 6.10076}","{""R1"": 4, ""R2"": 18, ""R3"": 3, ""R4"": 6}","{""in"": 120.0, ""x"": 65.00814, ""z"": 63.5007}","{""R1"": 14.00951, ""R2"": 3.600852, ""R3"": 10.40865, ""R4"": 10.40865}",True
nilsson_ex3_1_series_parallel,nilsson_ex3_1_series_parallel__partial_short_9,partial_short,R4,"{""R1"": 4.058298, ""R2"": 17.977526, ""R3"": 2.988419, ""R4"": 0.098971}","{""R1"": 4, ""R2"": 18, ""R3"": 3, ""R4"": 6}","{""in"": 120.0, ""x"": 47.24004, ""z"": 1.514351}","{""R1"": 17.92869, ""R2"": 2.627727, ""R3"": 15.30096, ""R4"": 15.30096}",True
nilsson_ex3_1_series_parallel,nilsson_ex3_1_series_parallel__partial_short_10,partial_short,R3,"{""R1"": 4.004872, ""R2"": 18.054445, ""R3"": 0.084373, ""R4"": 5.901547}","{""R1"": 4, ""R2"": 18, ""R3"": 3, ""R4"": 6}","{""in"": 120.0, ""x"": 63.46283, ""z"": 62.5683}","{""R1"": 14.1171, ""R2"": 3.515081, ""R3"": 10.60202, ""R4"": 10.60202}",True
nilsson_ex3_1_series_parallel,nilsson_ex3_1_series_parallel__partial_short_11,partial_short,R4,"{""R1"": 4.063179, ""R2"": 17.73536, ""R3"": 3.031414, ""R4"": 0.272148}","{""R1"": 4, ""R2"": 18, ""R3"": 3, ""R4"": 6}","{""in"": 120.0, ""x"": 48.79955, ""z"": 4.020115}","{""R1"": 17.52334, ""R2"": 2.75154, ""R3"": 14.7718, ""R4"": 14.7718}",True
nilsson_ex3_1_series_parallel,nilsson_ex3_1_series_parallel__partial_short_12,partial_short,R2,"{""R1"": 3.934518, ""R2"": 2.258795, ""R3"": 3.017892, ""R4"": 5.929699}","{""R1"": 4, ""R2"": 18, ""R3"": 3, ""R4"": 6}","{""in"": 120.0, ""x"": 37.71693, ""z"": 24.99556}","{""R1"": 20.91313, ""R2"": 16.69781, ""R3"": 4.215317, ""R4"": 4.215317}",True
nilsson_ex3_1_series_parallel,nilsson_ex3_1_series_parallel__partial_short_13,partial_short,R1,"{""R1"": 0.176931, ""R2"": 18.151317, ""R3"": 3.012587, ""R4"": 5.951608}","{""R1"": 4, ""R2"": 18, ""R3"": 3, ""R4"": 6}","{""in"": 120.0, ""x"": 116.5631, ""z"": 77.38989}","{""R1"": 19.42493, ""R2"": 6.421745, ""R3"": 13.00319, ""R4"": 13.00319}",True
nilsson_ex3_1_series_parallel,nilsson_ex3_1_series_parallel__partial_short_14,partial_short,R1,"{""R1"": 0.513903, ""R2"": 17.679551, ""R3"": 2.962854, ""R4"": 6.055781}","{""R1"": 4, ""R2"": 18, ""R3"": 3, ""R4"": 6}","{""in"": 120.0, ""x"": 110.4922, ""z"": 74.19263}","{""R1"": 18.50125, ""R2"": 6.249715, ""R3"": 12.25154, ""R4"": 12.25154}",True
nilsson_ex3_1_series_parallel,nilsson_ex3_1_series_parallel__partial_short_15,partial_short,R3,"{""R1"": 3.951498, ""R2"": 17.995046, ""R3"": 0.300051, ""R4"": 6.101118}","{""R1"": 4, ""R2"": 18, ""R3"": 3, ""R4"": 6}","{""in"": 120.0, ""x"": 65.32756, ""z"": 62.26537}","{""R1"": 13.83588, ""R2"": 3.630308, ""R3"": 10.20557, ""R4"": 10.20557}",True
nilsson_ex3_1_series_parallel,nilsson_ex3_1_series_parallel__partial_short_16,partial_short,R1,"{""R1"": 0.51024, ""R2"": 17.828827, ""R3"": 3.003034, ""R4"": 6.117204}","{""R1"": 4, ""R2"": 18, ""R3"": 3, ""R4"": 6}","{""in"": 120.0, ""x"": 110.6435, ""z"": 74.21173}","{""R1"": 18.33752, ""R2"": 6.205875, ""R3"": 12.13164, ""R4"": 12.13164}",True
nilsson_ex3_1_series_parallel,nilsson_ex3_1_series_parallel__partial_short_17,partial_short,R1,"{""R1"": 0.172918, ""R2"": 17.99028, ""R3"": 3.014845, ""R4"": 6.014421}","{""R1"": 4, ""R2"": 18, ""R3"": 3, ""R4"": 6}","{""in"": 120.0, ""x"": 116.645, ""z"": 77.69757}","{""R1"": 19.40232, ""R2"": 6.483778, ""R3"": 12.91855, ""R4"": 12.91855}",True
nilsson_ex3_1_series_parallel,nilsson_ex3_1_series_parallel__partial_short_18,partial_short,R2,"{""R1"": 3.955605, ""R2"": 2.391092, ""R3"": 2.954674, ""R4"": 6.074569}","{""R1"": 4, ""R2"": 18, ""R3"": 3, ""R4"": 6}","{""in"": 120.0, ""x"": 38.80485, ""z"": 26.10659}","{""R1"": 20.52661, ""R2"": 16.22892, ""R3"": 4.297686, ""R4"": 4.297686}",True
nilsson_ex3_1_series_parallel,nilsson_ex3_1_series_parallel__partial_short_19,partial_short,R3,"{""R1"": 4.053733, ""R2"": 18.077466, ""R3"": 0.357296, ""R4"": 5.983832}","{""R1"": 4, ""R2"": 18, ""R3"": 3, ""R4"": 6}","{""in"": 120.0, ""x"": 64.39431, ""z"": 60.76596}","{""R1"": 13.71716, ""R2"": 3.562132, ""R3"": 10.15502, ""R4"": 10.15502}",True
nilsson_ex3_1_series_parallel,nilsson_ex3_1_series_parallel__partial_short_20,partial_short,R1,"{""R1"": 0.105199, ""R2"": 18.020483, ""R3"": 3.00296, ""R4"": 6.115009}","{""R1"": 4, ""R2"": 18, ""R3"": 3, ""R4"": 6}","{""in"": 120.0, ""x"": 117.9506, ""z"": 79.10411}","{""R1"": 19.48142, ""R2"": 6.545361, ""R3"": 12.93606, ""R4"": 12.93606}",True
nilsson_ex3_1_series_parallel,nilsson_ex3_1_series_parallel__partial_open_1,partial_open,R4,"{""R1"": 4.052541, ""R2"": 18.259079, ""R3"": 2.945734, ""R4"": 202.010705}","{""R1"": 4, ""R2"": 18, ""R3"": 3, ""R4"": 6}","{""in"": 120.0, ""x"": 96.6402, ""z"": 95.25124}","{""R1"": 5.764236, ""R2"": 5.29272, ""R3"": 0.4715158, ""R4"": 0.4715158}",True
nilsson_ex3_1_series_parallel,nilsson_ex3_1_series_parallel__partial_open_2,partial_open,R4,"{""R1"": 4.068465, ""R2"": 18.27538, ""R3"": 3.016139, ""R4"": 284.8618}","{""R1"": 4, ""R2"": 18, ""R3"": 3, ""R4"": 6}","{""in"": 120.0, ""x"": 97.0283, ""z"": 96.01172}","{""R1"": 5.646282, ""R2"": 5.309236, ""R3"": 0.3370467, ""R4"": 0.3370467}",True
nilsson_ex3_1_series_parallel,nilsson_ex3_1_series_parallel__partial_open_3,partial_open,R4,"{""R1"": 4.031055, ""R2"": 18.321846, ""R3"": 3.037483, ""R4"": 50.174417}","{""R1"": 4, ""R2"": 18, ""R3"": 3, ""R4"": 6}","{""in"": 120.0, ""x"": 92.60915, ""z"": 87.32276}","{""R1"": 6.794959, ""R2"": 5.054575, ""R3"": 1.740384, ""R4"": 1.740384}",True
nilsson_ex3_1_series_parallel,nilsson_ex3_1_series_parallel__partial_open_4,partial_open,R2,"{""R1"": 4.030311, ""R2"": 368.539341, ""R3"": 2.99514, ""R4"": 6.069208}","{""R1"": 4, ""R2"": 18, ""R3"": 3, ""R4"": 6}","{""in"": 120.0, ""x"": 82.44197, ""z"": 55.2006}","{""R1"": 9.31889, ""R2"": 0.2236993, ""R3"": 9.095191, ""R4"": 9.095191}",True
nilsson_ex3_1_series_parallel,nilsson_ex3_1_series_parallel__partial_open_5,partial_open,R2,"{""R1"": 3.973282, ""R2"": 359.407699, ""R3"": 3.02949, ""R4"": 6.038261}","{""R1"": 4, ""R2"": 18, ""R3"": 3, ""R4"": 6}","{""in"": 120.0, ""x"": 82.80246, ""z"": 55.13857}","{""R1"": 9.361918, ""R2"": 0.2303859, ""R3"": 9.131532, ""R4"": 9.131532}",True
nilsson_ex3_1_series_parallel,nilsson_ex3_1_series_parallel__partial_open_6,partial_open,R3,"{""R1"": 4.031291, ""R2"": 17.76741, ""R3"": 68.738233, ""R4"": 5.928676}","{""R1"": 4, ""R2"": 18, ""R3"": 3, ""R4"": 6}","{""in"": 120.0, ""x"": 93.68539, ""z"": 7.438775}","{""R1"": 6.527589, ""R2"": 5.272878, ""R3"": 1.254711, ""R4"": 1.254711}",True
nilsson_ex3_1_series_parallel,nilsson_ex3_1_series_parallel__partial_open_7,partial_open,R3,"{""R1"": 4.077084, ""R2"": 18.359756, ""R3"": 120.784166, ""R4"": 5.951905}","{""R1"": 4, ""R2"": 18, ""R3"": 3, ""R4"": 6}","{""in"": 120.0, ""x"": 95.67576, ""z"": 4.49322}","{""R1"": 5.966088, ""R2"": 5.211167, ""R3"": 0.7549213, ""R4"": 0.7549213}",True
nilsson_ex3_1_series_parallel,nilsson_ex3_1_series_parallel__partial_open_8,partial_open,R4,"{""R1"": 3.99608, ""R2"": 18.250661, ""R3"": 2.986136, ""R4"": 251.288406}","{""R1"": 4, ""R2"": 18, ""R3"": 3, ""R4"": 6}","{""in"": 120.0, ""x"": 97.19189, ""z"": 96.05049}","{""R1"": 5.707622, ""R2"": 5.32539, ""R3"": 0.3822321, ""R4"": 0.3822321}",True
nilsson_ex3_1_series_parallel,nilsson_ex3_1_series_parallel__partial_open_9,partial_open,R4,"{""R1"": 3.969987, ""R2"": 17.889523, ""R3"": 2.995915, ""R4"": 129.795438}","{""R1"": 4, ""R2"": 18, ""R3"": 3, ""R4"": 6}","{""in"": 120.0, ""x"": 95.86094, ""z"": 93.69821}","{""R1"": 6.080388, ""R2"": 5.358496, ""R3"": 0.7218914, ""R4"": 0.7218914}",True
nilsson_ex3_1_series_parallel,nilsson_ex3_1_series_parallel__partial_open_10,partial_open,R3,"{""R1"": 4.002188, ""R2"": 17.916293, ""R3"": 25.724847, ""R4"": 5.93201}","{""R1"": 4, ""R2"": 18, ""R3"": 3, ""R4"": 6}","{""in"": 120.0, ""x"": 88.90162, ""z"": 16.6588}","{""R1"": 7.770344, ""R2"": 4.962054, ""R3"": 2.80829, ""R4"": 2.80829}",True
nilsson_ex3_1_series_parallel,nilsson_ex3_1_series_parallel__partial_open_11,partial_open,R1,"{""R1"": 32.388339, ""R2"": 17.763567, ""R3"": 3.005725, ""R4"": 6.036622}","{""R1"": 4, ""R2"": 18, ""R3"": 3, ""R4"": 6}","{""in"": 120.0, ""x"": 18.73492, ""z"": 12.50733}","{""R1"": 3.126591, ""R2"": 1.054682, ""R3"": 2.071909, ""R4"": 2.071909}",True
nilsson_ex3_1_series_parallel,nilsson_ex3_1_series_parallel__partial_open_12,partial_open,R3,"{""R1"": 4.010746, ""R2"": 18.125056, ""R3"": 81.536685, ""R4"": 5.906816}","{""R1"": 4, ""R2"": 18, ""R3"": 3, ""R4"": 6}","{""in"": 120.0, ""x"": 94.70081, ""z"": 6.397048}","{""R1"": 6.307851, ""R2"": 5.224856, ""R3"": 1.082994, ""R4"": 1.082994}",True
nilsson_ex3_1_series_parallel,nilsson_ex3_1_series_parallel__partial_open_13,partial_open,R1,"{""R1"": 172.583767, ""R2"": 18.255585, ""R3"": 2.993186, ""R4"": 5.892255}","{""R1"": 4, ""R2"": 18, ""R3"": 3, ""R4"": 6}","{""in"": 120.0, ""x"": 4.016473, ""z"": 2.663467}","{""R1"": 0.6720419, ""R2"": 0.2200134, ""R3"": 0.4520285, ""R4"": 0.4520285}",True
nilsson_ex3_1_series_parallel,nilsson_ex3_1_series_parallel__partial_open_14,partial_open,R3,"{""R1"": 3.928876, ""R2"": 17.972437, ""R3"": 77.902356, ""R4"": 5.897147}","{""R1"": 4, ""R2"": 18, ""R3"": 3, ""R4"": 6}","{""in"": 120.0, ""x"": 94.82494, ""z"": 6.67303}","{""R1"": 6.407701, ""R2"": 5.276131, ""R3"": 1.131569, ""R4"": 1.131569}",True
nilsson_ex3_1_series_parallel,nilsson_ex3_1_series_parallel__partial_open_15,partial_open,R2,"{""R1"": 3.938189, ""R2"": 604.450544, ""R3"": 3.044696, ""R4"": 5.888612}","{""R1"": 4, ""R2"": 18, ""R3"": 3, ""R4"": 6}","{""in"": 120.0, ""x"": 82.90965, ""z"": 54.65196}","{""R1"": 9.418123, ""R2"": 0.1371653, ""R3"": 9.280958, ""R4"": 9.280958}",True
nilsson_ex3_1_series_parallel,nilsson_ex3_1_series_parallel__partial_open_16,partial_open,R3,"{""R1"": 4.047191, ""R2"": 17.999744, ""R3"": 133.819125, ""R4"": 6.099096}","{""R1"": 4, ""R2"": 18, ""R3"": 3, ""R4"": 6}","{""in"": 120.0, ""x"": 95.71114, ""z"": 4.17209}","{""R1"": 6.001412, ""R2"": 5.317361, ""R3"": 0.6840506, ""R4"": 0.6840506}",True
nilsson_ex3_1_series_parallel,nilsson_ex3_1_series_parallel__partial_open_17,partial_open,R1,"{""R1"": 161.534669, ""R2"": 18.098204, ""R3"": 3.013957, ""R4"": 6.114223}","{""R1"": 4, ""R2"": 18, ""R3"": 3, ""R4"": 6}","{""in"": 120.0, ""x"": 4.344408, ""z"": 2.909964}","{""R1"": 0.71598, ""R2"": 0.2400464, ""R3"": 0.4759336, ""R4"": 0.4759336}",True
nilsson_ex3_1_series_parallel,nilsson_ex3_1_series_parallel__partial_open_18,partial_open,R3,"{""R1"": 3.986031, ""R2"": 17.826602, ""R3"": 133.036081, ""R4"": 6.110955}","{""R1"": 4, ""R2"": 18, ""R3"": 3, ""R4"": 6}","{""in"": 120.0, ""x"": 95.82779, ""z"": 4.208493}","{""R1"": 6.06423, ""R2"": 5.37555, ""R3"": 0.6886801, ""R4"": 0.6886801}",True
nilsson_ex3_1_series_parallel,nilsson_ex3_1_series_parallel__partial_open_19,partial_open,R2,"{""R1"": 3.997954, ""R2"": 772.705252, ""R3"": 3.011304, ""R4"": 5.893432}","{""R1"": 4, ""R2"": 18, ""R3"": 3, ""R4"": 6}","{""in"": 120.0, ""x"": 82.52281, ""z"": 54.61617}","{""R1"": 9.374092, ""R2"": 0.1067973, ""R3"": 9.267295, ""R4"": 9.267295}",True
nilsson_ex3_1_series_parallel,nilsson_ex3_1_series_parallel__partial_open_20,partial_open,R3,"{""R1"": 4.068124, ""R2"": 17.876375, ""R3"": 56.645689, ""R4"": 6.031314}","{""R1"": 4, ""R2"": 18, ""R3"": 3, ""R4"": 6}","{""in"": 120.0, ""x"": 92.84505, ""z"": 8.93434}","{""R1"": 6.675055, ""R2"": 5.193729, ""R3"": 1.481326, ""R4"": 1.481326}",True
nilsson_ex3_1_series_parallel,nilsson_ex3_1_series_parallel__wrong_component_type_1,wrong_component_type,R2,"{""R1"": 4.079748, ""R2"": 3.99e-06, ""R3"": 3.042253, ""R4"": 6.053651}","{""R1"": 4, ""R2"": 18, ""R3"": 3, ""R4"": 6}","{""in"": 120.0, ""x"": 82.84284, ""z"": 55.13489}","{""R1"": 9.107709, ""R3"": 9.107709, ""R4"": 9.107709}",True
nilsson_ex3_1_series_parallel,nilsson_ex3_1_series_parallel__wrong_component_type_2,wrong_component_type,R2,"{""R1"": 4.031899, ""R2"": 1.16e-06, ""R3"": 3.016018, ""R4"": 5.893265}","{""R1"": 4, ""R2"": 18, ""R3"": 3, ""R4"": 6}","{""in"": 120.0, ""x"": 82.61332, ""z"": 54.64662}","{""R1"": 9.272723, ""R3"": 9.272723, ""R4"": 9.272723}",True
nilsson_ex3_1_series_parallel,nilsson_ex3_1_series_parallel__wrong_component_type_3,wrong_component_type,R3,"{""R1"": 3.971385, ""R2"": 17.910438, ""R3"": 5.99e-06, ""R4"": 5.988917}","{""R1"": 4, ""R2"": 18, ""R3"": 3, ""R4"": 6}","{""in"": 120.0, ""x"": 98.22091, ""z"": 0.0}","{""R1"": 5.484004, ""R2"": 5.484004, ""R4"": 0.0}",True
nilsson_ex3_1_series_parallel,nilsson_ex3_1_series_parallel__wrong_component_type_4,wrong_component_type,R4,"{""R1"": 4.009206, ""R2"": 18.08109, ""R3"": 3.005031, ""R4"": 9.72e-06}","{""R1"": 4, ""R2"": 18, ""R3"": 3, ""R4"": 6}","{""in"": 120.0, ""x"": 98.22099, ""z"": 98.22099}","{""R1"": 5.43225, ""R2"": 5.43225, ""R3"": 0.0}",True
nilsson_ex3_1_series_parallel,nilsson_ex3_1_series_parallel__wrong_component_type_5,wrong_component_type,R3,"{""R1"": 3.935009, ""R2"": 17.774028, ""R3"": 7.56e-06, ""R4"": 6.012815}","{""R1"": 4, ""R2"": 18, ""R3"": 3, ""R4"": 6}","{""in"": 120.0, ""x"": 98.24864, ""z"": 0.0}","{""R1"": 5.527652, ""R2"": 5.527652, ""R4"": 0.0}",True
nilsson_ex3_1_series_parallel,nilsson_ex3_1_series_parallel__wrong_component_type_6,wrong_component_type,R3,"{""R1"": 3.945816, ""R2"": 17.64401, ""R3"": 8.76e-06, ""R4"": 6.033695}","{""R1"": 4, ""R2"": 18, ""R3"": 3, ""R4"": 6}","{""in"": 120.0, ""x"": 98.06847, ""z"": 0.0}","{""R1"": 5.558174, ""R2"": 5.558174, ""R4"": 0.0}",True
nilsson_ex3_1_series_parallel,nilsson_ex3_1_series_parallel__wrong_component_type_7,wrong_component_type,R1,"{""R1"": 8.26e-06, ""R2"": 18.222171, ""R3"": 3.051416, ""R4"": 5.921253}","{""R1"": 4, ""R2"": 18, ""R3"": 3, ""R4"": 6}","{""in"": 120.0, ""x"": 0.0, ""z"": 0.0}","{""R2"": 0.0, ""R3"": 0.0, ""R4"": 0.0}",True
nilsson_ex3_1_series_parallel,nilsson_ex3_1_series_parallel__wrong_component_type_8,wrong_component_type,R2,"{""R1"": 3.981718, ""R2"": 5.11e-06, ""R3"": 2.946143, ""R4"": 6.04379}","{""R1"": 4, ""R2"": 18, ""R3"": 3, ""R4"": 6}","{""in"": 120.0, ""x"": 83.16535, ""z"": 55.91075}","{""R1"": 9.250943, ""R3"": 9.250943, ""R4"": 9.250943}",True
nilsson_ex3_1_series_parallel,nilsson_ex3_1_series_parallel__wrong_component_type_9,wrong_component_type,R2,"{""R1"": 3.999454, ""R2"": 6.28e-06, ""R3"": 3.034891, ""R4"": 6.047306}","{""R1"": 4, ""R2"": 18, ""R3"": 3, ""R4"": 6}","{""in"": 120.0, ""x"": 83.31239, ""z"": 55.47287}","{""R1"": 9.173154, ""R3"": 9.173154, ""R4"": 9.173154}",True
nilsson_ex3_1_series_parallel,nilsson_ex3_1_series_parallel__wrong_component_type_10,wrong_component_type,R3,"{""R1"": 4.078774, ""R2"": 18.094638, ""R3"": 1.91e-06, ""R4"": 5.89072}","{""R1"": 4, ""R2"": 18, ""R3"": 3, ""R4"": 6}","{""in"": 120.0, ""x"": 97.92614, ""z"": 0.0}","{""R1"": 5.411887, ""R2"": 5.411887, ""R4"": 0.0}",True
nilsson_ex3_1_series_parallel,nilsson_ex3_1_series_parallel__wrong_component_type_11,wrong_component_type,R4,"{""R1"": 4.01285, ""R2"": 17.649275, ""R3"": 2.944504, ""R4"": 9e-06}","{""R1"": 4, ""R2"": 18, ""R3"": 3, ""R4"": 6}","{""in"": 120.0, ""x"": 97.77032, ""z"": 97.77032}","{""R1"": 5.539623, ""R2"": 5.539623, ""R3"": 0.0}",True
nilsson_ex3_1_series_parallel,nilsson_ex3_1_series_parallel__wrong_component_type_12,wrong_component_type,R2,"{""R1"": 4.008925, ""R2"": 6.25e-06, ""R3"": 2.994807, ""R4"": 6.018995}","{""R1"": 4, ""R2"": 18, ""R3"": 3, ""R4"": 6}","{""in"": 120.0, ""x"": 83.05912, ""z"": 55.46299}","{""R1"": 9.21466, ""R3"": 9.21466, ""R4"": 9.21466}",True
nilsson_ex3_1_series_parallel,nilsson_ex3_1_series_parallel__wrong_component_type_13,wrong_component_type,R1,"{""R1"": 7.13e-06, ""R2"": 17.940874, ""R3"": 2.965817, ""R4"": 6.084218}","{""R1"": 4, ""R2"": 18, ""R3"": 3, ""R4"": 6}","{""in"": 120.0, ""x"": 0.0, ""z"": 0.0}","{""R2"": 0.0, ""R3"": 0.0, ""R4"": 0.0}",True
nilsson_ex3_1_series_parallel,nilsson_ex3_1_series_parallel__wrong_component_type_14,wrong_component_type,R1,"{""R1"": 6.34e-06, ""R2"": 18.117963, ""R3"": 2.965323, ""R4"": 5.898756}","{""R1"": 4, ""R2"": 18, ""R3"": 3, ""R4"": 6}","{""in"": 120.0, ""x"": 0.0, ""z"": 0.0}","{""R2"": 0.0, ""R3"": 0.0, ""R4"": 0.0}",True
nilsson_ex3_1_series_parallel,nilsson_ex3_1_series_parallel__wrong_component_type_15,wrong_component_type,R2,"{""R1"": 4.012952, ""R2"": 9.28e-06, ""R3"": 3.006149, ""R4"": 5.944312}","{""R1"": 4, ""R2"": 18, ""R3"": 3, ""R4"": 6}","{""in"": 120.0, ""x"": 82.85282, ""z"": 55.02544}","{""R1"": 9.256821, ""R3"": 9.256821, ""R4"": 9.256821}",True
nilsson_ex3_1_series_parallel,nilsson_ex3_1_series_parallel__wrong_component_type_16,wrong_component_type,R3,"{""R1"": 4.058509, ""R2"": 18.349177, ""R3"": 5.93e-06, ""R4"": 5.883079}","{""R1"": 4, ""R2"": 18, ""R3"": 3, ""R4"": 6}","{""in"": 120.0, ""x"": 98.26545, ""z"": 0.0}","{""R1"": 5.355305, ""R2"": 5.355305, ""R4"": 0.0}",True
nilsson_ex3_1_series_parallel,nilsson_ex3_1_series_parallel__wrong_component_type_17,wrong_component_type,R1,"{""R1"": 7.39e-06, ""R2"": 17.834644, ""R3"": 3.04462, ""R4"": 5.908481}","{""R1"": 4, ""R2"": 18, ""R3"": 3, ""R4"": 6}","{""in"": 120.0, ""x"": 0.0, ""z"": 0.0}","{""R2"": 0.0, ""R3"": 0.0, ""R4"": 0.0}",True
nilsson_ex3_1_series_parallel,nilsson_ex3_1_series_parallel__wrong_component_type_18,wrong_component_type,R2,"{""R1"": 3.926439, ""R2"": 4.6e-06, ""R3"": 3.00688, ""R4"": 6.086971}","{""R1"": 4, ""R2"": 18, ""R3"": 3, ""R4"": 6}","{""in"": 120.0, ""x"": 83.81243, ""z"": 56.09987}","{""R1"": 9.216385, ""R3"": 9.216385, ""R4"": 9.216385}",True
nilsson_ex3_1_series_parallel,nilsson_ex3_1_series_parallel__wrong_component_type_19,wrong_component_type,R2,"{""R1"": 4.052757, ""R2"": 8.27e-06, ""R3"": 3.011447, ""R4"": 6.031747}","{""R1"": 4, ""R2"": 18, ""R3"": 3, ""R4"": 6}","{""in"": 120.0, ""x"": 82.86403, ""z"": 55.26973}","{""R1"": 9.163138, ""R3"": 9.163138, ""R4"": 9.163138}",True
nilsson_ex3_1_series_parallel,nilsson_ex3_1_series_parallel__wrong_component_type_20,wrong_component_type,R1,"{""R1"": 8.38e-06, ""R2"": 18.312261, ""R3"": 2.95815, ""R4"": 5.929704}","{""R1"": 4, ""R2"": 18, ""R3"": 3, ""R4"": 6}","{""in"": 120.0, ""x"": 0.0, ""z"": 0.0}","{""R2"": 0.0, ""R3"": 0.0, ""R4"": 0.0}",True
nilsson_ex3_1_series_parallel,nilsson_ex3_1_series_parallel__multi_fault_1,multi_fault,R3:partial_short;R1:partial_open,"{""R1"": 199.257625, ""R2"": 18.015614, ""R3"": 0.274739, ""R4"": 5.925999}","{""R1"": 4, ""R2"": 18, ""R3"": 3, ""R4"": 6}","{""in"": 120.0, ""x"": 2.715253, ""z"": 2.594947}","{""R1"": 0.5886086, ""R2"": 0.1507167, ""R3"": 0.4378919, ""R4"": 0.4378919}",True
nilsson_ex3_1_series_parallel,nilsson_ex3_1_series_parallel__multi_fault_2,multi_fault,R1:partial_open;R2:partial_short,"{""R1"": 127.39924, ""R2"": 1.526128, ""R3"": 3.026449, ""R4"": 6.105213}","{""R1"": 4, ""R2"": 18, ""R3"": 3, ""R4"": 6}","{""in"": 120.0, ""x"": 1.219139, ""z"": 0.8150875}","{""R1"": 0.9323514, ""R2"": 0.7988446, ""R3"": 0.1335068, ""R4"": 0.1335068}",True
nilsson_ex3_1_series_parallel,nilsson_ex3_1_series_parallel__multi_fault_3,multi_fault,R1:partial_short;R3:partial_open,"{""R1"": 0.381855, ""R2"": 17.798328, ""R3"": 39.267527, ""R4"": 6.085001}","{""R1"": 4, ""R2"": 18, ""R3"": 3, ""R4"": 6}","{""in"": 120.0, ""x"": 116.5191, ""z"": 15.6335}","{""R1"": 9.115817, ""R2"": 6.546631, ""R3"": 2.569186, ""R4"": 2.569186}",True
nilsson_ex3_1_series_parallel,nilsson_ex3_1_series_parallel__multi_fault_4,multi_fault,R1:partial_short;R2:partial_open,"{""R1"": 0.360029, ""R2"": 593.966932, ""R3"": 3.000522, ""R4"": 5.971294}","{""R1"": 4, ""R2"": 18, ""R3"": 3, ""R4"": 6}","{""in"": 120.0, ""x"": 115.3031, ""z"": 76.7413}","{""R1"": 13.04583, ""R2"": 0.1941238, ""R3"": 12.8517, ""R4"": 12.8517}",True
nilsson_ex3_1_series_parallel,nilsson_ex3_1_series_parallel__multi_fault_5,multi_fault,R3:partial_open;R4:partial_short,"{""R1"": 4.045728, ""R2"": 17.966679, ""R3"": 47.193788, ""R4"": 0.333116}","{""R1"": 4, ""R2"": 18, ""R3"": 3, ""R4"": 6}","{""in"": 120.0, ""x"": 91.58176, ""z"": 0.6418965}","{""R1"": 7.024258, ""R2"": 5.097312, ""R3"": 1.926946, ""R4"": 1.926946}",True
nilsson_ex3_1_series_parallel,nilsson_ex3_1_series_parallel__multi_fault_6,multi_fault,R3:partial_open;R4:partial_short,"{""R1"": 4.005738, ""R2"": 17.687631, ""R3"": 145.702619, ""R4"": 0.605702}","{""R1"": 4, ""R2"": 18, ""R3"": 3, ""R4"": 6}","{""in"": 120.0, ""x"": 95.70524, ""z"": 0.3962102}","{""R1"": 6.064991, ""R2"": 5.410857, ""R3"": 0.6541339, ""R4"": 0.6541339}",True
nilsson_ex3_1_series_parallel,nilsson_ex3_1_series_parallel__multi_fault_7,multi_fault,R1:partial_open;R2:partial_short,"{""R1"": 110.831795, ""R2"": 1.23641, ""R3"": 2.976389, ""R4"": 6.020068}","{""R1"": 4, ""R2"": 18, ""R3"": 3, ""R4"": 6}","{""in"": 120.0, ""x"": 1.165507, ""z"": 0.7799104}","{""R1"": 1.072206, ""R2"": 0.942654, ""R3"": 0.1295518, ""R4"": 0.1295518}",True
nilsson_ex3_1_series_parallel,nilsson_ex3_1_series_parallel__multi_fault_8,multi_fault,R1:partial_short;R4:partial_open,"{""R1"": 0.171572, ""R2"": 18.338875, ""R3"": 3.014015, ""R4"": 101.511003}","{""R1"": 4, ""R2"": 18, ""R3"": 3, ""R4"": 6}","{""in"": 120.0, ""x"": 118.6947, ""z"": 115.2721}","{""R1"": 7.607863, ""R2"": 6.4723, ""R3"": 1.135563, ""R4"": 1.135563}",True
nilsson_ex3_1_series_parallel,nilsson_ex3_1_series_parallel__multi_fault_9,multi_fault,R3:partial_short;R2:partial_open,"{""R1"": 4.063038, ""R2"": 309.56755, ""R3"": 0.151616, ""R4"": 6.087132}","{""R1"": 4, ""R2"": 18, ""R3"": 3, ""R4"": 6}","{""in"": 120.0, ""x"": 72.09877, ""z"": 70.3466}","{""R1"": 11.78951, ""R2"": 0.2329016, ""R3"": 11.55661, ""R4"": 11.55661}",True
nilsson_ex3_1_series_parallel,nilsson_ex3_1_series_parallel__multi_fault_10,multi_fault,R2:partial_open;R3:partial_short,"{""R1"": 3.948363, ""R2"": 270.806449, ""R3"": 0.239371, ""R4"": 6.017241}","{""R1"": 4, ""R2"": 18, ""R3"": 3, ""R4"": 6}","{""in"": 120.0, ""x"": 72.91949, ""z"": 70.12968}","{""R1"": 11.92406, ""R2"": 0.2692679, ""R3"": 11.65479, ""R4"": 11.65479}",True
nilsson_ex3_1_series_parallel,nilsson_ex3_1_series_parallel__multi_fault_11,multi_fault,R4:partial_short;R1:partial_open,"{""R1"": 157.102049, ""R2"": 17.911408, ""R3"": 3.051876, ""R4"": 0.134757}","{""R1"": 4, ""R2"": 18, ""R3"": 3, ""R4"": 6}","{""in"": 120.0, ""x"": 2.03144, ""z"": 0.08590597}","{""R1"": 0.750904, ""R2"": 0.113416, ""R3"": 0.637488, ""R4"": 0.637488}",True
nilsson_ex3_1_series_parallel,nilsson_ex3_1_series_parallel__multi_fault_12,multi_fault,R1:partial_open;R4:partial_short,"{""R1"": 67.206682, ""R2"": 17.704999, ""R3"": 2.947303, ""R4"": 0.709394}","{""R1"": 4, ""R2"": 18, ""R3"": 3, ""R4"": 6}","{""in"": 120.0, ""x"": 5.177997, ""z"": 1.004524}","{""R1"": 1.708491, ""R2"": 0.2924596, ""R3"": 1.416031, ""R4"": 1.416031}",True
nilsson_ex3_1_series_parallel,nilsson_ex3_1_series_parallel__multi_fault_13,multi_fault,R2:partial_short;R1:partial_open,"{""R1"": 150.090622, ""R2"": 0.710156, ""R3"": 3.027218, ""R4"": 5.957322}","{""R1"": 4, ""R2"": 18, ""R3"": 3, ""R4"": 6}","{""in"": 120.0, ""x"": 0.5238934, ""z"": 0.3473747}","{""R1"": 0.7960265, ""R2"": 0.7377159, ""R3"": 0.05831054, ""R4"": 0.05831054}",True
nilsson_ex3_1_series_parallel,nilsson_ex3_1_series_parallel__multi_fault_14,multi_fault,R4:partial_short;R3:partial_open,"{""R1"": 4.016269, ""R2"": 18.047664, ""R3"": 48.260711, ""R4"": 0.590021}","{""R1"": 4, ""R2"": 18, ""R3"": 3, ""R4"": 6}","{""in"": 120.0, ""x"": 91.97151, ""z"": 1.110835}","{""R1"": 6.978739, ""R2"": 5.096034, ""R3"": 1.882705, ""R4"": 1.882705}",True
nilsson_ex3_1_series_parallel,nilsson_ex3_1_series_parallel__multi_fault_15,multi_fault,R3:partial_open;R1:partial_short,"{""R1"": 0.081077, ""R2"": 18.355301, ""R3"": 145.128926, ""R4"": 6.061156}","{""R1"": 4, ""R2"": 18, ""R3"": 3, ""R4"": 6}","{""in"": 120.0, ""x"": 119.4085, ""z"": 4.787045}","{""R1"": 7.295188, ""R2"": 6.505397, ""R3"": 0.7897907, ""R4"": 0.7897907}",True
nilsson_ex3_1_series_parallel,nilsson_ex3_1_series_parallel__multi_fault_16,multi_fault,R3:partial_open;R2:partial_short,"{""R1"": 3.943683, ""R2"": 1.958697, ""R3"": 141.510736, ""R4"": 6.04992}","{""R1"": 4, ""R2"": 18, ""R3"": 3, ""R4"": 6}","{""in"": 120.0, ""x"": 39.47177, ""z"": 1.618325}","{""R1"": 20.41955, ""R2"": 20.15205, ""R3"": 0.2674952, ""R4"": 0.2674952}",True
nilsson_ex3_1_series_parallel,nilsson_ex3_1_series_parallel__multi_fault_17,multi_fault,R4:partial_open;R1:partial_short,"{""R1"": 0.091964, ""R2"": 17.736923, ""R3"": 2.975075, ""R4"": 103.13148}","{""R1"": 4, ""R2"": 18, ""R3"": 3, ""R4"": 6}","{""in"": 120.0, ""x"": 119.2782, ""z"": 115.9338}","{""R1"": 7.848987, ""R2"": 6.724852, ""R3"": 1.124136, ""R4"": 1.124136}",True
nilsson_ex3_1_series_parallel,nilsson_ex3_1_series_parallel__multi_fault_18,multi_fault,R1:partial_open;R4:partial_short,"{""R1"": 37.228519, ""R2"": 18.048138, ""R3"": 3.003577, ""R4"": 0.243923}","{""R1"": 4, ""R2"": 18, ""R3"": 3, ""R4"": 6}","{""in"": 120.0, ""x"": 8.260775, ""z"": 0.6204752}","{""R1"": 3.001442, ""R2"": 0.4577079, ""R3"": 2.543734, ""R4"": 2.543734}",True
nilsson_ex3_1_series_parallel,nilsson_ex3_1_series_parallel__multi_fault_19,multi_fault,R4:partial_open;R1:partial_short,"{""R1"": 0.061004, ""R2"": 17.757045, ""R3"": 2.981102, ""R4"": 267.30518}","{""R1"": 4, ""R2"": 18, ""R3"": 3, ""R4"": 6}","{""in"": 120.0, ""x"": 119.5623, ""z"": 118.2436}","{""R1"": 7.175584, ""R2"": 6.73323, ""R3"": 0.4423542, ""R4"": 0.4423542}",True
nilsson_ex3_1_series_parallel,nilsson_ex3_1_series_parallel__multi_fault_20,multi_fault,R1:partial_short;R4:partial_open,"{""R1"": 0.407788, ""R2"": 18.023428, ""R3"": 2.976843, ""R4"": 260.901886}","{""R1"": 4, ""R2"": 18, ""R3"": 3, ""R4"": 6}","{""in"": 120.0, ""x"": 117.168, ""z"": 115.8462}","{""R1"": 6.944892, ""R2"": 6.50087, ""R3"": 0.444022, ""R4"": 0.444022}",True
nilsson_ex3_2_divider_25k_100k,nilsson_ex3_2_divider_25k_100k__normal_1,normal,,"{""R1"": 24783.941638, ""R2"": 99711.677425}","{""R1"": 25000, ""R2"": 100000}","{""o"": 80.09252, ""s"": 100.0}","{""R1"": 0.0008032411, ""R2"": 0.0008032411}",True
nilsson_ex3_2_divider_25k_100k,nilsson_ex3_2_divider_25k_100k__normal_2,normal,,"{""R1"": 25066.617675, ""R2"": 100547.768338}","{""R1"": 25000, ""R2"": 100000}","{""o"": 80.04479, ""s"": 100.0}","{""R1"": 0.0007960872, ""R2"": 0.0007960872}",True
nilsson_ex3_2_divider_25k_100k,nilsson_ex3_2_divider_25k_100k__normal_3,normal,,"{""R1"": 24722.733401, ""R2"": 101215.264036}","{""R1"": 25000, ""R2"": 100000}","{""o"": 80.36912, ""s"": 100.0}","{""R1"": 0.0007940415, ""R2"": 0.0007940415}",True
nilsson_ex3_2_divider_25k_100k,nilsson_ex3_2_divider_25k_100k__normal_4,normal,,"{""R1"": 24693.565764, ""R2"": 98927.740816}","{""R1"": 25000, ""R2"": 100000}","{""o"": 80.02483, ""s"": 100.0}","{""R1"": 0.000808922, ""R2"": 0.000808922}",True
nilsson_ex3_2_divider_25k_100k,nilsson_ex3_2_divider_25k_100k__normal_5,normal,,"{""R1"": 25270.083551, ""R2"": 98077.762174}","{""R1"": 25000, ""R2"": 100000}","{""o"": 79.51315, ""s"": 100.0}","{""R1"": 0.0008107154, ""R2"": 0.0008107154}",True
nilsson_ex3_2_divider_25k_100k,nilsson_ex3_2_divider_25k_100k__normal_6,normal,,"{""R1"": 24761.970422, ""R2"": 101532.45015}","{""R1"": 25000, ""R2"": 100000}","{""o"": 80.39346, ""s"": 100.0}","{""R1"": 0.0007918006, ""R2"": 0.0007918006}",True
nilsson_ex3_2_divider_25k_100k,nilsson_ex3_2_divider_25k_100k__normal_7,normal,,"{""R1"": 24558.541327, ""R2"": 101073.60148}","{""R1"": 25000, ""R2"": 100000}","{""o"": 80.45202, ""s"": 100.0}","{""R1"": 0.0007959746, ""R2"": 0.0007959746}",True
nilsson_ex3_2_divider_25k_100k,nilsson_ex3_2_divider_25k_100k__normal_8,normal,,"{""R1"": 24716.027605, ""R2"": 99632.511359}","{""R1"": 25000, ""R2"": 100000}","{""o"": 80.12359, ""s"": 100.0}","{""R1"": 0.0008041912, ""R2"": 0.0008041912}",True
nilsson_ex3_2_divider_25k_100k,nilsson_ex3_2_divider_25k_100k__normal_9,normal,,"{""R1"": 24918.222959, ""R2"": 101117.752826}","{""R1"": 25000, ""R2"": 100000}","{""o"": 80.22928, ""s"": 100.0}","{""R1"": 0.0007934243, ""R2"": 0.0007934243}",True
nilsson_ex3_2_divider_25k_100k,nilsson_ex3_2_divider_25k_100k__normal_10,normal,,"{""R1"": 25062.608732, ""R2"": 98617.619673}","{""R1"": 25000, ""R2"": 100000}","{""o"": 79.73596, ""s"": 100.0}","{""R1"": 0.0008085367, ""R2"": 0.0008085367}",True
nilsson_ex3_2_divider_25k_100k,nilsson_ex3_2_divider_25k_100k__normal_11,normal,,"{""R1"": 25219.642729, ""R2"": 98096.204903}","{""R1"": 25000, ""R2"": 100000}","{""o"": 79.54874, ""s"": 100.0}","{""R1"": 0.0008109258, ""R2"": 0.0008109258}",True
nilsson_ex3_2_divider_25k_100k,nilsson_ex3_2_divider_25k_100k__normal_12,normal,,"{""R1"": 25173.469301, ""R2"": 101955.934314}","{""R1"": 25000, ""R2"": 100000}","{""o"": 80.19855, ""s"": 100.0}","{""R1"": 0.0007866001, ""R2"": 0.0007866001}",True
nilsson_ex3_2_divider_25k_100k,nilsson_ex3_2_divider_25k_100k__normal_13,normal,,"{""R1"": 24524.315526, ""R2"": 99643.743028}","{""R1"": 25000, ""R2"": 100000}","{""o"": 80.24909, ""s"": 100.0}","{""R1"": 0.0008053601, ""R2"": 0.0008053601}",True
nilsson_ex3_2_divider_25k_100k,nilsson_ex3_2_divider_25k_100k__normal_14,normal,,"{""R1"": 24666.716265, ""R2"": 101033.245961}","{""R1"": 25000, ""R2"": 100000}","{""o"": 80.37651, ""s"": 100.0}","{""R1"": 0.0007955452, ""R2"": 0.0007955452}",True
nilsson_ex3_2_divider_25k_100k,nilsson_ex3_2_divider_25k_100k__normal_15,normal,,"{""R1"": 25338.822354, ""R2"": 100344.455703}","{""R1"": 25000, ""R2"": 100000}","{""o"": 79.83915, ""s"": 100.0}","{""R1"": 0.0007956508, ""R2"": 0.0007956508}",True
nilsson_ex3_2_divider_25k_100k,nilsson_ex3_2_divider_25k_100k__normal_16,normal,,"{""R1"": 24862.725129, ""R2"": 98225.96901}","{""R1"": 25000, ""R2"": 100000}","{""o"": 79.80097, ""s"": 100.0}","{""R1"": 0.0008124223, ""R2"": 0.0008124223}",True
nilsson_ex3_2_divider_25k_100k,nilsson_ex3_2_divider_25k_100k__normal_17,normal,,"{""R1"": 25219.241031, ""R2"": 98388.100307}","{""R1"": 25000, ""R2"": 100000}","{""o"": 79.5973, ""s"": 100.0}","{""R1"": 0.0008090134, ""R2"": 0.0008090134}",True
nilsson_ex3_2_divider_25k_100k,nilsson_ex3_2_divider_25k_100k__normal_18,normal,,"{""R1"": 24710.736841, ""R2"": 101472.09938}","{""R1"": 25000, ""R2"": 100000}","{""o"": 80.41672, ""s"": 100.0}","{""R1"": 0.0007925008, ""R2"": 0.0007925008}",True
nilsson_ex3_2_divider_25k_100k,nilsson_ex3_2_divider_25k_100k__normal_19,normal,,"{""R1"": 25185.189144, ""R2"": 99335.887621}","{""R1"": 25000, ""R2"": 100000}","{""o"": 79.77436, ""s"": 100.0}","{""R1"": 0.0008030769, ""R2"": 0.0008030769}",True
nilsson_ex3_2_divider_25k_100k,nilsson_ex3_2_divider_25k_100k__normal_20,normal,,"{""R1"": 24761.740679, ""R2"": 101468.089779}","{""R1"": 25000, ""R2"": 100000}","{""o"": 80.38361, ""s"": 100.0}","{""R1"": 0.0007922058, ""R2"": 0.0007922058}",True
nilsson_ex3_2_divider_25k_100k,nilsson_ex3_2_divider_25k_100k__partial_short_1,partial_short,R1,"{""R1"": 1072.825661, ""R2"": 98238.494322}","{""R1"": 25000, ""R2"": 100000}","{""o"": 98.91973, ""s"": 100.0}","{""R1"": 0.001006935, ""R2"": 0.001006935}",True
nilsson_ex3_2_divider_25k_100k,nilsson_ex3_2_divider_25k_100k__partial_short_2,partial_short,R1,"{""R1"": 2357.500827, ""R2"": 98475.022416}","{""R1"": 25000, ""R2"": 100000}","{""o"": 97.66196, ""s"": 100.0}","{""R1"": 0.0009917435, ""R2"": 0.0009917435}",True
nilsson_ex3_2_divider_25k_100k,nilsson_ex3_2_divider_25k_100k__partial_short_3,partial_short,R1,"{""R1"": 2938.255988, ""R2"": 98680.641103}","{""R1"": 25000, ""R2"": 100000}","{""o"": 97.10855, ""s"": 100.0}","{""R1"": 0.0009840689, ""R2"": 0.0009840689}",True
nilsson_ex3_2_divider_25k_100k,nilsson_ex3_2_divider_25k_100k__partial_short_4,partial_short,R1,"{""R1"": 2832.83146, ""R2"": 101024.777113}","{""R1"": 25000, ""R2"": 100000}","{""o"": 97.27239, ""s"": 100.0}","{""R1"": 0.0009628568, ""R2"": 0.0009628568}",True
nilsson_ex3_2_divider_25k_100k,nilsson_ex3_2_divider_25k_100k__partial_short_5,partial_short,R2,"{""R1"": 24930.789285, ""R2"": 5695.893358}","{""R1"": 25000, ""R2"": 100000}","{""o"": 18.59781, ""s"": 100.0}","{""R1"": 0.003265127, ""R2"": 0.003265127}",True
nilsson_ex3_2_divider_25k_100k,nilsson_ex3_2_divider_25k_100k__partial_short_6,partial_short,R1,"{""R1"": 962.953856, ""R2"": 101193.138554}","{""R1"": 25000, ""R2"": 100000}","{""o"": 99.05737, ""s"": 100.0}","{""R1"": 0.0009788941, ""R2"": 0.0009788941}",True
nilsson_ex3_2_divider_25k_100k,nilsson_ex3_2_divider_25k_100k__partial_short_7,partial_short,R2,"{""R1"": 24751.278517, ""R2"": 10840.006221}","{""R1"": 25000, ""R2"": 100000}","{""o"": 30.45691, ""s"": 100.0}","{""R1"": 0.002809677, ""R2"": 0.002809677}",True
nilsson_ex3_2_divider_25k_100k,nilsson_ex3_2_divider_25k_100k__partial_short_8,partial_short,R2,"{""R1"": 24666.760345, ""R2"": 12183.757904}","{""R1"": 25000, ""R2"": 100000}","{""o"": 33.06265, ""s"": 100.0}","{""R1"": 0.002713666, ""R2"": 0.002713666}",True
nilsson_ex3_2_divider_25k_100k,nilsson_ex3_2_divider_25k_100k__partial_short_9,partial_short,R1,"{""R1"": 2022.140302, ""R2"": 99909.522219}","{""R1"": 25000, ""R2"": 100000}","{""o"": 98.01618, ""s"": 100.0}","{""R1"": 0.0009810494, ""R2"": 0.0009810494}",True
nilsson_ex3_2_divider_25k_100k,nilsson_ex3_2_divider_25k_100k__partial_short_10,partial_short,R2,"{""R1"": 25039.836024, ""R2"": 11839.607435}","{""R1"": 25000, ""R2"": 100000}","{""o"": 32.10354, ""s"": 100.0}","{""R1"": 0.002711538, ""R2"": 0.002711538}",True
nilsson_ex3_2_divider_25k_100k,nilsson_ex3_2_divider_25k_100k__partial_short_11,partial_short,R1,"{""R1"": 413.626088, ""R2"": 100593.548908}","{""R1"": 25000, ""R2"": 100000}","{""o"": 99.5905, ""s"": 100.0}","{""R1"": 0.0009900287, ""R2"": 0.0009900287}",True
nilsson_ex3_2_divider_25k_100k,nilsson_ex3_2_divider_25k_100k__partial_short_12,partial_short,R1,"{""R1"": 3051.325965, ""R2"": 98488.811972}","{""R1"": 25000, ""R2"": 100000}","{""o"": 96.99496, ""s"": 100.0}","{""R1"": 0.0009848322, ""R2"": 0.0009848322}",True
nilsson_ex3_2_divider_25k_100k,nilsson_ex3_2_divider_25k_100k__partial_short_13,partial_short,R2,"{""R1"": 25363.449767, ""R2"": 11280.811699}","{""R1"": 25000, ""R2"": 100000}","{""o"": 30.78466, ""s"": 100.0}","{""R1"": 0.00272894, ""R2"": 0.00272894}",True
nilsson_ex3_2_divider_25k_100k,nilsson_ex3_2_divider_25k_100k__partial_short_14,partial_short,R2,"{""R1"": 24787.747894, ""R2"": 14550.690703}","{""R1"": 25000, ""R2"": 100000}","{""o"": 36.98848, ""s"": 100.0}","{""R1"": 0.002542043, ""R2"": 0.002542043}",True
nilsson_ex3_2_divider_25k_100k,nilsson_ex3_2_divider_25k_100k__partial_short_15,partial_short,R1,"{""R1"": 1015.697379, ""R2"": 101164.120563}","{""R1"": 25000, ""R2"": 100000}","{""o"": 99.00597, ""s"": 100.0}","{""R1"": 0.0009786668, ""R2"": 0.0009786668}",True
nilsson_ex3_2_divider_25k_100k,nilsson_ex3_2_divider_25k_100k__partial_short_16,partial_short,R2,"{""R1"": 25485.25351, ""R2"": 1042.435352}","{""R1"": 25000, ""R2"": 100000}","{""o"": 3.929612, ""s"": 100.0}","{""R1"": 0.003769646, ""R2"": 0.003769646}",True
nilsson_ex3_2_divider_25k_100k,nilsson_ex3_2_divider_25k_100k__partial_short_17,partial_short,R2,"{""R1"": 25200.909903, ""R2"": 10848.861469}","{""R1"": 25000, ""R2"": 100000}","{""o"": 30.09412, ""s"": 100.0}","{""R1"": 0.002773943, ""R2"": 0.002773943}",True
nilsson_ex3_2_divider_25k_100k,nilsson_ex3_2_divider_25k_100k__partial_short_18,partial_short,R2,"{""R1"": 25498.102958, ""R2"": 9933.655611}","{""R1"": 25000, ""R2"": 100000}","{""o"": 28.03602, ""s"": 100.0}","{""R1"": 0.002822327, ""R2"": 0.002822327}",True
nilsson_ex3_2_divider_25k_100k,nilsson_ex3_2_divider_25k_100k__partial_short_19,partial_short,R2,"{""R1"": 25118.083661, ""R2"": 10781.807855}","{""R1"": 25000, ""R2"": 100000}","{""o"": 30.03298, ""s"": 100.0}","{""R1"": 0.002785524, ""R2"": 0.002785524}",True
nilsson_ex3_2_divider_25k_100k,nilsson_ex3_2_divider_25k_100k__partial_short_20,partial_short,R2,"{""R1"": 24988.77939, ""R2"": 1289.341275}","{""R1"": 25000, ""R2"": 100000}","{""o"": 4.90652, ""s"": 100.0}","{""R1"": 0.003805447, ""R2"": 0.003805447}",True
nilsson_ex3_2_divider_25k_100k,nilsson_ex3_2_divider_25k_100k__partial_open_1,partial_open,R2,"{""R1"": 24615.030624, ""R2"": 4652105.872163}","{""R1"": 25000, ""R2"": 100000}","{""o"": 99.47367, ""s"": 100.0}","{""R1"": 2.13825e-05, ""R2"": 2.13825e-05}",True
nilsson_ex3_2_divider_25k_100k,nilsson_ex3_2_divider_25k_100k__partial_open_2,partial_open,R2,"{""R1"": 24850.426984, ""R2"": 4075905.449911}","{""R1"": 25000, ""R2"": 100000}","{""o"": 99.394, ""s"": 100.0}","{""R1"": 2.438575e-05, ""R2"": 2.438575e-05}",True
nilsson_ex3_2_divider_25k_100k,nilsson_ex3_2_divider_25k_100k__partial_open_3,partial_open,R1,"{""R1"": 1017300.209377, ""R2"": 99824.636922}","{""R1"": 25000, ""R2"": 100000}","{""o"": 8.935853, ""s"": 100.0}","{""R1"": 8.951551e-05, ""R2"": 8.951551e-05}",True
nilsson_ex3_2_divider_25k_100k,nilsson_ex3_2_divider_25k_100k__partial_open_4,partial_open,R2,"{""R1"": 24591.988038, ""R2"": 3084338.041118}","{""R1"": 25000, ""R2"": 100000}","{""o"": 99.20899, ""s"": 100.0}","{""R1"": 3.216541e-05, ""R2"": 3.216541e-05}",True
nilsson_ex3_2_divider_25k_100k,nilsson_ex3_2_divider_25k_100k__partial_open_5,partial_open,R1,"{""R1"": 502546.809194, ""R2"": 99328.110477}","{""R1"": 25000, ""R2"": 100000}","{""o"": 16.50312, ""s"": 100.0}","{""R1"": 0.0001661475, ""R2"": 0.0001661475}",True
nilsson_ex3_2_divider_25k_100k,nilsson_ex3_2_divider_25k_100k__partial_open_6,partial_open,R2,"{""R1"": 25167.715351, ""R2"": 3620298.107148}","{""R1"": 25000, ""R2"": 100000}","{""o"": 99.30962, ""s"": 100.0}","{""R1"": 2.743134e-05, ""R2"": 2.743134e-05}",True
nilsson_ex3_2_divider_25k_100k,nilsson_ex3_2_divider_25k_100k__partial_open_7,partial_open,R2,"{""R1"": 25241.704033, ""R2"": 4049581.912381}","{""R1"": 25000, ""R2"": 100000}","{""o"": 99.38054, ""s"": 100.0}","{""R1"": 2.454094e-05, ""R2"": 2.454094e-05}",True
nilsson_ex3_2_divider_25k_100k,nilsson_ex3_2_divider_25k_100k__partial_open_8,partial_open,R1,"{""R1"": 970770.892825, ""R2"": 100937.769661}","{""R1"": 25000, ""R2"": 100000}","{""o"": 9.418396, ""s"": 100.0}","{""R1"": 9.330894e-05, ""R2"": 9.330894e-05}",True
nilsson_ex3_2_divider_25k_100k,nilsson_ex3_2_divider_25k_100k__partial_open_9,partial_open,R1,"{""R1"": 830949.841915, ""R2"": 101044.884427}","{""R1"": 25000, ""R2"": 100000}","{""o"": 10.84179, ""s"": 100.0}","{""R1"": 0.0001072967, ""R2"": 0.0001072967}",True
nilsson_ex3_2_divider_25k_100k,nilsson_ex3_2_divider_25k_100k__partial_open_10,partial_open,R2,"{""R1"": 24532.835278, ""R2"": 3275207.993334}","{""R1"": 25000, ""R2"": 100000}","{""o"": 99.25652, ""s"": 100.0}","{""R1"": 3.030541e-05, ""R2"": 3.030541e-05}",True
nilsson_ex3_2_divider_25k_100k,nilsson_ex3_2_divider_25k_100k__partial_open_11,partial_open,R2,"{""R1"": 25389.662896, ""R2"": 4405886.575337}","{""R1"": 25000, ""R2"": 100000}","{""o"": 99.42703, ""s"": 100.0}","{""R1"": 2.256686e-05, ""R2"": 2.256686e-05}",True
nilsson_ex3_2_divider_25k_100k,nilsson_ex3_2_divider_25k_100k__partial_open_12,partial_open,R2,"{""R1"": 24760.532061, ""R2"": 1717655.476893}","{""R1"": 25000, ""R2"": 100000}","{""o"": 98.57895, ""s"": 100.0}","{""R1"": 5.739158e-05, ""R2"": 5.739158e-05}",True
nilsson_ex3_2_divider_25k_100k,nilsson_ex3_2_divider_25k_100k__partial_open_13,partial_open,R2,"{""R1"": 24670.305985, ""R2"": 4490300.463274}","{""R1"": 25000, ""R2"": 100000}","{""o"": 99.45359, ""s"": 100.0}","{""R1"": 2.214854e-05, ""R2"": 2.214854e-05}",True
nilsson_ex3_2_divider_25k_100k,nilsson_ex3_2_divider_25k_100k__partial_open_14,partial_open,R1,"{""R1"": 1107829.666161, ""R2"": 101392.280699}","{""R1"": 25000, ""R2"": 100000}","{""o"": 8.384919, ""s"": 100.0}","{""R1"": 8.26978e-05, ""R2"": 8.26978e-05}",True
nilsson_ex3_2_divider_25k_100k,nilsson_ex3_2_divider_25k_100k__partial_open_15,partial_open,R2,"{""R1"": 24927.853636, ""R2"": 4632860.347259}","{""R1"": 25000, ""R2"": 100000}","{""o"": 99.46481, ""s"": 100.0}","{""R1"": 2.146942e-05, ""R2"": 2.146942e-05}",True
nilsson_ex3_2_divider_25k_100k,nilsson_ex3_2_divider_25k_100k__partial_open_16,partial_open,R2,"{""R1"": 24917.016057, ""R2"": 1127117.439114}","{""R1"": 25000, ""R2"": 100000}","{""o"": 97.83713, ""s"": 100.0}","{""R1"": 8.680296e-05, ""R2"": 8.680296e-05}",True
nilsson_ex3_2_divider_25k_100k,nilsson_ex3_2_divider_25k_100k__partial_open_17,partial_open,R2,"{""R1"": 24982.567866, ""R2"": 4871211.522496}","{""R1"": 25000, ""R2"": 100000}","{""o"": 99.48976, ""s"": 100.0}","{""R1"": 2.042403e-05, ""R2"": 2.042403e-05}",True
nilsson_ex3_2_divider_25k_100k,nilsson_ex3_2_divider_25k_100k__partial_open_18,partial_open,R2,"{""R1"": 24879.725114, ""R2"": 934123.719226}","{""R1"": 25000, ""R2"": 100000}","{""o"": 97.40567, ""s"": 100.0}","{""R1"": 0.0001042749, ""R2"": 0.0001042749}",True
nilsson_ex3_2_divider_25k_100k,nilsson_ex3_2_divider_25k_100k__partial_open_19,partial_open,R1,"{""R1"": 413698.03445, ""R2"": 98524.090387}","{""R1"": 25000, ""R2"": 100000}","{""o"": 19.23464, ""s"": 100.0}","{""R1"": 0.0001952278, ""R2"": 0.0001952278}",True
nilsson_ex3_2_divider_25k_100k,nilsson_ex3_2_divider_25k_100k__partial_open_20,partial_open,R2,"{""R1"": 25263.236017, ""R2"": 4796783.596203}","{""R1"": 25000, ""R2"": 100000}","{""o"": 99.47609, ""s"": 100.0}","{""R1"": 2.073808e-05, ""R2"": 2.073808e-05}",True
nilsson_ex3_2_divider_25k_100k,nilsson_ex3_2_divider_25k_100k__wrong_component_type_1,wrong_component_type,R2,"{""R1"": 25203.788042, ""R2"": 9.78e-06}","{""R1"": 25000, ""R2"": 100000}","{""o"": 100.0, ""s"": 100.0}","{""R1"": -5.63838e-19}",True
nilsson_ex3_2_divider_25k_100k,nilsson_ex3_2_divider_25k_100k__wrong_component_type_2,wrong_component_type,R2,"{""R1"": 25027.901862, ""R2"": 2.48e-06}","{""R1"": 25000, ""R2"": 100000}","{""o"": 100.0, ""s"": 100.0}","{""R1"": -5.678e-19}",True
nilsson_ex3_2_divider_25k_100k,nilsson_ex3_2_divider_25k_100k__wrong_component_type_3,wrong_component_type,R1,"{""R1"": 8.95e-06, ""R2"": 99977.229438}","{""R1"": 25000, ""R2"": 100000}","{""o"": 0.0, ""s"": 100.0}","{""R2"": 0.0}",True
nilsson_ex3_2_divider_25k_100k,nilsson_ex3_2_divider_25k_100k__wrong_component_type_4,wrong_component_type,R1,"{""R1"": 4.14e-06, ""R2"": 101350.458924}","{""R1"": 25000, ""R2"": 100000}","{""o"": 0.0, ""s"": 100.0}","{""R2"": 0.0}",True
nilsson_ex3_2_divider_25k_100k,nilsson_ex3_2_divider_25k_100k__wrong_component_type_5,wrong_component_type,R1,"{""R1"": 1.92e-06, ""R2"": 98706.095438}","{""R1"": 25000, ""R2"": 100000}","{""o"": 0.0, ""s"": 100.0}","{""R2"": 0.0}",True
nilsson_ex3_2_divider_25k_100k,nilsson_ex3_2_divider_25k_100k__wrong_component_type_6,wrong_component_type,R2,"{""R1"": 24695.652869, ""R2"": 7.73e-06}","{""R1"": 25000, ""R2"": 100000}","{""o"": 100.0, ""s"": 100.0}","{""R1"": -5.7544e-19}",True
nilsson_ex3_2_divider_25k_100k,nilsson_ex3_2_divider_25k_100k__wrong_component_type_7,wrong_component_type,R2,"{""R1"": 25496.814874, ""R2"": 1.22e-06}","{""R1"": 25000, ""R2"": 100000}","{""o"": 100.0, ""s"": 100.0}","{""R1"": 0.0}",True
nilsson_ex3_2_divider_25k_100k,nilsson_ex3_2_divider_25k_100k__wrong_component_type_8,wrong_component_type,R2,"{""R1"": 24560.484822, ""R2"": 8.01e-06}","{""R1"": 25000, ""R2"": 100000}","{""o"": 100.0, ""s"": 100.0}","{""R1"": 5.786064e-19}",True
nilsson_ex3_2_divider_25k_100k,nilsson_ex3_2_divider_25k_100k__wrong_component_type_9,wrong_component_type,R1,"{""R1"": 4.19e-06, ""R2"": 100773.091041}","{""R1"": 25000, ""R2"": 100000}","{""o"": 0.0, ""s"": 100.0}","{""R2"": 0.0}",True
nilsson_ex3_2_divider_25k_100k,nilsson_ex3_2_divider_25k_100k__wrong_component_type_10,wrong_component_type,R2,"{""R1"": 25018.176672, ""R2"": 5.55e-06}","{""R1"": 25000, ""R2"": 100000}","{""o"": 100.0, ""s"": 100.0}","{""R1"": 0.0}",True
nilsson_ex3_2_divider_25k_100k,nilsson_ex3_2_divider_25k_100k__wrong_component_type_11,wrong_component_type,R1,"{""R1"": 9.48e-06, ""R2"": 100517.534903}","{""R1"": 25000, ""R2"": 100000}","{""o"": 0.0, ""s"": 100.0}","{""R2"": 0.0}",True
nilsson_ex3_2_divider_25k_100k,nilsson_ex3_2_divider_25k_100k__wrong_component_type_12,wrong_component_type,R1,"{""R1"": 1.29e-06, ""R2"": 99418.586464}","{""R1"": 25000, ""R2"": 100000}","{""o"": 0.0, ""s"": 100.0}","{""R2"": 0.0}",True
nilsson_ex3_2_divider_25k_100k,nilsson_ex3_2_divider_25k_100k__wrong_component_type_13,wrong_component_type,R1,"{""R1"": 5.89e-06, ""R2"": 100580.558745}","{""R1"": 25000, ""R2"": 100000}","{""o"": 0.0, ""s"": 100.0}","{""R2"": 0.0}",True
nilsson_ex3_2_divider_25k_100k,nilsson_ex3_2_divider_25k_100k__wrong_component_type_14,wrong_component_type,R1,"{""R1"": 2e-06, ""R2"": 100214.991915}","{""R1"": 25000, ""R2"": 100000}","{""o"": 0.0, ""s"": 100.0}","{""R2"": 0.0}",True
nilsson_ex3_2_divider_25k_100k,nilsson_ex3_2_divider_25k_100k__wrong_component_type_15,wrong_component_type,R1,"{""R1"": 6.18e-06, ""R2"": 98618.55896}","{""R1"": 25000, ""R2"": 100000}","{""o"": 0.0, ""s"": 100.0}","{""R2"": 0.0}",True
nilsson_ex3_2_divider_25k_100k,nilsson_ex3_2_divider_25k_100k__wrong_component_type_16,wrong_component_type,R1,"{""R1"": 1.59e-06, ""R2"": 99994.35747}","{""R1"": 25000, ""R2"": 100000}","{""o"": 0.0, ""s"": 100.0}","{""R2"": 0.0}",True
nilsson_ex3_2_divider_25k_100k,nilsson_ex3_2_divider_25k_100k__wrong_component_type_17,wrong_component_type,R1,"{""R1"": 3.01e-06, ""R2"": 98734.583773}","{""R1"": 25000, ""R2"": 100000}","{""o"": 0.0, ""s"": 100.0}","{""R2"": 0.0}",True
nilsson_ex3_2_divider_25k_100k,nilsson_ex3_2_divider_25k_100k__wrong_component_type_18,wrong_component_type,R2,"{""R1"": 25364.507972, ""R2"": 3.41e-06}","{""R1"": 25000, ""R2"": 100000}","{""o"": 100.0, ""s"": 100.0}","{""R1"": 0.0}",True
nilsson_ex3_2_divider_25k_100k,nilsson_ex3_2_divider_25k_100k__wrong_component_type_19,wrong_component_type,R1,"{""R1"": 5.44e-06, ""R2"": 100239.75093}","{""R1"": 25000, ""R2"": 100000}","{""o"": 0.0, ""s"": 100.0}","{""R2"": 0.0}",True
nilsson_ex3_2_divider_25k_100k,nilsson_ex3_2_divider_25k_100k__wrong_component_type_20,wrong_component_type,R2,"{""R1"": 25091.144131, ""R2"": 6.43e-06}","{""R1"": 25000, ""R2"": 100000}","{""o"": 100.0, ""s"": 100.0}","{""R1"": 0.0}",True
nilsson_ex3_2_divider_25k_100k,nilsson_ex3_2_divider_25k_100k__multi_fault_1,multi_fault,R1:partial_open;R2:partial_short,"{""R1"": 570043.851622, ""R2"": 13713.774314}","{""R1"": 25000, ""R2"": 100000}","{""o"": 2.349224, ""s"": 100.0}","{""R1"": 0.000171304, ""R2"": 0.000171304}",True
nilsson_ex3_2_divider_25k_100k,nilsson_ex3_2_divider_25k_100k__multi_fault_2,multi_fault,R1:partial_open;R2:partial_short,"{""R1"": 1067528.345896, ""R2"": 5936.407626}","{""R1"": 25000, ""R2"": 100000}","{""o"": 0.5530137, ""s"": 100.0}","{""R1"": 9.31563e-05, ""R2"": 9.31563e-05}",True
nilsson_ex3_2_divider_25k_100k,nilsson_ex3_2_divider_25k_100k__multi_fault_3,multi_fault,R2:partial_short;R1:partial_open,"{""R1"": 254942.930521, ""R2"": 6493.515099}","{""R1"": 25000, ""R2"": 100000}","{""o"": 2.483783, ""s"": 100.0}","{""R1"": 0.0003825021, ""R2"": 0.0003825021}",True
nilsson_ex3_2_divider_25k_100k,nilsson_ex3_2_divider_25k_100k__multi_fault_4,multi_fault,R2:partial_short;R1:partial_open,"{""R1"": 1042789.934886, ""R2"": 2845.224324}","{""R1"": 25000, ""R2"": 100000}","{""o"": 0.2721049, ""s"": 100.0}","{""R1"": 9.563565e-05, ""R2"": 9.563565e-05}",True
nilsson_ex3_2_divider_25k_100k,nilsson_ex3_2_divider_25k_100k__multi_fault_5,multi_fault,R1:partial_short;R2:partial_open,"{""R1"": 1290.422409, ""R2"": 747191.761435}","{""R1"": 25000, ""R2"": 100000}","{""o"": 99.82759, ""s"": 100.0}","{""R1"": 0.0001336037, ""R2"": 0.0001336037}",True
nilsson_ex3_2_divider_25k_100k,nilsson_ex3_2_divider_25k_100k__multi_fault_6,multi_fault,R2:partial_open;R1:partial_short,"{""R1"": 1573.137256, ""R2"": 3765336.352654}","{""R1"": 25000, ""R2"": 100000}","{""o"": 99.95824, ""s"": 100.0}","{""R1"": 2.654696e-05, ""R2"": 2.654696e-05}",True
nilsson_ex3_2_divider_25k_100k,nilsson_ex3_2_divider_25k_100k__multi_fault_7,multi_fault,R1:partial_short;R2:partial_open,"{""R1"": 915.442859, ""R2"": 2417304.719532}","{""R1"": 25000, ""R2"": 100000}","{""o"": 99.96214, ""s"": 100.0}","{""R1"": 4.135273e-05, ""R2"": 4.135273e-05}",True
nilsson_ex3_2_divider_25k_100k,nilsson_ex3_2_divider_25k_100k__multi_fault_8,multi_fault,R2:partial_open;R1:partial_short,"{""R1"": 2974.162745, ""R2"": 2222986.399066}","{""R1"": 25000, ""R2"": 100000}","{""o"": 99.86639, ""s"": 100.0}","{""R1"": 4.492443e-05, ""R2"": 4.492443e-05}",True
nilsson_ex3_2_divider_25k_100k,nilsson_ex3_2_divider_25k_100k__multi_fault_9,multi_fault,R1:partial_open;R2:partial_short,"{""R1"": 1133686.569407, ""R2"": 9901.163523}","{""R1"": 25000, ""R2"": 100000}","{""o"": 0.8657983, ""s"": 100.0}","{""R1"": 8.74441e-05, ""R2"": 8.74441e-05}",True
nilsson_ex3_2_divider_25k_100k,nilsson_ex3_2_divider_25k_100k__multi_fault_10,multi_fault,R2:partial_short;R1:partial_open,"{""R1"": 699186.062755, ""R2"": 10157.636758}","{""R1"": 25000, ""R2"": 100000}","{""o"": 1.431977, ""s"": 100.0}","{""R1"": 0.0001409754, ""R2"": 0.0001409754}",True
nilsson_ex3_2_divider_25k_100k,nilsson_ex3_2_divider_25k_100k__multi_fault_11,multi_fault,R2:partial_open;R1:partial_short,"{""R1"": 3588.573779, ""R2"": 4009365.931696}","{""R1"": 25000, ""R2"": 100000}","{""o"": 99.91058, ""s"": 100.0}","{""R1"": 2.49193e-05, ""R2"": 2.49193e-05}",True
nilsson_ex3_2_divider_25k_100k,nilsson_ex3_2_divider_25k_100k__multi_fault_12,multi_fault,R1:partial_open;R2:partial_short,"{""R1"": 348553.094345, ""R2"": 6890.436552}","{""R1"": 25000, ""R2"": 100000}","{""o"": 1.938546, ""s"": 100.0}","{""R1"": 0.0002813386, ""R2"": 0.0002813386}",True
nilsson_ex3_2_divider_25k_100k,nilsson_ex3_2_divider_25k_100k__multi_fault_13,multi_fault,R1:partial_open;R2:partial_short,"{""R1"": 583843.24037, ""R2"": 10761.075828}","{""R1"": 25000, ""R2"": 100000}","{""o"": 1.809788, ""s"": 100.0}","{""R1"": 0.0001681791, ""R2"": 0.0001681791}",True
nilsson_ex3_2_divider_25k_100k,nilsson_ex3_2_divider_25k_100k__multi_fault_14,multi_fault,R1:partial_open;R2:partial_short,"{""R1"": 1184457.805248, ""R2"": 3947.353424}","{""R1"": 25000, ""R2"": 100000}","{""o"": 0.3321555, ""s"": 100.0}","{""R1"": 8.414639e-05, ""R2"": 8.414639e-05}",True
nilsson_ex3_2_divider_25k_100k,nilsson_ex3_2_divider_25k_100k__multi_fault_15,multi_fault,R2:partial_open;R1:partial_short,"{""R1"": 3148.233787, ""R2"": 2714152.303096}","{""R1"": 25000, ""R2"": 100000}","{""o"": 99.88414, ""s"": 100.0}","{""R1"": 3.680123e-05, ""R2"": 3.680123e-05}",True
nilsson_ex3_2_divider_25k_100k,nilsson_ex3_2_divider_25k_100k__multi_fault_16,multi_fault,R2:partial_open;R1:partial_short,"{""R1"": 2302.663351, ""R2"": 4388095.203458}","{""R1"": 25000, ""R2"": 100000}","{""o"": 99.94755, ""s"": 100.0}","{""R1"": 2.277698e-05, ""R2"": 2.277698e-05}",True
nilsson_ex3_2_divider_25k_100k,nilsson_ex3_2_divider_25k_100k__multi_fault_17,multi_fault,R2:partial_open;R1:partial_short,"{""R1"": 3312.778213, ""R2"": 2733522.063491}","{""R1"": 25000, ""R2"": 100000}","{""o"": 99.87896, ""s"": 100.0}","{""R1"": 3.653856e-05, ""R2"": 3.653856e-05}",True
nilsson_ex3_2_divider_25k_100k,nilsson_ex3_2_divider_25k_100k__multi_fault_18,multi_fault,R1:partial_open;R2:partial_short,"{""R1"": 677708.444058, ""R2"": 4666.480218}","{""R1"": 25000, ""R2"": 100000}","{""o"": 0.6838587, ""s"": 100.0}","{""R1"": 0.000146547, ""R2"": 0.000146547}",True
nilsson_ex3_2_divider_25k_100k,nilsson_ex3_2_divider_25k_100k__multi_fault_19,multi_fault,R2:partial_open;R1:partial_short,"{""R1"": 2047.219676, ""R2"": 1512024.846539}","{""R1"": 25000, ""R2"": 100000}","{""o"": 99.86479, ""s"": 100.0}","{""R1"": 6.604705e-05, ""R2"": 6.604705e-05}",True
nilsson_ex3_2_divider_25k_100k,nilsson_ex3_2_divider_25k_100k__multi_fault_20,multi_fault,R1:partial_short;R2:partial_open,"{""R1"": 3476.713105, ""R2"": 513698.905282}","{""R1"": 25000, ""R2"": 100000}","{""o"": 99.32775, ""s"": 100.0}","{""R1"": 0.0001933579, ""R2"": 0.0001933579}",True
nilsson_assess3_2_divider_25k_75k,nilsson_assess3_2_divider_25k_75k__normal_1,normal,,"{""R1"": 25077.436518, ""R2"": 74416.96202}","{""R1"": 25000, ""R2"": 75000}","{""o"": 149.5903, ""s"": 200.0}","{""R1"": 0.002010163, ""R2"": 0.002010163}",True
nilsson_assess3_2_divider_25k_75k,nilsson_assess3_2_divider_25k_75k__normal_2,normal,,"{""R1"": 25498.995151, ""R2"": 73877.987362}","{""R1"": 25000, ""R2"": 75000}","{""o"": 148.6823, ""s"": 200.0}","{""R1"": 0.002012538, ""R2"": 0.002012538}",True
nilsson_assess3_2_divider_25k_75k,nilsson_assess3_2_divider_25k_75k__normal_3,normal,,"{""R1"": 24883.311212, ""R2"": 74259.285486}","{""R1"": 25000, ""R2"": 75000}","{""o"": 149.803, ""s"": 200.0}","{""R1"": 0.002017296, ""R2"": 0.002017296}",True
nilsson_assess3_2_divider_25k_75k,nilsson_assess3_2_divider_25k_75k__normal_4,normal,,"{""R1"": 24902.685468, ""R2"": 73946.336835}","{""R1"": 25000, ""R2"": 75000}","{""o"": 149.6147, ""s"": 200.0}","{""R1"": 0.002023288, ""R2"": 0.002023288}",True
nilsson_assess3_2_divider_25k_75k,nilsson_assess3_2_divider_25k_75k__normal_5,normal,,"{""R1"": 25062.730911, ""R2"": 75262.751539}","{""R1"": 25000, ""R2"": 75000}","{""o"": 150.0372, ""s"": 200.0}","{""R1"": 0.001993511, ""R2"": 0.001993511}",True
nilsson_assess3_2_divider_25k_75k,nilsson_assess3_2_divider_25k_75k__normal_6,normal,,"{""R1"": 24955.426584, ""R2"": 75631.625784}","{""R1"": 25000, ""R2"": 75000}","{""o"": 150.3804, ""s"": 200.0}","{""R1"": 0.001988327, ""R2"": 0.001988327}",True
nilsson_assess3_2_divider_25k_75k,nilsson_assess3_2_divider_25k_75k__normal_7,normal,,"{""R1"": 24915.162353, ""R2"": 74595.993732}","{""R1"": 25000, ""R2"": 75000}","{""o"": 149.9249, ""s"": 200.0}","{""R1"": 0.002009825, ""R2"": 0.002009825}",True
nilsson_assess3_2_divider_25k_75k,nilsson_assess3_2_divider_25k_75k__normal_8,normal,,"{""R1"": 25082.442438, ""R2"": 73569.839831}","{""R1"": 25000, ""R2"": 75000}","{""o"": 149.1498, ""s"": 200.0}","{""R1"": 0.002027323, ""R2"": 0.002027323}",True
nilsson_assess3_2_divider_25k_75k,nilsson_assess3_2_divider_25k_75k__normal_9,normal,,"{""R1"": 25352.696999, ""R2"": 76444.944745}","{""R1"": 25000, ""R2"": 75000}","{""o"": 150.19, ""s"": 200.0}","{""R1"": 0.001964682, ""R2"": 0.001964682}",True
nilsson_assess3_2_divider_25k_75k,nilsson_assess3_2_divider_25k_75k__normal_10,normal,,"{""R1"": 25376.269257, ""R2"": 74122.243355}","{""R1"": 25000, ""R2"": 75000}","{""o"": 148.9917, ""s"": 200.0}","{""R1"": 0.00201008, ""R2"": 0.00201008}",True
nilsson_assess3_2_divider_25k_75k,nilsson_assess3_2_divider_25k_75k__normal_11,normal,,"{""R1"": 25173.970284, ""R2"": 73711.687296}","{""R1"": 25000, ""R2"": 75000}","{""o"": 149.0847, ""s"": 200.0}","{""R1"": 0.002022538, ""R2"": 0.002022538}",True
nilsson_assess3_2_divider_25k_75k,nilsson_assess3_2_divider_25k_75k__normal_12,normal,,"{""R1"": 25493.141548, ""R2"": 74970.521215}","{""R1"": 25000, ""R2"": 75000}","{""o"": 149.249, ""s"": 200.0}","{""R1"": 0.00199077, ""R2"": 0.00199077}",True
nilsson_assess3_2_divider_25k_75k,nilsson_assess3_2_divider_25k_75k__normal_13,normal,,"{""R1"": 24992.841723, ""R2"": 75881.783134}","{""R1"": 25000, ""R2"": 75000}","{""o"": 150.4477, ""s"": 200.0}","{""R1"": 0.001982659, ""R2"": 0.001982659}",True
nilsson_assess3_2_divider_25k_75k,nilsson_assess3_2_divider_25k_75k__normal_14,normal,,"{""R1"": 25402.32623, ""R2"": 75294.048262}","{""R1"": 25000, ""R2"": 75000}","{""o"": 149.5467, ""s"": 200.0}","{""R1"": 0.001986169, ""R2"": 0.001986169}",True
nilsson_assess3_2_divider_25k_75k,nilsson_assess3_2_divider_25k_75k__normal_15,normal,,"{""R1"": 25388.589513, ""R2"": 75149.714908}","{""R1"": 25000, ""R2"": 75000}","{""o"": 149.4947, ""s"": 200.0}","{""R1"": 0.001989292, ""R2"": 0.001989292}",True
nilsson_assess3_2_divider_25k_75k,nilsson_assess3_2_divider_25k_75k__normal_16,normal,,"{""R1"": 25033.351097, ""R2"": 75255.342094}","{""R1"": 25000, ""R2"": 75000}","{""o"": 150.0774, ""s"": 200.0}","{""R1"": 0.001994243, ""R2"": 0.001994243}",True
nilsson_assess3_2_divider_25k_75k,nilsson_assess3_2_divider_25k_75k__normal_17,normal,,"{""R1"": 24684.129332, ""R2"": 76403.064204}","{""R1"": 25000, ""R2"": 75000}","{""o"": 151.1627, ""s"": 200.0}","{""R1"": 0.00197849, ""R2"": 0.00197849}",True
nilsson_assess3_2_divider_25k_75k,nilsson_assess3_2_divider_25k_75k__normal_18,normal,,"{""R1"": 25439.348279, ""R2"": 74644.92163}","{""R1"": 25000, ""R2"": 75000}","{""o"": 149.1641, ""s"": 200.0}","{""R1"": 0.001998316, ""R2"": 0.001998316}",True
nilsson_assess3_2_divider_25k_75k,nilsson_assess3_2_divider_25k_75k__normal_19,normal,,"{""R1"": 25146.875514, ""R2"": 74900.844033}","{""R1"": 25000, ""R2"": 75000}","{""o"": 149.7302, ""s"": 200.0}","{""R1"": 0.001999046, ""R2"": 0.001999046}",True
nilsson_assess3_2_divider_25k_75k,nilsson_assess3_2_divider_25k_75k__normal_20,normal,,"{""R1"": 25429.399035, ""R2"": 76142.63885}","{""R1"": 25000, ""R2"": 75000}","{""o"": 149.9283, ""s"": 200.0}","{""R1"": 0.001969046, ""R2"": 0.001969046}",True
nilsson_assess3_2_divider_25k_75k,nilsson_assess3_2_divider_25k_75k__partial_short_1,partial_short,R2,"{""R1"": 25378.885194, ""R2"": 1557.294811}","{""R1"": 25000, ""R2"": 75000}","{""o"": 11.56285, ""s"": 200.0}","{""R1"": 0.007424958, ""R2"": 0.007424958}",True
nilsson_assess3_2_divider_25k_75k,nilsson_assess3_2_divider_25k_75k__partial_short_2,partial_short,R2,"{""R1"": 25097.109343, ""R2"": 6445.922486}","{""R1"": 25000, ""R2"": 75000}","{""o"": 40.87066, ""s"": 200.0}","{""R1"": 0.006340545, ""R2"": 0.006340545}",True
nilsson_assess3_2_divider_25k_75k,nilsson_assess3_2_divider_25k_75k__partial_short_3,partial_short,R1,"{""R1"": 1396.542391, ""R2"": 73504.633571}","{""R1"": 25000, ""R2"": 75000}","{""o"": 196.271, ""s"": 200.0}","{""R1"": 0.002670185, ""R2"": 0.002670185}",True
nilsson_assess3_2_divider_25k_75k,nilsson_assess3_2_divider_25k_75k__partial_short_4,partial_short,R1,"{""R1"": 2993.838635, ""R2"": 76244.037806}","{""R1"": 25000, ""R2"": 75000}","{""o"": 192.4434, ""s"": 200.0}","{""R1"": 0.002524045, ""R2"": 0.002524045}",True
nilsson_assess3_2_divider_25k_75k,nilsson_assess3_2_divider_25k_75k__partial_short_5,partial_short,R1,"{""R1"": 1741.15372, ""R2"": 75537.13505}","{""R1"": 25000, ""R2"": 75000}","{""o"": 195.4938, ""s"": 200.0}","{""R1"": 0.002588049, ""R2"": 0.002588049}",True
nilsson_assess3_2_divider_25k_75k,nilsson_assess3_2_divider_25k_75k__partial_short_6,partial_short,R2,"{""R1"": 25127.22201, ""R2"": 3304.039477}","{""R1"": 25000, ""R2"": 75000}","{""o"": 23.2423, ""s"": 200.0}","{""R1"": 0.00703451, ""R2"": 0.00703451}",True
nilsson_assess3_2_divider_25k_75k,nilsson_assess3_2_divider_25k_75k__partial_short_7,partial_short,R2,"{""R1"": 24730.589929, ""R2"": 8669.159988}","{""R1"": 25000, ""R2"": 75000}","{""o"": 51.91153, ""s"": 200.0}","{""R1"": 0.005988069, ""R2"": 0.005988069}",True
nilsson_assess3_2_divider_25k_75k,nilsson_assess3_2_divider_25k_75k__partial_short_8,partial_short,R2,"{""R1"": 24697.684426, ""R2"": 8895.983122}","{""R1"": 25000, ""R2"": 75000}","{""o"": 52.96226, ""s"": 200.0}","{""R1"": 0.005953503, ""R2"": 0.005953503}",True
nilsson_assess3_2_divider_25k_75k,nilsson_assess3_2_divider_25k_75k__partial_short_9,partial_short,R2,"{""R1"": 24608.510106, ""R2"": 5496.503577}","{""R1"": 25000, ""R2"": 75000}","{""o"": 36.51554, ""s"": 200.0}","{""R1"": 0.006643412, ""R2"": 0.006643412}",True
nilsson_assess3_2_divider_25k_75k,nilsson_assess3_2_divider_25k_75k__partial_short_10,partial_short,R2,"{""R1"": 25266.959724, ""R2"": 4315.909294}","{""R1"": 25000, ""R2"": 75000}","{""o"": 29.17844, ""s"": 200.0}","{""R1"": 0.006760669, ""R2"": 0.006760669}",True
nilsson_assess3_2_divider_25k_75k,nilsson_assess3_2_divider_25k_75k__partial_short_11,partial_short,R1,"{""R1"": 1011.8926, ""R2"": 76209.810751}","{""R1"": 25000, ""R2"": 75000}","{""o"": 197.3793, ""s"": 200.0}","{""R1"": 0.002589945, ""R2"": 0.002589945}",True
nilsson_assess3_2_divider_25k_75k,nilsson_assess3_2_divider_25k_75k__partial_short_12,partial_short,R1,"{""R1"": 588.287766, ""R2"": 75818.317971}","{""R1"": 25000, ""R2"": 75000}","{""o"": 198.4601, ""s"": 200.0}","{""R1"": 0.002617575, ""R2"": 0.002617575}",True
nilsson_assess3_2_divider_25k_75k,nilsson_assess3_2_divider_25k_75k__partial_short_13,partial_short,R1,"{""R1"": 2486.027238, ""R2"": 74064.115956}","{""R1"": 25000, ""R2"": 75000}","{""o"": 193.5048, ""s"": 200.0}","{""R1"": 0.002612667, ""R2"": 0.002612667}",True
nilsson_assess3_2_divider_25k_75k,nilsson_assess3_2_divider_25k_75k__partial_short_14,partial_short,R2,"{""R1"": 24796.779732, ""R2"": 1969.484486}","{""R1"": 25000, ""R2"": 75000}","{""o"": 14.71617, ""s"": 200.0}","{""R1"": 0.007472092, ""R2"": 0.007472092}",True
nilsson_assess3_2_divider_25k_75k,nilsson_assess3_2_divider_25k_75k__partial_short_15,partial_short,R1,"{""R1"": 3415.481044, ""R2"": 76433.529492}","{""R1"": 25000, ""R2"": 75000}","{""o"": 191.4452, ""s"": 200.0}","{""R1"": 0.002504727, ""R2"": 0.002504727}",True
nilsson_assess3_2_divider_25k_75k,nilsson_assess3_2_divider_25k_75k__partial_short_16,partial_short,R1,"{""R1"": 1931.489455, ""R2"": 74922.915365}","{""R1"": 25000, ""R2"": 75000}","{""o"": 194.9736, ""s"": 200.0}","{""R1"": 0.002602323, ""R2"": 0.002602323}",True
nilsson_assess3_2_divider_25k_75k,nilsson_assess3_2_divider_25k_75k__partial_short_17,partial_short,R1,"{""R1"": 2714.264358, ""R2"": 75960.789272}","{""R1"": 25000, ""R2"": 75000}","{""o"": 193.1001, ""s"": 200.0}","{""R1"": 0.002542102, ""R2"": 0.002542102}",True
nilsson_assess3_2_divider_25k_75k,nilsson_assess3_2_divider_25k_75k__partial_short_18,partial_short,R2,"{""R1"": 25329.953115, ""R2"": 9990.105349}","{""R1"": 25000, ""R2"": 75000}","{""o"": 56.56902, ""s"": 200.0}","{""R1"": 0.005662505, ""R2"": 0.005662505}",True
nilsson_assess3_2_divider_25k_75k,nilsson_assess3_2_divider_25k_75k__partial_short_19,partial_short,R1,"{""R1"": 2309.35968, ""R2"": 73746.025946}","{""R1"": 25000, ""R2"": 75000}","{""o"": 193.9272, ""s"": 200.0}","{""R1"": 0.002629663, ""R2"": 0.002629663}",True
nilsson_assess3_2_divider_25k_75k,nilsson_assess3_2_divider_25k_75k__partial_short_20,partial_short,R1,"{""R1"": 2851.106804, ""R2"": 74442.767986}","{""R1"": 25000, ""R2"": 75000}","{""o"": 192.6227, ""s"": 200.0}","{""R1"": 0.002587527, ""R2"": 0.002587527}",True
nilsson_assess3_2_divider_25k_75k,nilsson_assess3_2_divider_25k_75k__partial_open_1,partial_open,R1,"{""R1"": 869336.946854, ""R2"": 74828.970033}","{""R1"": 25000, ""R2"": 75000}","{""o"": 15.85081, ""s"": 200.0}","{""R1"": 0.0002118272, ""R2"": 0.0002118272}",True
nilsson_assess3_2_divider_25k_75k,nilsson_assess3_2_divider_25k_75k__partial_open_2,partial_open,R1,"{""R1"": 965146.403764, ""R2"": 74486.900828}","{""R1"": 25000, ""R2"": 75000}","{""o"": 14.32946, ""s"": 200.0}","{""R1"": 0.0001923755, ""R2"": 0.0001923755}",True
nilsson_assess3_2_divider_25k_75k,nilsson_assess3_2_divider_25k_75k__partial_open_3,partial_open,R2,"{""R1"": 24921.011438, ""R2"": 1313544.407055}","{""R1"": 25000, ""R2"": 75000}","{""o"": 196.2762, ""s"": 200.0}","{""R1"": 0.0001494249, ""R2"": 0.0001494249}",True
nilsson_assess3_2_divider_25k_75k,nilsson_assess3_2_divider_25k_75k__partial_open_4,partial_open,R2,"{""R1"": 25043.555153, ""R2"": 2536686.643465}","{""R1"": 25000, ""R2"": 75000}","{""o"": 198.0448, ""s"": 200.0}","{""R1"": 7.807223e-05, ""R2"": 7.807223e-05}",True
nilsson_assess3_2_divider_25k_75k,nilsson_assess3_2_divider_25k_75k__partial_open_5,partial_open,R1,"{""R1"": 1212302.117148, ""R2"": 76475.92769}","{""R1"": 25000, ""R2"": 75000}","{""o"": 11.86797, ""s"": 200.0}","{""R1"": 0.0001551858, ""R2"": 0.0001551858}",True
nilsson_assess3_2_divider_25k_75k,nilsson_assess3_2_divider_25k_75k__partial_open_6,partial_open,R1,"{""R1"": 1177250.585026, ""R2"": 76477.2184}","{""R1"": 25000, ""R2"": 75000}","{""o"": 12.19997, ""s"": 200.0}","{""R1"": 0.0001595243, ""R2"": 0.0001595243}",True
nilsson_assess3_2_divider_25k_75k,nilsson_assess3_2_divider_25k_75k__partial_open_7,partial_open,R2,"{""R1"": 25117.059733, ""R2"": 2895753.440353}","{""R1"": 25000, ""R2"": 75000}","{""o"": 198.2802, ""s"": 200.0}","{""R1"": 6.847274e-05, ""R2"": 6.847274e-05}",True
nilsson_assess3_2_divider_25k_75k,nilsson_assess3_2_divider_25k_75k__partial_open_8,partial_open,R1,"{""R1"": 843570.691504, ""R2"": 76467.867938}","{""R1"": 25000, ""R2"": 75000}","{""o"": 16.62275, ""s"": 200.0}","{""R1"": 0.0002173822, ""R2"": 0.0002173822}",True
nilsson_assess3_2_divider_25k_75k,nilsson_assess3_2_divider_25k_75k__partial_open_9,partial_open,R2,"{""R1"": 25060.458824, ""R2"": 878077.797339}","{""R1"": 25000, ""R2"": 75000}","{""o"": 194.4504, ""s"": 200.0}","{""R1"": 0.00022145, ""R2"": 0.00022145}",True
nilsson_assess3_2_divider_25k_75k,nilsson_assess3_2_divider_25k_75k__partial_open_10,partial_open,R1,"{""R1"": 1138167.51701, ""R2"": 74274.631904}","{""R1"": 25000, ""R2"": 75000}","{""o"": 12.25207, ""s"": 200.0}","{""R1"": 0.0001649563, ""R2"": 0.0001649563}",True
nilsson_assess3_2_divider_25k_75k,nilsson_assess3_2_divider_25k_75k__partial_open_11,partial_open,R1,"{""R1"": 1201002.65996, ""R2"": 74468.535374}","{""R1"": 25000, ""R2"": 75000}","{""o"": 11.67702, ""s"": 200.0}","{""R1"": 0.0001568048, ""R2"": 0.0001568048}",True
nilsson_assess3_2_divider_25k_75k,nilsson_assess3_2_divider_25k_75k__partial_open_12,partial_open,R2,"{""R1"": 25204.475331, ""R2"": 2093075.958276}","{""R1"": 25000, ""R2"": 75000}","{""o"": 197.6203, ""s"": 200.0}","{""R1"": 9.441621e-05, ""R2"": 9.441621e-05}",True
nilsson_assess3_2_divider_25k_75k,nilsson_assess3_2_divider_25k_75k__partial_open_13,partial_open,R1,"{""R1"": 869607.068356, ""R2"": 74310.504679}","{""R1"": 25000, ""R2"": 75000}","{""o"": 15.74513, ""s"": 200.0}","{""R1"": 0.0002118829, ""R2"": 0.0002118829}",True
nilsson_assess3_2_divider_25k_75k,nilsson_assess3_2_divider_25k_75k__partial_open_14,partial_open,R2,"{""R1"": 24588.472441, ""R2"": 1785950.228665}","{""R1"": 25000, ""R2"": 75000}","{""o"": 197.2839, ""s"": 200.0}","{""R1"": 0.0001104644, ""R2"": 0.0001104644}",True
nilsson_assess3_2_divider_25k_75k,nilsson_assess3_2_divider_25k_75k__partial_open_15,partial_open,R2,"{""R1"": 24586.022146, ""R2"": 1715936.741945}","{""R1"": 25000, ""R2"": 75000}","{""o"": 197.1749, ""s"": 200.0}","{""R1"": 0.000114908, ""R2"": 0.000114908}",True
nilsson_assess3_2_divider_25k_75k,nilsson_assess3_2_divider_25k_75k__partial_open_16,partial_open,R1,"{""R1"": 364654.722927, ""R2"": 76296.377833}","{""R1"": 25000, ""R2"": 75000}","{""o"": 34.60537, ""s"": 200.0}","{""R1"": 0.000453565, ""R2"": 0.000453565}",True
nilsson_assess3_2_divider_25k_75k,nilsson_assess3_2_divider_25k_75k__partial_open_17,partial_open,R2,"{""R1"": 24892.540436, ""R2"": 2749174.833884}","{""R1"": 25000, ""R2"": 75000}","{""o"": 198.2053, ""s"": 200.0}","{""R1"": 7.20963e-05, ""R2"": 7.20963e-05}",True
nilsson_assess3_2_divider_25k_75k,nilsson_assess3_2_divider_25k_75k__partial_open_18,partial_open,R1,"{""R1"": 177074.342023, ""R2"": 73893.70568}","{""R1"": 25000, ""R2"": 75000}","{""o"": 58.88694, ""s"": 200.0}","{""R1"": 0.0007969142, ""R2"": 0.0007969142}",True
nilsson_assess3_2_divider_25k_75k,nilsson_assess3_2_divider_25k_75k__partial_open_19,partial_open,R2,"{""R1"": 25321.883141, ""R2"": 1825345.811854}","{""R1"": 25000, ""R2"": 75000}","{""o"": 197.2635, ""s"": 200.0}","{""R1"": 0.0001080691, ""R2"": 0.0001080691}",True
nilsson_assess3_2_divider_25k_75k,nilsson_assess3_2_divider_25k_75k__partial_open_20,partial_open,R1,"{""R1"": 673346.912451, ""R2"": 74916.671064}","{""R1"": 25000, ""R2"": 75000}","{""o"": 20.02414, ""s"": 200.0}","{""R1"": 0.0002672855, ""R2"": 0.0002672855}",True
nilsson_assess3_2_divider_25k_75k,nilsson_assess3_2_divider_25k_75k__wrong_component_type_1,wrong_component_type,R2,"{""R1"": 24819.121859, ""R2"": 9.56e-06}","{""R1"": 25000, ""R2"": 75000}","{""o"": 200.0, ""s"": 200.0}","{""R1"": 0.0}",True
nilsson_assess3_2_divider_25k_75k,nilsson_assess3_2_divider_25k_75k__wrong_component_type_2,wrong_component_type,R1,"{""R1"": 8.26e-06, ""R2"": 76153.746808}","{""R1"": 25000, ""R2"": 75000}","{""o"": 0.0, ""s"": 200.0}","{""R2"": 0.0}",True
nilsson_assess3_2_divider_25k_75k,nilsson_assess3_2_divider_25k_75k__wrong_component_type_3,wrong_component_type,R2,"{""R1"": 24519.467326, ""R2"": 7.77e-06}","{""R1"": 25000, ""R2"": 75000}","{""o"": 200.0, ""s"": 200.0}","{""R1"": -1.15915e-18}",True
nilsson_assess3_2_divider_25k_75k,nilsson_assess3_2_divider_25k_75k__wrong_component_type_4,wrong_component_type,R2,"{""R1"": 24954.580736, ""R2"": 1.47e-06}","{""R1"": 25000, ""R2"": 75000}","{""o"": 200.0, ""s"": 200.0}","{""R1"": 1.138938e-18}",True
nilsson_assess3_2_divider_25k_75k,nilsson_assess3_2_divider_25k_75k__wrong_component_type_5,wrong_component_type,R1,"{""R1"": 5.36e-06, ""R2"": 74507.056797}","{""R1"": 25000, ""R2"": 75000}","{""o"": 0.0, ""s"": 200.0}","{""R2"": 0.0}",True
nilsson_assess3_2_divider_25k_75k,nilsson_assess3_2_divider_25k_75k__wrong_component_type_6,wrong_component_type,R2,"{""R1"": 25061.729452, ""R2"": 8.49e-06}","{""R1"": 25000, ""R2"": 75000}","{""o"": 200.0, ""s"": 200.0}","{""R1"": 0.0}",True
nilsson_assess3_2_divider_25k_75k,nilsson_assess3_2_divider_25k_75k__wrong_component_type_7,wrong_component_type,R2,"{""R1"": 25189.355263, ""R2"": 3.26e-06}","{""R1"": 25000, ""R2"": 75000}","{""o"": 200.0, ""s"": 200.0}","{""R1"": -1.12832e-18}",True
nilsson_assess3_2_divider_25k_75k,nilsson_assess3_2_divider_25k_75k__wrong_component_type_8,wrong_component_type,R2,"{""R1"": 24895.95594, ""R2"": 3.09e-06}","{""R1"": 25000, ""R2"": 75000}","{""o"": 200.0, ""s"": 200.0}","{""R1"": -1.14162e-18}",True
nilsson_assess3_2_divider_25k_75k,nilsson_assess3_2_divider_25k_75k__wrong_component_type_9,wrong_component_type,R1,"{""R1"": 7.83e-06, ""R2"": 76228.082187}","{""R1"": 25000, ""R2"": 75000}","{""o"": 0.0, ""s"": 200.0}","{""R2"": 0.0}",True
nilsson_assess3_2_divider_25k_75k,nilsson_assess3_2_divider_25k_75k__wrong_component_type_10,wrong_component_type,R2,"{""R1"": 25246.346337, ""R2"": 8.59e-06}","{""R1"": 25000, ""R2"": 75000}","{""o"": 200.0, ""s"": 200.0}","{""R1"": 0.0}",True
nilsson_assess3_2_divider_25k_75k,nilsson_assess3_2_divider_25k_75k__wrong_component_type_11,wrong_component_type,R2,"{""R1"": 24543.998156, ""R2"": 4.39e-06}","{""R1"": 25000, ""R2"": 75000}","{""o"": 200.0, ""s"": 200.0}","{""R1"": 1.15799e-18}",True
nilsson_assess3_2_divider_25k_75k,nilsson_assess3_2_divider_25k_75k__wrong_component_type_12,wrong_component_type,R2,"{""R1"": 24988.640718, ""R2"": 1.56e-06}","{""R1"": 25000, ""R2"": 75000}","{""o"": 200.0, ""s"": 200.0}","{""R1"": -1.13739e-18}",True
nilsson_assess3_2_divider_25k_75k,nilsson_assess3_2_divider_25k_75k__wrong_component_type_13,wrong_component_type,R2,"{""R1"": 25170.032541, ""R2"": 9.72e-06}","{""R1"": 25000, ""R2"": 75000}","{""o"": 200.0, ""s"": 200.0}","{""R1"": 0.0}",True
nilsson_assess3_2_divider_25k_75k,nilsson_assess3_2_divider_25k_75k__wrong_component_type_14,wrong_component_type,R1,"{""R1"": 6.53e-06, ""R2"": 76154.833477}","{""R1"": 25000, ""R2"": 75000}","{""o"": 0.0, ""s"": 200.0}","{""R2"": 0.0}",True
nilsson_assess3_2_divider_25k_75k,nilsson_assess3_2_divider_25k_75k__wrong_component_type_15,wrong_component_type,R2,"{""R1"": 25196.862522, ""R2"": 6.77e-06}","{""R1"": 25000, ""R2"": 75000}","{""o"": 200.0, ""s"": 200.0}","{""R1"": 0.0}",True
nilsson_assess3_2_divider_25k_75k,nilsson_assess3_2_divider_25k_75k__wrong_component_type_16,wrong_component_type,R2,"{""R1"": 25076.607946, ""R2"": 4.56e-06}","{""R1"": 25000, ""R2"": 75000}","{""o"": 200.0, ""s"": 200.0}","{""R1"": 1.133395e-18}",True
nilsson_assess3_2_divider_25k_75k,nilsson_assess3_2_divider_25k_75k__wrong_component_type_17,wrong_component_type,R2,"{""R1"": 24882.219107, ""R2"": 7.44e-06}","{""R1"": 25000, ""R2"": 75000}","{""o"": 200.0, ""s"": 200.0}","{""R1"": 0.0}",True
nilsson_assess3_2_divider_25k_75k,nilsson_assess3_2_divider_25k_75k__wrong_component_type_18,wrong_component_type,R1,"{""R1"": 4.18e-06, ""R2"": 75539.751381}","{""R1"": 25000, ""R2"": 75000}","{""o"": 0.0, ""s"": 200.0}","{""R2"": 0.0}",True
nilsson_assess3_2_divider_25k_75k,nilsson_assess3_2_divider_25k_75k__wrong_component_type_19,wrong_component_type,R2,"{""R1"": 25483.027542, ""R2"": 9.91e-06}","{""R1"": 25000, ""R2"": 75000}","{""o"": 200.0, ""s"": 200.0}","{""R1"": 0.0}",True
nilsson_assess3_2_divider_25k_75k,nilsson_assess3_2_divider_25k_75k__wrong_component_type_20,wrong_component_type,R2,"{""R1"": 24689.494075, ""R2"": 9.76e-06}","{""R1"": 25000, ""R2"": 75000}","{""o"": 200.0, ""s"": 200.0}","{""R1"": 0.0}",True
nilsson_assess3_2_divider_25k_75k,nilsson_assess3_2_divider_25k_75k__multi_fault_1,multi_fault,R1:partial_short;R2:partial_open,"{""R1"": 2909.055446, ""R2"": 3111852.372824}","{""R1"": 25000, ""R2"": 75000}","{""o"": 199.8132, ""s"": 200.0}","{""R1"": 6.421038e-05, ""R2"": 6.421038e-05}",True
nilsson_assess3_2_divider_25k_75k,nilsson_assess3_2_divider_25k_75k__multi_fault_2,multi_fault,R1:partial_open;R2:partial_short,"{""R1"": 993674.83903, ""R2"": 4449.340291}","{""R1"": 25000, ""R2"": 75000}","{""o"": 0.8915404, ""s"": 200.0}","{""R1"": 0.0002003759, ""R2"": 0.0002003759}",True
nilsson_assess3_2_divider_25k_75k,nilsson_assess3_2_divider_25k_75k__multi_fault_3,multi_fault,R1:partial_short;R2:partial_open,"{""R1"": 1440.392191, ""R2"": 3575499.456199}","{""R1"": 25000, ""R2"": 75000}","{""o"": 199.9195, ""s"": 200.0}","{""R1"": 5.591372e-05, ""R2"": 5.591372e-05}",True
nilsson_assess3_2_divider_25k_75k,nilsson_assess3_2_divider_25k_75k__multi_fault_4,multi_fault,R2:partial_open;R1:partial_short,"{""R1"": 3541.13671, ""R2"": 2822472.902292}","{""R1"": 25000, ""R2"": 75000}","{""o"": 199.7494, ""s"": 200.0}","{""R1"": 7.077106e-05, ""R2"": 7.077106e-05}",True
nilsson_assess3_2_divider_25k_75k,nilsson_assess3_2_divider_25k_75k__multi_fault_5,multi_fault,R1:partial_short;R2:partial_open,"{""R1"": 2895.817261, ""R2"": 2100558.879133}","{""R1"": 25000, ""R2"": 75000}","{""o"": 199.7247, ""s"": 200.0}","{""R1"": 9.508168e-05, ""R2"": 9.508168e-05}",True
nilsson_assess3_2_divider_25k_75k,nilsson_assess3_2_divider_25k_75k__multi_fault_6,multi_fault,R1:partial_short;R2:partial_open,"{""R1"": 2268.854947, ""R2"": 3714465.537674}","{""R1"": 25000, ""R2"": 75000}","{""o"": 199.8779, ""s"": 200.0}","{""R1"": 5.381068e-05, ""R2"": 5.381068e-05}",True
nilsson_assess3_2_divider_25k_75k,nilsson_assess3_2_divider_25k_75k__multi_fault_7,multi_fault,R1:partial_open;R2:partial_short,"{""R1"": 1142380.89196, ""R2"": 2211.629711}","{""R1"": 25000, ""R2"": 75000}","{""o"": 0.3864484, ""s"": 200.0}","{""R1"": 0.0001747347, ""R2"": 0.0001747347}",True
nilsson_assess3_2_divider_25k_75k,nilsson_assess3_2_divider_25k_75k__multi_fault_8,multi_fault,R1:partial_short;R2:partial_open,"{""R1"": 743.02033, ""R2"": 3391446.996951}","{""R1"": 25000, ""R2"": 75000}","{""o"": 199.9562, ""s"": 200.0}","{""R1"": 5.895896e-05, ""R2"": 5.895896e-05}",True
nilsson_assess3_2_divider_25k_75k,nilsson_assess3_2_divider_25k_75k__multi_fault_9,multi_fault,R2:partial_short;R1:partial_open,"{""R1"": 961932.286421, ""R2"": 3916.810666}","{""R1"": 25000, ""R2"": 75000}","{""o"": 0.8110606, ""s"": 200.0}","{""R1"": 0.0002070717, ""R2"": 0.0002070717}",True
nilsson_assess3_2_divider_25k_75k,nilsson_assess3_2_divider_25k_75k__multi_fault_10,multi_fault,R1:partial_open;R2:partial_short,"{""R1"": 878839.32391, ""R2"": 10533.278968}","{""R1"": 25000, ""R2"": 75000}","{""o"": 2.368699, ""s"": 200.0}","{""R1"": 0.0002248776, ""R2"": 0.0002248776}",True
nilsson_assess3_2_divider_25k_75k,nilsson_assess3_2_divider_25k_75k__multi_fault_11,multi_fault,R1:partial_short;R2:partial_open,"{""R1"": 987.077785, ""R2"": 3453530.946936}","{""R1"": 25000, ""R2"": 75000}","{""o"": 199.9429, ""s"": 200.0}","{""R1"": 5.78952e-05, ""R2"": 5.78952e-05}",True
nilsson_assess3_2_divider_25k_75k,nilsson_assess3_2_divider_25k_75k__multi_fault_12,multi_fault,R1:partial_short;R2:partial_open,"{""R1"": 420.636707, ""R2"": 2424686.166696}","{""R1"": 25000, ""R2"": 75000}","{""o"": 199.9653, ""s"": 200.0}","{""R1"": 8.247059e-05, ""R2"": 8.247059e-05}",True
nilsson_assess3_2_divider_25k_75k,nilsson_assess3_2_divider_25k_75k__multi_fault_13,multi_fault,R2:partial_open;R1:partial_short,"{""R1"": 1936.045962, ""R2"": 3694521.167334}","{""R1"": 25000, ""R2"": 75000}","{""o"": 199.8952, ""s"": 200.0}","{""R1"": 5.410586e-05, ""R2"": 5.410586e-05}",True
nilsson_assess3_2_divider_25k_75k,nilsson_assess3_2_divider_25k_75k__multi_fault_14,multi_fault,R1:partial_short;R2:partial_open,"{""R1"": 280.703377, ""R2"": 2222283.159845}","{""R1"": 25000, ""R2"": 75000}","{""o"": 199.9747, ""s"": 200.0}","{""R1"": 8.998617e-05, ""R2"": 8.998617e-05}",True
nilsson_assess3_2_divider_25k_75k,nilsson_assess3_2_divider_25k_75k__multi_fault_15,multi_fault,R1:partial_short;R2:partial_open,"{""R1"": 309.232079, ""R2"": 1153004.061724}","{""R1"": 25000, ""R2"": 75000}","{""o"": 199.9464, ""s"": 200.0}","{""R1"": 0.0001734134, ""R2"": 0.0001734134}",True
nilsson_assess3_2_divider_25k_75k,nilsson_assess3_2_divider_25k_75k__multi_fault_16,multi_fault,R1:partial_short;R2:partial_open,"{""R1"": 494.339617, ""R2"": 933054.669864}","{""R1"": 25000, ""R2"": 75000}","{""o"": 199.8941, ""s"": 200.0}","{""R1"": 0.0002142362, ""R2"": 0.0002142362}",True
nilsson_assess3_2_divider_25k_75k,nilsson_assess3_2_divider_25k_75k__multi_fault_17,multi_fault,R1:partial_short;R2:partial_open,"{""R1"": 2943.842097, ""R2"": 2809155.393933}","{""R1"": 25000, ""R2"": 75000}","{""o"": 199.7906, ""s"": 200.0}","{""R1"": 7.112125e-05, ""R2"": 7.112125e-05}",True
nilsson_assess3_2_divider_25k_75k,nilsson_assess3_2_divider_25k_75k__multi_fault_18,multi_fault,R1:partial_short;R2:partial_open,"{""R1"": 2474.295786, ""R2"": 1385575.642569}","{""R1"": 25000, ""R2"": 75000}","{""o"": 199.6435, ""s"": 200.0}","{""R1"": 0.000144087, ""R2"": 0.000144087}",True
nilsson_assess3_2_divider_25k_75k,nilsson_assess3_2_divider_25k_75k__multi_fault_19,multi_fault,R1:partial_short;R2:partial_open,"{""R1"": 1716.333446, ""R2"": 1472596.563538}","{""R1"": 25000, ""R2"": 75000}","{""o"": 199.7672, ""s"": 200.0}","{""R1"": 0.0001356564, ""R2"": 0.0001356564}",True
nilsson_assess3_2_divider_25k_75k,nilsson_assess3_2_divider_25k_75k__multi_fault_20,multi_fault,R1:partial_open;R2:partial_short,"{""R1"": 238180.369999, ""R2"": 6638.819894}","{""R1"": 25000, ""R2"": 75000}","{""o"": 5.423447, ""s"": 200.0}","{""R1"": 0.0008169294, ""R2"": 0.0008169294}",True
nilsson_assess3_1_current_ladder,nilsson_assess3_1_current_ladder__normal_1,normal,,"{""R1"": 29.632929, ""R2"": 7.34341, ""R3"": 64.656651, ""R4"": 6.032076, ""R5"": 10.021089, ""I1"": 5}","{""R1"": 30, ""R2"": 7.2, ""R3"": 64, ""R4"": 6, ""R5"": 10}","{""A"": 60.06557, ""B"": 23.86704, ""M"": 38.23352}","{""R1"": 2.026987, ""R2"": 2.973013, ""R3"": 0.5913316, ""R4"": 2.381681, ""R5"": 2.381681}",True
nilsson_assess3_1_current_ladder,nilsson_assess3_1_current_ladder__normal_2,normal,,"{""R1"": 30.365985, ""R2"": 7.332253, ""R3"": 64.994525, ""R4"": 5.9934, ""R5"": 10.053641, ""I1"": 5}","{""R1"": 30, ""R2"": 7.2, ""R3"": 64, ""R4"": 6, ""R5"": 10}","{""A"": 60.656, ""B"": 24.20893, ""M"": 38.6409}","{""R1"": 1.997498, ""R2"": 3.002502, ""R3"": 0.5945254, ""R4"": 2.407976, ""R5"": 2.407976}",True
nilsson_assess3_1_current_ladder,nilsson_assess3_1_current_ladder__normal_3,normal,,"{""R1"": 30.540385, ""R2"": 7.197833, ""R3"": 63.273719, ""R4"": 5.978249, ""R5"": 9.947421, ""I1"": 5}","{""R1"": 30, ""R2"": 7.2, ""R3"": 64, ""R4"": 6, ""R5"": 10}","{""A"": 60.28344, ""B"": 24.04896, ""M"": 38.50203}","{""R1"": 1.973893, ""R2"": 3.026107, ""R3"": 0.6084995, ""R4"": 2.417608, ""R5"": 2.417608}",True
nilsson_assess3_1_current_ladder,nilsson_assess3_1_current_ladder__normal_4,normal,,"{""R1"": 29.583836, ""R2"": 7.211681, ""R3"": 62.993752, ""R4"": 6.038173, ""R5"": 9.810881, ""I1"": 5}","{""R1"": 30, ""R2"": 7.2, ""R3"": 64, ""R4"": 6, ""R5"": 10}","{""A"": 59.44076, ""B"": 23.44371, ""M"": 37.87229}","{""R1"": 2.009231, ""R2"": 2.990769, ""R3"": 0.6012071, ""R4"": 2.389562, ""R5"": 2.389562}",True
nilsson_assess3_1_current_ladder,nilsson_assess3_1_current_ladder__normal_5,normal,,"{""R1"": 29.725819, ""R2"": 7.280999, ""R3"": 65.234253, ""R4"": 5.898104, ""R5"": 10.132118, ""I1"": 5}","{""R1"": 30, ""R2"": 7.2, ""R3"": 64, ""R4"": 6, ""R5"": 10}","{""A"": 60.04506, ""B"": 24.238, ""M"": 38.34742}","{""R1"": 2.019963, ""R2"": 2.980037, ""R3"": 0.5878417, ""R4"": 2.392195, ""R5"": 2.392195}",True
nilsson_assess3_1_current_ladder,nilsson_assess3_1_current_ladder__normal_6,normal,,"{""R1"": 30.347155, ""R2"": 7.332516, ""R3"": 63.223081, ""R4"": 5.965432, ""R5"": 9.913088, ""I1"": 5}","{""R1"": 30, ""R2"": 7.2, ""R3"": 64, ""R4"": 6, ""R5"": 10}","{""A"": 60.31875, ""B"": 23.86758, ""M"": 38.23046}","{""R1"": 1.987625, ""R2"": 3.012375, ""R3"": 0.6046915, ""R4"": 2.407684, ""R5"": 2.407684}",True
nilsson_assess3_1_current_ladder,nilsson_assess3_1_current_ladder__normal_7,normal,,"{""R1"": 30.404448, ""R2"": 7.171325, ""R3"": 64.444523, ""R4"": 6.072506, ""R5"": 10.158548, ""I1"": 5}","{""R1"": 30, ""R2"": 7.2, ""R3"": 64, ""R4"": 6, ""R5"": 10}","{""A"": 60.56929, ""B"": 24.40822, ""M"": 38.9988}","{""R1"": 1.992119, ""R2"": 3.007881, ""R3"": 0.6051531, ""R4"": 2.402728, ""R5"": 2.402728}",True
nilsson_assess3_1_current_ladder,nilsson_assess3_1_current_ladder__normal_8,normal,,"{""R1"": 30.032997, ""R2"": 7.253671, ""R3"": 62.942709, ""R4"": 5.902179, ""R5"": 10.021007, ""I1"": 5}","{""R1"": 30, ""R2"": 7.2, ""R3"": 64, ""R4"": 6, ""R5"": 10}","{""A"": 59.95775, ""B"": 24.02206, ""M"": 38.17059}","{""R1"": 1.996396, ""R2"": 3.003604, ""R3"": 0.6064339, ""R4"": 2.39717, ""R5"": 2.39717}",True
nilsson_assess3_1_current_ladder,nilsson_assess3_1_current_ladder__normal_9,normal,,"{""R1"": 30.051501, ""R2"": 7.239626, ""R3"": 64.697352, ""R4"": 5.998334, ""R5"": 10.070109, ""I1"": 5}","{""R1"": 30, ""R2"": 7.2, ""R3"": 64, ""R4"": 6, ""R5"": 10}","{""A"": 60.24121, ""B"": 24.16285, ""M"": 38.55563}","{""R1"": 2.004599, ""R2"": 2.995401, ""R3"": 0.5959383, ""R4"": 2.399463, ""R5"": 2.399463}",True
nilsson_assess3_1_current_ladder,nilsson_assess3_1_current_ladder__normal_10,normal,,"{""R1"": 29.760101, ""R2"": 7.305182, ""R3"": 63.26911, ""R4"": 6.02881, ""R5"": 10.125725, ""I1"": 5}","{""R1"": 30, ""R2"": 7.2, ""R3"": 64, ""R4"": 6, ""R5"": 10}","{""A"": 60.11714, ""B"": 24.03675, ""M"": 38.34812}","{""R1"": 2.020058, ""R2"": 2.979942, ""R3"": 0.6061113, ""R4"": 2.37383, ""R5"": 2.37383}",True
nilsson_assess3_1_current_ladder,nilsson_assess3_1_current_ladder__normal_11,normal,,"{""R1"": 29.841089, ""R2"": 7.133518, ""R3"": 65.175334, ""R4"": 5.938576, ""R5"": 10.110557, ""I1"": 5}","{""R1"": 30, ""R2"": 7.2, ""R3"": 64, ""R4"": 6, ""R5"": 10}","{""A"": 59.89308, ""B"": 24.2811, ""M"": 38.54294}","{""R1"": 2.007068, ""R2"": 2.992932, ""R3"": 0.5913732, ""R4"": 2.401559, ""R5"": 2.401559}",True
nilsson_assess3_1_current_ladder,nilsson_assess3_1_current_ladder__normal_12,normal,,"{""R1"": 30.062888, ""R2"": 7.082608, ""R3"": 64.653354, ""R4"": 6.050179, ""R5"": 9.969567, ""I1"": 5}","{""R1"": 30, ""R2"": 7.2, ""R3"": 64, ""R4"": 6, ""R5"": 10}","{""A"": 59.90797, ""B"": 24.02743, ""M"": 38.60884}","{""R1"": 1.992755, ""R2"": 3.007245, ""R3"": 0.5971668, ""R4"": 2.410078, ""R5"": 2.410078}",True
nilsson_assess3_1_current_ladder,nilsson_assess3_1_current_ladder__normal_13,normal,,"{""R1"": 30.580951, ""R2"": 7.322465, ""R3"": 64.948818, ""R4"": 6.085466, ""R5"": 10.07782, ""I1"": 5}","{""R1"": 30, ""R2"": 7.2, ""R3"": 64, ""R4"": 6, ""R5"": 10}","{""A"": 60.94101, ""B"": 24.2671, ""M"": 38.92072}","{""R1"": 1.992777, ""R2"": 3.007223, ""R3"": 0.5992522, ""R4"": 2.407971, ""R5"": 2.407971}",True
nilsson_assess3_1_current_ladder,nilsson_assess3_1_current_ladder__normal_14,normal,,"{""R1"": 30.527976, ""R2"": 7.250462, ""R3"": 63.757609, ""R4"": 5.969659, ""R5"": 9.871956, ""I1"": 5}","{""R1"": 30, ""R2"": 7.2, ""R3"": 64, ""R4"": 6, ""R5"": 10}","{""A"": 60.30709, ""B"": 23.91577, ""M"": 38.37785}","{""R1"": 1.97547, ""R2"": 3.02453, ""R3"": 0.6019336, ""R4"": 2.422597, ""R5"": 2.422597}",True
nilsson_assess3_1_current_ladder,nilsson_assess3_1_current_ladder__normal_15,normal,,"{""R1"": 30.576587, ""R2"": 7.283937, ""R3"": 64.756484, ""R4"": 6.066796, ""R5"": 10.048663, ""I1"": 5}","{""R1"": 30, ""R2"": 7.2, ""R3"": 64, ""R4"": 6, ""R5"": 10}","{""A"": 60.79839, ""B"": 24.23212, ""M"": 38.86206}","{""R1"": 1.988397, ""R2"": 3.011603, ""R3"": 0.6001262, ""R4"": 2.411477, ""R5"": 2.411477}",True
nilsson_assess3_1_current_ladder,nilsson_assess3_1_current_ladder__normal_16,normal,,"{""R1"": 30.283721, ""R2"": 7.071455, ""R3"": 63.019926, ""R4"": 5.93579, ""R5"": 10.098229, ""I1"": 5}","{""R1"": 30, ""R2"": 7.2, ""R3"": 64, ""R4"": 6, ""R5"": 10}","{""A"": 59.95904, ""B"": 24.31193, ""M"": 38.60261}","{""R1"": 1.97991, ""R2"": 3.02009, ""R3"": 0.6125461, ""R4"": 2.407544, ""R5"": 2.407544}",True
nilsson_assess3_1_current_ladder,nilsson_assess3_1_current_ladder__normal_17,normal,,"{""R1"": 29.838371, ""R2"": 7.142397, ""R3"": 65.271748, ""R4"": 5.895243, ""R5"": 9.927115, ""I1"": 5}","{""R1"": 30, ""R2"": 7.2, ""R3"": 64, ""R4"": 6, ""R5"": 10}","{""A"": 59.65044, ""B"": 23.97772, ""M"": 38.21695}","{""R1"": 1.999118, ""R2"": 3.000882, ""R3"": 0.5855052, ""R4"": 2.415376, ""R5"": 2.415376}",True
nilsson_assess3_1_current_ladder,nilsson_assess3_1_current_ladder__normal_18,normal,,"{""R1"": 30.136592, ""R2"": 7.077795, ""R3"": 64.814321, ""R4"": 6.100395, ""R5"": 10.059347, ""I1"": 5}","{""R1"": 30, ""R2"": 7.2, ""R3"": 64, ""R4"": 6, ""R5"": 10}","{""A"": 60.13171, ""B"": 24.1933, ""M"": 38.8651}","{""R1"": 1.995306, ""R2"": 3.004694, ""R3"": 0.5996375, ""R4"": 2.405057, ""R5"": 2.405057}",True
nilsson_assess3_1_current_ladder,nilsson_assess3_1_current_ladder__normal_19,normal,,"{""R1"": 29.912362, ""R2"": 7.098656, ""R3"": 65.093959, ""R4"": 5.909816, ""R5"": 10.092779, ""I1"": 5}","{""R1"": 30, ""R2"": 7.2, ""R3"": 64, ""R4"": 6, ""R5"": 10}","{""A"": 59.82818, ""B"": 24.30265, ""M"": 38.53304}","{""R1"": 2.000116, ""R2"": 2.999884, ""R3"": 0.5919602, ""R4"": 2.407924, ""R5"": 2.407924}",True
nilsson_assess3_1_current_ladder,nilsson_assess3_1_current_ladder__normal_20,normal,,"{""R1"": 30.138009, ""R2"": 7.092403, ""R3"": 63.61587, ""R4"": 6.007084, ""R5"": 9.857728, ""I1"": 5}","{""R1"": 30, ""R2"": 7.2, ""R3"": 64, ""R4"": 6, ""R5"": 10}","{""A"": 59.73004, ""B"": 23.81314, ""M"": 38.32434}","{""R1"": 1.981884, ""R2"": 3.018116, ""R3"": 0.6024337, ""R4"": 2.415682, ""R5"": 2.415682}",True
nilsson_assess3_1_current_ladder,nilsson_assess3_1_current_ladder__partial_short_1,partial_short,R5,"{""R1"": 29.638616, ""R2"": 7.129871, ""R3"": 64.485411, ""R4"": 5.939656, ""R5"": 1.159772, ""I1"": 5}","{""R1"": 30, ""R2"": 7.2, ""R3"": 64, ""R4"": 6, ""R5"": 10}","{""A"": 46.43571, ""B"": 3.586914, ""M"": 21.95694}","{""R1"": 1.56673, ""R2"": 3.43327, ""R3"": 0.3404946, ""R4"": 3.092775, ""R5"": 3.092775}",True
nilsson_assess3_1_current_ladder,nilsson_assess3_1_current_ladder__partial_short_2,partial_short,R3,"{""R1"": 30.19268, ""R2"": 7.068075, ""R3"": 0.900601, ""R4"": 6.054818, ""R5"": 10.030945, ""I1"": 5}","{""R1"": 30, ""R2"": 7.2, ""R3"": 64, ""R4"": 6, ""R5"": 10}","{""A"": 31.37384, ""B"": 2.106519, ""M"": 3.378044}","{""R1"": 1.039121, ""R2"": 3.960879, ""R3"": 3.750877, ""R4"": 0.2100021, ""R5"": 0.2100021}",True
nilsson_assess3_1_current_ladder,nilsson_assess3_1_current_ladder__partial_short_3,partial_short,R2,"{""R1"": 29.951323, ""R2"": 0.901446, ""R3"": 64.767099, ""R4"": 6.005354, ""R5"": 9.83097, ""I1"": 5}","{""R1"": 30, ""R2"": 7.2, ""R3"": 64, ""R4"": 6, ""R5"": 10}","{""A"": 46.82762, ""B"": 27.14683, ""M"": 43.72976}","{""R1"": 1.563457, ""R2"": 3.436543, ""R3"": 0.6751848, ""R4"": 2.761358, ""R5"": 2.761358}",True
nilsson_assess3_1_current_ladder,nilsson_assess3_1_current_ladder__partial_short_4,partial_short,R2,"{""R1"": 29.971018, ""R2"": 0.514986, ""R3"": 64.07113, ""R4"": 5.977057, ""R5"": 9.927708, ""I1"": 5}","{""R1"": 30, ""R2"": 7.2, ""R3"": 64, ""R4"": 6, ""R5"": 10}","{""A"": 45.95644, ""B"": 27.57152, ""M"": 44.17117}","{""R1"": 1.533363, ""R2"": 3.466637, ""R3"": 0.6894084, ""R4"": 2.777229, ""R5"": 2.777229}",True
nilsson_assess3_1_current_ladder,nilsson_assess3_1_current_ladder__partial_short_5,partial_short,R3,"{""R1"": 29.750601, ""R2"": 7.248237, ""R3"": 2.58751, ""R4"": 5.99104, ""R5"": 10.166938, ""I1"": 5}","{""R1"": 30, ""R2"": 7.2, ""R3"": 64, ""R4"": 6, ""R5"": 10}","{""A"": 35.94181, ""B"": 5.321474, ""M"": 8.457242}","{""R1"": 1.208104, ""R2"": 3.791896, ""R3"": 3.268487, ""R4"": 0.5234097, ""R5"": 0.5234097}",True
nilsson_assess3_1_current_ladder,nilsson_assess3_1_current_ladder__partial_short_6,partial_short,R4,"{""R1"": 29.685291, ""R2"": 7.058482, ""R3"": 64.660473, ""R4"": 0.420089, ""R5"": 9.869442, ""I1"": 5}","{""R1"": 30, ""R2"": 7.2, ""R3"": 64, ""R4"": 6, ""R5"": 10}","{""A"": 51.84569, ""B"": 27.70187, ""M"": 28.88099}","{""R1"": 1.746511, ""R2"": 3.253489, ""R3"": 0.4466561, ""R4"": 2.806833, ""R5"": 2.806833}",True
nilsson_assess3_1_current_ladder,nilsson_assess3_1_current_ladder__partial_short_7,partial_short,R1,"{""R1"": 0.47888, ""R2"": 7.183251, ""R3"": 63.919161, ""R4"": 5.912984, ""R5"": 10.062052, ""I1"": 5}","{""R1"": 30, ""R2"": 7.2, ""R3"": 64, ""R4"": 6, ""R5"": 10}","{""A"": 2.338311, ""B"": 0.9428794, ""M"": 1.496964}","{""R1"": 4.882874, ""R2"": 0.1171261, ""R3"": 0.02341965, ""R4"": 0.09370647, ""R5"": 0.09370647}",True
nilsson_assess3_1_current_ladder,nilsson_assess3_1_current_ladder__partial_short_8,partial_short,R3,"{""R1"": 29.769842, ""R2"": 7.221401, ""R3"": 5.964235, ""R4"": 6.117724, ""R5"": 9.973273, ""I1"": 5}","{""R1"": 30, ""R2"": 7.2, ""R3"": 64, ""R4"": 6, ""R5"": 10}","{""A"": 41.6664, ""B"": 9.710228, ""M"": 15.6666}","{""R1"": 1.399618, ""R2"": 3.600382, ""R3"": 2.626757, ""R4"": 0.973625, ""R5"": 0.973625}",True
nilsson_assess3_1_current_ladder,nilsson_assess3_1_current_ladder__partial_short_9,partial_short,R4,"{""R1"": 30.483591, ""R2"": 7.192688, ""R3"": 63.906113, ""R4"": 0.162568, ""R5"": 10.14028, ""I1"": 5}","{""R1"": 30, ""R2"": 7.2, ""R3"": 64, ""R4"": 6, ""R5"": 10}","{""A"": 52.60326, ""B"": 28.5933, ""M"": 29.05171}","{""R1"": 1.725626, ""R2"": 3.274374, ""R3"": 0.4545998, ""R4"": 2.819775, ""R5"": 2.819775}",True
nilsson_assess3_1_current_ladder,nilsson_assess3_1_current_ladder__partial_short_10,partial_short,R5,"{""R1"": 29.537843, ""R2"": 7.283394, ""R3"": 64.142122, ""R4"": 5.901286, ""R5"": 0.887395, ""I1"": 5}","{""R1"": 30, ""R2"": 7.2, ""R3"": 64, ""R4"": 6, ""R5"": 10}","{""A"": 46.14354, ""B"": 2.758723, ""M"": 21.10457}","{""R1"": 1.562184, ""R2"": 3.437816, ""R3"": 0.3290282, ""R4"": 3.108788, ""R5"": 3.108788}",True
nilsson_assess3_1_current_ladder,nilsson_assess3_1_current_ladder__partial_short_11,partial_short,R5,"{""R1"": 29.505935, ""R2"": 7.282419, ""R3"": 64.67244, ""R4"": 6.114933, ""R5"": 0.48485, ""I1"": 5}","{""R1"": 30, ""R2"": 7.2, ""R3"": 64, ""R4"": 6, ""R5"": 10}","{""A"": 45.76936, ""B"": 1.517314, ""M"": 20.65369}","{""R1"": 1.551192, ""R2"": 3.448808, ""R3"": 0.3193585, ""R4"": 3.12945, ""R5"": 3.12945}",True
nilsson_assess3_1_current_ladder,nilsson_assess3_1_current_ladder__partial_short_12,partial_short,R4,"{""R1"": 30.30292, ""R2"": 7.308475, ""R3"": 64.503268, ""R4"": 0.705447, ""R5"": 9.898594, ""I1"": 5}","{""R1"": 30, ""R2"": 7.2, ""R3"": 64, ""R4"": 6, ""R5"": 10}","{""A"": 53.2376, ""B"": 27.57023, ""M"": 29.53509}","{""R1"": 1.756847, ""R2"": 3.243153, ""R3"": 0.4578852, ""R4"": 2.785268, ""R5"": 2.785268}",True
nilsson_assess3_1_current_ladder,nilsson_assess3_1_current_ladder__partial_short_13,partial_short,R3,"{""R1"": 30.152459, ""R2"": 7.329491, ""R3"": 8.833029, ""R4"": 5.970525, ""R5"": 10.080597, ""I1"": 5}","{""R1"": 30, ""R2"": 7.2, ""R3"": 64, ""R4"": 6, ""R5"": 10}","{""A"": 45.48437, ""B"": 12.4936, ""M"": 19.8933}","{""R1"": 1.50848, ""R2"": 3.49152, ""R3"": 2.252149, ""R4"": 1.239371, ""R5"": 1.239371}",True
nilsson_assess3_1_current_ladder,nilsson_assess3_1_current_ladder__partial_short_14,partial_short,R2,"{""R1"": 29.444904, ""R2"": 0.744941, ""R3"": 63.801712, ""R4"": 5.988213, ""R5"": 9.996896, ""I1"": 5}","{""R1"": 30, ""R2"": 7.2, ""R3"": 64, ""R4"": 6, ""R5"": 10}","{""A"": 46.34548, ""B"": 27.3878, ""M"": 43.79329}","{""R1"": 1.573973, ""R2"": 3.426027, ""R3"": 0.6863968, ""R4"": 2.73963, ""R5"": 2.73963}",True
nilsson_assess3_1_current_ladder,nilsson_assess3_1_current_ladder__partial_short_15,partial_short,R1,"{""R1"": 2.926526, ""R2"": 7.335366, ""R3"": 64.562769, ""R4"": 6.065935, ""R5"": 9.821991, ""I1"": 5}","{""R1"": 30, ""R2"": 7.2, ""R3"": 64, ""R4"": 6, ""R5"": 10}","{""A"": 12.77175, ""B"": 5.012066, ""M"": 8.107453}","{""R1"": 4.364135, ""R2"": 0.6358649, ""R3"": 0.1255747, ""R4"": 0.5102902, ""R5"": 0.5102902}",True
nilsson_assess3_1_current_ladder,nilsson_assess3_1_current_ladder__partial_short_16,partial_short,R5,"{""R1"": 30.168434, ""R2"": 7.209644, ""R3"": 64.422586, ""R4"": 5.898936, ""R5"": 0.68208, ""I1"": 5}","{""R1"": 30, ""R2"": 7.2, ""R3"": 64, ""R4"": 6, ""R5"": 10}","{""A"": 45.86492, ""B"": 2.153453, ""M"": 20.77749}","{""R1"": 1.520295, ""R2"": 3.479705, ""R3"": 0.3225188, ""R4"": 3.157186, ""R5"": 3.157186}",True
nilsson_assess3_1_current_ladder,nilsson_assess3_1_current_ladder__partial_short_17,partial_short,R4,"{""R1"": 30.088113, ""R2"": 7.300212, ""R3"": 62.970494, ""R4"": 0.085017, ""R5"": 10.055495, ""I1"": 5}","{""R1"": 30, ""R2"": 7.2, ""R3"": 64, ""R4"": 6, ""R5"": 10}","{""A"": 52.30001, ""B"": 28.24954, ""M"": 28.48838}","{""R1"": 1.738228, ""R2"": 3.261772, ""R3"": 0.4524084, ""R4"": 2.809363, ""R5"": 2.809363}",True
nilsson_assess3_1_current_ladder,nilsson_assess3_1_current_ladder__partial_short_18,partial_short,R5,"{""R1"": 29.548754, ""R2"": 7.332265, ""R3"": 64.193937, ""R4"": 6.111768, ""R5"": 1.235273, ""I1"": 5}","{""R1"": 30, ""R2"": 7.2, ""R3"": 64, ""R4"": 6, ""R5"": 10}","{""A"": 47.32305, ""B"": 3.766919, ""M"": 22.40453}","{""R1"": 1.601524, ""R2"": 3.398476, ""R3"": 0.3490131, ""R4"": 3.049463, ""R5"": 3.049463}",True
nilsson_assess3_1_current_ladder,nilsson_assess3_1_current_ladder__partial_short_19,partial_short,R1,"{""R1"": 2.872734, ""R2"": 7.190611, ""R3"": 62.825991, ""R4"": 6.045401, ""R5"": 9.950606, ""I1"": 5}","{""R1"": 30, ""R2"": 7.2, ""R3"": 64, ""R4"": 6, ""R5"": 10}","{""A"": 12.55493, ""B"": 4.993691, ""M"": 8.027562}","{""R1"": 4.370378, ""R2"": 0.6296224, ""R3"": 0.1277745, ""R4"": 0.5018479, ""R5"": 0.5018479}",True
nilsson_assess3_1_current_ladder,nilsson_assess3_1_current_ladder__partial_short_20,partial_short,R4,"{""R1"": 29.973196, ""R2"": 7.205445, ""R3"": 64.562355, ""R4"": 0.234317, ""R5"": 10.038621, ""I1"": 5}","{""R1"": 30, ""R2"": 7.2, ""R3"": 64, ""R4"": 6, ""R5"": 10}","{""A"": 52.30237, ""B"": 28.19043, ""M"": 28.84844}","{""R1"": 1.744971, ""R2"": 3.255029, ""R3"": 0.4468307, ""R4"": 2.808198, ""R5"": 2.808198}",True
nilsson_assess3_1_current_ladder,nilsson_assess3_1_current_ladder__partial_open_1,partial_open,R4,"{""R1"": 29.873137, ""R2"": 7.337338, ""R3"": 63.740358, ""R4"": 149.116617, ""R5"": 9.819294, ""I1"": 5}","{""R1"": 30, ""R2"": 7.2, ""R3"": 64, ""R4"": 6, ""R5"": 10}","{""A"": 95.41487, ""B"": 5.076191, ""M"": 82.16366}","{""R1"": 3.194002, ""R2"": 1.805998, ""R3"": 1.289037, ""R4"": 0.5169609, ""R5"": 0.5169609}",True
nilsson_assess3_1_current_ladder,nilsson_assess3_1_current_ladder__partial_open_2,partial_open,R5,"{""R1"": 29.50331, ""R2"": 7.227759, ""R3"": 63.876989, ""R4"": 6.04017, ""R5"": 74.804757, ""I1"": 5}","{""R1"": 30, ""R2"": 7.2, ""R3"": 64, ""R4"": 6, ""R5"": 10}","{""A"": 87.41471, ""B"": 67.25993, ""M"": 72.69088}","{""R1"": 2.962878, ""R2"": 2.037122, ""R3"": 1.137982, ""R4"": 0.8991397, ""R5"": 0.8991397}",True
nilsson_assess3_1_current_ladder,nilsson_assess3_1_current_ladder__partial_open_3,partial_open,R1,"{""R1"": 858.837438, ""R2"": 7.24326, ""R3"": 64.967564, ""R4"": 6.017697, ""R5"": 10.14949, ""I1"": 5}","{""R1"": 30, ""R2"": 7.2, ""R3"": 64, ""R4"": 6, ""R5"": 10}","{""A"": 98.62616, ""B"": 39.70205, ""M"": 63.24165}","{""R1"": 0.1148368, ""R2"": 4.885163, ""R3"": 0.9734343, ""R4"": 3.911729, ""R5"": 3.911729}",True
nilsson_assess3_1_current_ladder,nilsson_assess3_1_current_ladder__partial_open_4,partial_open,R2,"{""R1"": 30.28364, ""R2"": 245.979638, ""R3"": 64.545407, ""R4"": 6.011738, ""R5"": 10.136126, ""I1"": 5}","{""R1"": 30, ""R2"": 7.2, ""R3"": 64, ""R4"": 6, ""R5"": 10}","{""A"": 135.5613, ""B"": 4.245318, ""M"": 6.763217}","{""R1"": 4.476387, ""R2"": 0.5236128, ""R3"": 0.1047823, ""R4"": 0.4188305, ""R5"": 0.4188305}",True
nilsson_assess3_1_current_ladder,nilsson_assess3_1_current_ladder__partial_open_5,partial_open,R4,"{""R1"": 29.713732, ""R2"": 7.261722, ""R3"": 63.077765, ""R4"": 253.928531, ""R5"": 10.112384, ""I1"": 5}","{""R1"": 30, ""R2"": 7.2, ""R3"": 64, ""R4"": 6, ""R5"": 10}","{""A"": 98.34079, ""B"": 3.296189, ""M"": 86.06563}","{""R1"": 3.309607, ""R2"": 1.690393, ""R3"": 1.364437, ""R4"": 0.3259557, ""R5"": 0.3259557}",True
nilsson_assess3_1_current_ladder,nilsson_assess3_1_current_ladder__partial_open_6,partial_open,R5,"{""R1"": 30.467342, ""R2"": 7.198741, ""R3"": 65.112216, ""R4"": 6.037939, ""R5"": 400.914291, ""I1"": 5}","{""R1"": 30, ""R2"": 7.2, ""R3"": 64, ""R4"": 6, ""R5"": 10}","{""A"": 102.8545, ""B"": 89.81045, ""M"": 91.16303}","{""R1"": 3.375895, ""R2"": 1.624105, ""R3"": 1.400091, ""R4"": 0.2240141, ""R5"": 0.2240141}",True
nilsson_assess3_1_current_ladder,nilsson_assess3_1_current_ladder__partial_open_7,partial_open,R2,"{""R1"": 29.676537, ""R2"": 175.652582, ""R3"": 63.063908, ""R4"": 5.947737, ""R5"": 10.043037, ""I1"": 5}","{""R1"": 30, ""R2"": 7.2, ""R3"": 64, ""R4"": 6, ""R5"": 10}","{""A"": 128.1911, ""B"": 5.450986, ""M"": 8.679196}","{""R1"": 4.319612, ""R2"": 0.6803881, ""R3"": 0.1376254, ""R4"": 0.5427627, ""R5"": 0.5427627}",True
nilsson_assess3_1_current_ladder,nilsson_assess3_1_current_ladder__partial_open_8,partial_open,R4,"{""R1"": 30.458536, ""R2"": 7.27964, ""R3"": 64.582689, ""R4"": 154.255368, ""R5"": 9.908097, ""I1"": 5}","{""R1"": 30, ""R2"": 7.2, ""R3"": 64, ""R4"": 6, ""R5"": 10}","{""A"": 97.12825, ""B"": 5.066437, ""M"": 83.94386}","{""R1"": 3.188868, ""R2"": 1.811132, ""R3"": 1.299789, ""R4"": 0.5113431, ""R5"": 0.5113431}",True
nilsson_assess3_1_current_ladder,nilsson_assess3_1_current_ladder__partial_open_9,partial_open,R2,"{""R1"": 30.228012, ""R2"": 265.556991, ""R3"": 62.936499, ""R4"": 5.93834, ""R5"": 9.876119, ""I1"": 5}","{""R1"": 30, ""R2"": 7.2, ""R3"": 64, ""R4"": 6, ""R5"": 10}","{""A"": 136.3271, ""B"": 3.867808, ""M"": 6.193455}","{""R1"": 4.50996, ""R2"": 0.4900404, ""R3"": 0.098408, ""R4"": 0.3916324, ""R5"": 0.3916324}",True
nilsson_assess3_1_current_ladder,nilsson_assess3_1_current_ladder__partial_open_10,partial_open,R2,"{""R1"": 30.240169, ""R2"": 285.033679, ""R3"": 64.585451, ""R4"": 6.012578, ""R5"": 9.81793, ""I1"": 5}","{""R1"": 30, ""R2"": 7.2, ""R3"": 64, ""R4"": 6, ""R5"": 10}","{""A"": 137.2603, ""B"": 3.635035, ""M"": 5.86116}","{""R1"": 4.539005, ""R2"": 0.4609951, ""R3"": 0.09075047, ""R4"": 0.3702446, ""R5"": 0.3702446}",True
nilsson_assess3_1_current_ladder,nilsson_assess3_1_current_ladder__partial_open_11,partial_open,R1,"{""R1"": 1419.211167, ""R2"": 7.289456, ""R3"": 62.898993, ""R4"": 6.107566, ""R5"": 10.199779, ""I1"": 5}","{""R1"": 30, ""R2"": 7.2, ""R3"": 64, ""R4"": 6, ""R5"": 10}","{""A"": 99.77399, ""B"": 39.92959, ""M"": 63.83918}","{""R1"": 0.07030243, ""R2"": 4.929698, ""R3"": 1.014948, ""R4"": 3.91475, ""R5"": 3.91475}",True
nilsson_assess3_1_current_ladder,nilsson_assess3_1_current_ladder__partial_open_12,partial_open,R4,"{""R1"": 29.406226, ""R2"": 7.31112, ""R3"": 63.716615, ""R4"": 131.030886, ""R5"": 10.154831, ""I1"": 5}","{""R1"": 30, ""R2"": 7.2, ""R3"": 64, ""R4"": 6, ""R5"": 10}","{""A"": 93.40177, ""B"": 5.758931, ""M"": 80.06817}","{""R1"": 3.176258, ""R2"": 1.823742, ""R3"": 1.256629, ""R4"": 0.5671124, ""R5"": 0.5671124}",True
nilsson_assess3_1_current_ladder,nilsson_assess3_1_current_ladder__partial_open_13,partial_open,R1,"{""R1"": 543.168779, ""R2"": 7.317081, ""R3"": 63.218216, ""R4"": 6.020673, ""R5"": 9.886152, ""I1"": 5}","{""R1"": 30, ""R2"": 7.2, ""R3"": 64, ""R4"": 6, ""R5"": 10}","{""A"": 96.57002, ""B"": 38.08919, ""M"": 61.28552}","{""R1"": 0.1777901, ""R2"": 4.82221, ""R3"": 0.9694282, ""R4"": 3.852782, ""R5"": 3.852782}",True
nilsson_assess3_1_current_ladder,nilsson_assess3_1_current_ladder__partial_open_14,partial_open,R5,"{""R1"": 30.244528, ""R2"": 7.287301, ""R3"": 63.151575, ""R4"": 5.914318, ""R5"": 363.90345, ""I1"": 5}","{""R1"": 30, ""R2"": 7.2, ""R3"": 64, ""R4"": 6, ""R5"": 10}","{""A"": 101.2222, ""B"": 87.74864, ""M"": 89.17477}","{""R1"": 3.346793, ""R2"": 1.653207, ""R3"": 1.412075, ""R4"": 0.2411316, ""R5"": 0.2411316}",True
nilsson_assess3_1_current_ladder,nilsson_assess3_1_current_ladder__partial_open_15,partial_open,R5,"{""R1"": 29.594122, ""R2"": 7.065125, ""R3"": 65.044752, ""R4"": 6.106745, ""R5"": 405.208674, ""I1"": 5}","{""R1"": 30, ""R2"": 7.2, ""R3"": 64, ""R4"": 6, ""R5"": 10}","{""A"": 100.7939, ""B"": 88.20192, ""M"": 89.53117}","{""R1"": 3.405875, ""R2"": 1.594125, ""R3"": 1.376455, ""R4"": 0.2176704, ""R5"": 0.2176704}",True
nilsson_assess3_1_current_ladder,nilsson_assess3_1_current_ladder__partial_open_16,partial_open,R1,"{""R1"": 414.610239, ""R2"": 7.070256, ""R3"": 64.679147, ""R4"": 5.902156, ""R5"": 9.986808, ""I1"": 5}","{""R1"": 30, ""R2"": 7.2, ""R3"": 64, ""R4"": 6, ""R5"": 10}","{""A"": 94.60487, ""B"": 38.2571, ""M"": 60.86686}","{""R1"": 0.2281778, ""R2"": 4.771822, ""R3"": 0.9410586, ""R4"": 3.830764, ""R5"": 3.830764}",True
nilsson_assess3_1_current_ladder,nilsson_assess3_1_current_ladder__partial_open_17,partial_open,R1,"{""R1"": 261.314928, ""R2"": 7.270092, ""R3"": 64.664563, ""R4"": 6.040299, ""R5"": 10.168544, ""I1"": 5}","{""R1"": 30, ""R2"": 7.2, ""R3"": 64, ""R4"": 6, ""R5"": 10}","{""A"": 93.88339, ""B"": 37.73162, ""M"": 60.14488}","{""R1"": 0.359273, ""R2"": 4.640727, ""R3"": 0.9301057, ""R4"": 3.710621, ""R5"": 3.710621}",True
nilsson_assess3_1_current_ladder,nilsson_assess3_1_current_ladder__partial_open_18,partial_open,R5,"{""R1"": 29.947609, ""R2"": 7.281872, ""R3"": 64.009681, ""R4"": 6.033923, ""R5"": 442.396353, ""I1"": 5}","{""R1"": 30, ""R2"": 7.2, ""R3"": 64, ""R4"": 6, ""R5"": 10}","{""A"": 101.6458, ""B"": 88.74161, ""M"": 89.95197}","{""R1"": 3.39412, ""R2"": 1.60588, ""R3"": 1.405287, ""R4"": 0.200593, ""R5"": 0.200593}",True
nilsson_assess3_1_current_ladder,nilsson_assess3_1_current_ladder__partial_open_19,partial_open,R4,"{""R1"": 29.536758, ""R2"": 7.068642, ""R3"": 64.883352, ""R4"": 156.485428, ""R5"": 9.804669, ""I1"": 5}","{""R1"": 30, ""R2"": 7.2, ""R3"": 64, ""R4"": 6, ""R5"": 10}","{""A"": 95.30379, ""B"": 4.880125, ""M"": 82.76837}","{""R1"": 3.226616, ""R2"": 1.773384, ""R3"": 1.275649, ""R4"": 0.4977348, ""R5"": 0.4977348}",True
nilsson_assess3_1_current_ladder,nilsson_assess3_1_current_ladder__partial_open_20,partial_open,R2,"{""R1"": 29.422805, ""R2"": 286.235019, ""R3"": 63.118421, ""R4"": 6.094055, ""R5"": 10.161852, ""I1"": 5}","{""R1"": 30, ""R2"": 7.2, ""R3"": 64, ""R4"": 6, ""R5"": 10}","{""A"": 133.9408, ""B"": 3.617895, ""M"": 5.787543}","{""R1"": 4.552279, ""R2"": 0.4477205, ""R3"": 0.09169341, ""R4"": 0.3560271, ""R5"": 0.3560271}",True
nilsson_assess3_1_current_ladder,nilsson_assess3_1_current_ladder__wrong_component_type_1,wrong_component_type,R4,"{""R1"": 30.071582, ""R2"": 7.304112, ""R3"": 63.223264, ""R4"": 5.89e-06, ""R5"": 10.136035, ""I1"": 5}","{""R1"": 30, ""R2"": 7.2, ""R3"": 64, ""R4"": 6, ""R5"": 10}","{""A"": 105.4121, ""B"": 0.0, ""M"": 94.49519}","{""R1"": 3.505373, ""R2"": 1.494627, ""R3"": 1.494627, ""R5"": 0.0}",True
nilsson_assess3_1_current_ladder,nilsson_assess3_1_current_ladder__wrong_component_type_2,wrong_component_type,R2,"{""R1"": 30.090914, ""R2"": 4.04e-06, ""R3"": 63.885962, ""R4"": 5.988344, ""R5"": 9.829656, ""I1"": 5}","{""R1"": 30, ""R2"": 7.2, ""R3"": 64, ""R4"": 6, ""R5"": 10}","{""A"": 150.4546, ""B"": 0.0, ""M"": 0.0}","{""R1"": 5.0, ""R3"": 0.0, ""R4"": 0.0, ""R5"": 0.0}",True
nilsson_assess3_1_current_ladder,nilsson_assess3_1_current_ladder__wrong_component_type_3,wrong_component_type,R1,"{""R1"": 9.16e-06, ""R2"": 7.236307, ""R3"": 64.827581, ""R4"": 5.958797, ""R5"": 9.9199, ""I1"": 5}","{""R1"": 30, ""R2"": 7.2, ""R3"": 64, ""R4"": 6, ""R5"": 10}","{""A"": 99.95461, ""B"": 39.84096, ""M"": 63.77308}","{""R2"": 5.0, ""R3"": 0.9837337, ""R4"": 4.016266, ""R5"": 4.016266}",True
nilsson_assess3_1_current_ladder,nilsson_assess3_1_current_ladder__wrong_component_type_4,wrong_component_type,R1,"{""R1"": 7.29e-06, ""R2"": 7.318298, ""R3"": 64.721844, ""R4"": 6.107353, ""R5"": 9.855687, ""I1"": 5}","{""R1"": 30, ""R2"": 7.2, ""R3"": 64, ""R4"": 6, ""R5"": 10}","{""A"": 100.6157, ""B"": 39.52898, ""M"": 64.02422}","{""R2"": 5.0, ""R3"": 0.9892212, ""R4"": 4.010779, ""R5"": 4.010779}",True
nilsson_assess3_1_current_ladder,nilsson_assess3_1_current_ladder__wrong_component_type_5,wrong_component_type,R3,"{""R1"": 30.125306, ""R2"": 7.060884, ""R3"": 8.04e-06, ""R4"": 6.013861, ""R5"": 9.977538, ""I1"": 5}","{""R1"": 30, ""R2"": 7.2, ""R3"": 64, ""R4"": 6, ""R5"": 10}","{""A"": 65.29603, ""B"": 28.26157, ""M"": 45.29594}","{""R1"": 2.167481, ""R2"": 2.832519, ""R4"": 2.832519, ""R5"": 2.832519}",True
nilsson_assess3_1_current_ladder,nilsson_assess3_1_current_ladder__wrong_component_type_6,wrong_component_type,R4,"{""R1"": 29.856767, ""R2"": 7.10651, ""R3"": 63.246291, ""R4"": 8.18e-06, ""R5"": 9.921234, ""I1"": 5}","{""R1"": 30, ""R2"": 7.2, ""R3"": 64, ""R4"": 6, ""R5"": 10}","{""A"": 104.8057, ""B"": 0.0, ""M"": 94.21904}","{""R1"": 3.510284, ""R2"": 1.489716, ""R3"": 1.489716, ""R5"": 0.0}",True
nilsson_assess3_1_current_ladder,nilsson_assess3_1_current_ladder__wrong_component_type_7,wrong_component_type,R1,"{""R1"": 2.9e-06, ""R2"": 7.120876, ""R3"": 64.198684, ""R4"": 6.095535, ""R5"": 10.040527, ""I1"": 5}","{""R1"": 30, ""R2"": 7.2, ""R3"": 64, ""R4"": 6, ""R5"": 10}","{""A"": 100.0792, ""B"": 40.11892, ""M"": 64.47484}","{""R2"": 5.0, ""R3"": 1.004302, ""R4"": 3.995698, ""R5"": 3.995698}",True
nilsson_assess3_1_current_ladder,nilsson_assess3_1_current_ladder__wrong_component_type_8,wrong_component_type,R4,"{""R1"": 29.497564, ""R2"": 7.072227, ""R3"": 63.585189, ""R4"": 8.24e-06, ""R5"": 10.084833, ""I1"": 5}","{""R1"": 30, ""R2"": 7.2, ""R3"": 64, ""R4"": 6, ""R5"": 10}","{""A"": 104.0498, ""B"": 0.0, ""M"": 93.63529}","{""R1"": 3.527404, ""R2"": 1.472596, ""R3"": 1.472596, ""R5"": 0.0}",True
nilsson_assess3_1_current_ladder,nilsson_assess3_1_current_ladder__wrong_component_type_9,wrong_component_type,R5,"{""R1"": 29.774192, ""R2"": 7.240396, ""R3"": 65.122216, ""R4"": 5.920731, ""R5"": 8.33e-06, ""I1"": 5}","{""R1"": 30, ""R2"": 7.2, ""R3"": 64, ""R4"": 6, ""R5"": 10}","{""A"": 105.4732, ""B"": 94.91982, ""M"": 94.91982}","{""R1"": 3.542436, ""R2"": 1.457564, ""R3"": 1.457564, ""R4"": 0.0}",True
nilsson_assess3_1_current_ladder,nilsson_assess3_1_current_ladder__wrong_component_type_10,wrong_component_type,R5,"{""R1"": 29.577846, ""R2"": 7.230156, ""R3"": 63.995314, ""R4"": 5.966881, ""R5"": 5.99e-06, ""I1"": 5}","{""R1"": 30, ""R2"": 7.2, ""R3"": 64, ""R4"": 6, ""R5"": 10}","{""A"": 104.4954, ""B"": 93.88796, ""M"": 93.88796}","{""R1"": 3.532893, ""R2"": 1.467107, ""R3"": 1.467107, ""R4"": 0.0}",True
nilsson_assess3_1_current_ladder,nilsson_assess3_1_current_ladder__wrong_component_type_11,wrong_component_type,R1,"{""R1"": 2.15e-06, ""R2"": 7.309665, ""R3"": 63.121207, ""R4"": 6.026264, ""R5"": 9.961963, ""I1"": 5}","{""R1"": 30, ""R2"": 7.2, ""R3"": 64, ""R4"": 6, ""R5"": 10}","{""A"": 100.3331, ""B"": 39.74312, ""M"": 63.78482}","{""R2"": 5.0, ""R3"": 1.010513, ""R4"": 3.989487, ""R5"": 3.989487}",True
nilsson_assess3_1_current_ladder,nilsson_assess3_1_current_ladder__wrong_component_type_12,wrong_component_type,R3,"{""R1"": 30.189328, ""R2"": 7.187991, ""R3"": 7.91e-06, ""R4"": 5.982696, ""R5"": 9.851271, ""I1"": 5}","{""R1"": 30, ""R2"": 7.2, ""R3"": 64, ""R4"": 6, ""R5"": 10}","{""A"": 65.30733, ""B"": 27.9455, ""M"": 44.91686}","{""R1"": 2.163259, ""R2"": 2.836741, ""R4"": 2.836741, ""R5"": 2.836741}",True
nilsson_assess3_1_current_ladder,nilsson_assess3_1_current_ladder__wrong_component_type_13,wrong_component_type,R1,"{""R1"": 1.62e-06, ""R2"": 7.089194, ""R3"": 63.001462, ""R4"": 6.021532, ""R5"": 10.01951, ""I1"": 5}","{""R1"": 30, ""R2"": 7.2, ""R3"": 64, ""R4"": 6, ""R5"": 10}","{""A"": 99.37418, ""B"": 39.93065, ""M"": 63.92821}","{""R2"": 5.0, ""R3"": 1.01471, ""R4"": 3.98529, ""R5"": 3.98529}",True
nilsson_assess3_1_current_ladder,nilsson_assess3_1_current_ladder__wrong_component_type_14,wrong_component_type,R2,"{""R1"": 29.877293, ""R2"": 7.49e-06, ""R3"": 63.349453, ""R4"": 6.086415, ""R5"": 9.879683, ""I1"": 5}","{""R1"": 30, ""R2"": 7.2, ""R3"": 64, ""R4"": 6, ""R5"": 10}","{""A"": 149.3865, ""B"": 0.0, ""M"": 0.0}","{""R1"": 5.0, ""R3"": 0.0, ""R4"": 0.0, ""R5"": 0.0}",True
nilsson_assess3_1_current_ladder,nilsson_assess3_1_current_ladder__wrong_component_type_15,wrong_component_type,R4,"{""R1"": 30.043831, ""R2"": 7.339231, ""R3"": 63.679752, ""R4"": 1.18e-06, ""R5"": 9.836995, ""I1"": 5}","{""R1"": 30, ""R2"": 7.2, ""R3"": 64, ""R4"": 6, ""R5"": 10}","{""A"": 105.5622, ""B"": 0.0, ""M"": 94.6532}","{""R1"": 3.513606, ""R2"": 1.486394, ""R3"": 1.486394, ""R5"": 0.0}",True
nilsson_assess3_1_current_ladder,nilsson_assess3_1_current_ladder__wrong_component_type_16,wrong_component_type,R5,"{""R1"": 30.259741, ""R2"": 7.073309, ""R3"": 63.731532, ""R4"": 6.106601, ""R5"": 1.13e-06, ""I1"": 5}","{""R1"": 30, ""R2"": 7.2, ""R3"": 64, ""R4"": 6, ""R5"": 10}","{""A"": 105.9984, ""B"": 95.40927, ""M"": 95.40927}","{""R1"": 3.50295, ""R2"": 1.49705, ""R3"": 1.49705, ""R4"": 0.0}",True
nilsson_assess3_1_current_ladder,nilsson_assess3_1_current_ladder__wrong_component_type_17,wrong_component_type,R5,"{""R1"": 29.797578, ""R2"": 7.245642, ""R3"": 64.532601, ""R4"": 5.941056, ""R5"": 6.28e-06, ""I1"": 5}","{""R1"": 30, ""R2"": 7.2, ""R3"": 64, ""R4"": 6, ""R5"": 10}","{""A"": 105.2818, ""B"": 94.65418, ""M"": 94.65418}","{""R1"": 3.533235, ""R2"": 1.466765, ""R3"": 1.466765, ""R4"": 0.0}",True
nilsson_assess3_1_current_ladder,nilsson_assess3_1_current_ladder__wrong_component_type_18,wrong_component_type,R1,"{""R1"": 7.25e-06, ""R2"": 7.244421, ""R3"": 62.959223, ""R4"": 5.969144, ""R5"": 9.977621, ""I1"": 5}","{""R1"": 30, ""R2"": 7.2, ""R3"": 64, ""R4"": 6, ""R5"": 10}","{""A"": 99.84186, ""B"": 39.8058, ""M"": 63.61976}","{""R2"": 5.0, ""R3"": 1.010491, ""R4"": 3.989509, ""R5"": 3.989509}",True
nilsson_assess3_1_current_ladder,nilsson_assess3_1_current_ladder__wrong_component_type_19,wrong_component_type,R2,"{""R1"": 30.422231, ""R2"": 1.09e-06, ""R3"": 65.069426, ""R4"": 6.024633, ""R5"": 9.952524, ""I1"": 5}","{""R1"": 30, ""R2"": 7.2, ""R3"": 64, ""R4"": 6, ""R5"": 10}","{""A"": 152.1112, ""B"": 0.0, ""M"": 0.0}","{""R1"": 5.0, ""R3"": 0.0, ""R4"": 0.0, ""R5"": 0.0}",True
nilsson_assess3_1_current_ladder,nilsson_assess3_1_current_ladder__wrong_component_type_20,wrong_component_type,R1,"{""R1"": 3.79e-06, ""R2"": 7.178744, ""R3"": 63.394856, ""R4"": 5.96494, ""R5"": 10.099703, ""I1"": 5}","{""R1"": 30, ""R2"": 7.2, ""R3"": 64, ""R4"": 6, ""R5"": 10}","{""A"": 99.97767, ""B"": 40.28903, ""M"": 64.08395}","{""R2"": 5.0, ""R3"": 1.01087, ""R4"": 3.98913, ""R5"": 3.98913}",True
nilsson_assess3_1_current_ladder,nilsson_assess3_1_current_ladder__multi_fault_1,multi_fault,R1:partial_short;R2:partial_open,"{""R1"": 4.168481, ""R2"": 147.656228, ""R3"": 64.37214, ""R4"": 5.975808, ""R5"": 10.129743, ""I1"": 5}","{""R1"": 30, ""R2"": 7.2, ""R3"": 64, ""R4"": 6, ""R5"": 10}","{""A"": 20.31492, ""B"": 1.025313, ""M"": 1.630172}","{""R1"": 4.873458, ""R2"": 0.1265422, ""R3"": 0.02532418, ""R4"": 0.101218, ""R5"": 0.101218}",True
nilsson_assess3_1_current_ladder,nilsson_assess3_1_current_ladder__multi_fault_2,multi_fault,R3:partial_open;R2:partial_short,"{""R1"": 29.546289, ""R2"": 0.864419, ""R3"": 717.609283, ""R4"": 5.991004, ""R5"": 9.802118, ""I1"": 5}","{""R1"": 30, ""R2"": 7.2, ""R3"": 64, ""R4"": 6, ""R5"": 10}","{""A"": 52.56005, ""B"": 30.89364, ""M"": 49.77568}","{""R1"": 1.778905, ""R2"": 3.221095, ""R3"": 0.0693632, ""R4"": 3.151731, ""R5"": 3.151731}",True
nilsson_assess3_1_current_ladder,nilsson_assess3_1_current_ladder__multi_fault_3,multi_fault,R2:partial_open;R4:partial_short,"{""R1"": 30.399506, ""R2"": 260.337829, ""R3"": 64.892376, ""R4"": 0.81982, ""R5"": 10.058428, ""I1"": 5}","{""R1"": 30, ""R2"": 7.2, ""R3"": 64, ""R4"": 6, ""R5"": 10}","{""A"": 136.5981, ""B"": 4.363754, ""M"": 4.719426}","{""R1"": 4.493432, ""R2"": 0.5065676, ""R3"": 0.07272697, ""R4"": 0.4338406, ""R5"": 0.4338406}",True
nilsson_assess3_1_current_ladder,nilsson_assess3_1_current_ladder__multi_fault_4,multi_fault,R1:partial_short;R5:partial_open,"{""R1"": 1.778279, ""R2"": 7.144546, ""R3"": 64.194877, ""R4"": 6.049832, ""R5"": 265.967123, ""I1"": 5}","{""R1"": 30, ""R2"": 7.2, ""R3"": 64, ""R4"": 6, ""R5"": 10}","{""A"": 8.631598, ""B"": 7.419062, ""M"": 7.58782}","{""R1"": 4.853906, ""R2"": 0.1460944, ""R3"": 0.1181998, ""R4"": 0.02789466, ""R5"": 0.02789466}",True
nilsson_assess3_1_current_ladder,nilsson_assess3_1_current_ladder__multi_fault_5,multi_fault,R4:partial_short;R3:partial_open,"{""R1"": 30.215671, ""R2"": 7.278528, ""R3"": 2155.419745, ""R4"": 0.286994, ""R5"": 10.126024, ""I1"": 5}","{""R1"": 30, ""R2"": 7.2, ""R3"": 64, ""R4"": 6, ""R5"": 10}","{""A"": 55.6917, ""B"": 31.81276, ""M"": 32.7144}","{""R1"": 1.843139, ""R2"": 3.156861, ""R3"": 0.01517774, ""R4"": 3.141683, ""R5"": 3.141683}",True
nilsson_assess3_1_current_ladder,nilsson_assess3_1_current_ladder__multi_fault_6,multi_fault,R2:partial_open;R4:partial_short,"{""R1"": 30.561243, ""R2"": 332.379981, ""R3"": 64.549075, ""R4"": 0.107676, ""R5"": 10.008271, ""I1"": 5}","{""R1"": 30, ""R2"": 7.2, ""R3"": 64, ""R4"": 6, ""R5"": 10}","{""A"": 140.242, ""B"": 3.557099, ""M"": 3.595369}","{""R1"": 4.588884, ""R2"": 0.4111157, ""R3"": 0.05569978, ""R4"": 0.355416, ""R5"": 0.355416}",True
nilsson_assess3_1_current_ladder,nilsson_assess3_1_current_ladder__multi_fault_7,multi_fault,R5:partial_open;R2:partial_short,"{""R1"": 29.563153, ""R2"": 0.319123, ""R3"": 64.158474, ""R4"": 5.94465, ""R5"": 325.509527, ""I1"": 5}","{""R1"": 30, ""R2"": 7.2, ""R3"": 64, ""R4"": 6, ""R5"": 10}","{""A"": 95.56664, ""B"": 93.29875, ""M"": 95.00263}","{""R1"": 3.232627, ""R2"": 1.767373, ""R3"": 1.48075, ""R4"": 0.2866237, ""R5"": 0.2866237}",True
nilsson_assess3_1_current_ladder,nilsson_assess3_1_current_ladder__multi_fault_8,multi_fault,R2:partial_open;R3:partial_short,"{""R1"": 30.591182, ""R2"": 122.929029, ""R3"": 9.490515, ""R4"": 6.016858, ""R5"": 9.912699, ""I1"": 5}","{""R1"": 30, ""R2"": 7.2, ""R3"": 64, ""R4"": 6, ""R5"": 10}","{""A"": 123.6139, ""B"": 3.549761, ""M"": 5.704412}","{""R1"": 4.040833, ""R2"": 0.9591669, ""R3"": 0.6010645, ""R4"": 0.3581023, ""R5"": 0.3581023}",True
nilsson_assess3_1_current_ladder,nilsson_assess3_1_current_ladder__multi_fault_9,multi_fault,R4:partial_open;R2:partial_short,"{""R1"": 30.227625, ""R2"": 0.889573, ""R3"": 63.518855, ""R4"": 170.099475, ""R5"": 10.06823, ""I1"": 5}","{""R1"": 30, ""R2"": 7.2, ""R3"": 64, ""R4"": 6, ""R5"": 10}","{""A"": 92.62654, ""B"": 5.07998, ""M"": 90.9046}","{""R1"": 3.064301, ""R2"": 1.935699, ""R3"": 1.431144, ""R4"": 0.5045554, ""R5"": 0.5045554}",True
nilsson_assess3_1_current_ladder,nilsson_assess3_1_current_ladder__multi_fault_10,multi_fault,R1:partial_short;R5:partial_open,"{""R1"": 4.024233, ""R2"": 7.269258, ""R3"": 62.926373, ""R4"": 5.978121, ""R5"": 305.048355, ""I1"": 5}","{""R1"": 30, ""R2"": 7.2, ""R3"": 64, ""R4"": 6, ""R5"": 10}","{""A"": 18.84864, ""B"": 16.23188, ""M"": 16.54998}","{""R1"": 4.683784, ""R2"": 0.3162163, ""R3"": 0.2630055, ""R4"": 0.05321084, ""R5"": 0.05321084}",True
nilsson_assess3_1_current_ladder,nilsson_assess3_1_current_ladder__multi_fault_11,multi_fault,R5:partial_open;R2:partial_short,"{""R1"": 29.877644, ""R2"": 0.31939, ""R3"": 63.880683, ""R4"": 5.940163, ""R5"": 338.672888, ""I1"": 5}","{""R1"": 30, ""R2"": 7.2, ""R3"": 64, ""R4"": 6, ""R5"": 10}","{""A"": 96.30849, ""B"": 94.09076, ""M"": 95.74107}","{""R1"": 3.22343, ""R2"": 1.77657, ""R3"": 1.498748, ""R4"": 0.2778219, ""R5"": 0.2778219}",True
nilsson_assess3_1_current_ladder,nilsson_assess3_1_current_ladder__multi_fault_12,multi_fault,R5:partial_short;R4:partial_open,"{""R1"": 29.542974, ""R2"": 7.075645, ""R3"": 63.473348, ""R4"": 207.506394, ""R5"": 1.244547, ""I1"": 5}","{""R1"": 30, ""R2"": 7.2, ""R3"": 64, ""R4"": 6, ""R5"": 10}","{""A"": 96.5503, ""B"": 0.5025635, ""M"": 84.29621}","{""R1"": 3.268131, ""R2"": 1.731869, ""R3"": 1.328057, ""R4"": 0.4038124, ""R5"": 0.4038124}",True
nilsson_assess3_1_current_ladder,nilsson_assess3_1_current_ladder__multi_fault_13,multi_fault,R5:partial_short;R2:partial_open,"{""R1"": 29.479652, ""R2"": 145.475498, ""R3"": 65.059096, ""R4"": 6.085957, ""R5"": 0.27402, ""I1"": 5}","{""R1"": 30, ""R2"": 7.2, ""R3"": 64, ""R4"": 6, ""R5"": 10}","{""A"": 123.358, ""B"": 0.2035603, ""M"": 4.724615}","{""R1"": 4.184513, ""R2"": 0.815487, ""R3"": 0.07262035, ""R4"": 0.7428666, ""R5"": 0.7428666}",True
nilsson_assess3_1_current_ladder,nilsson_assess3_1_current_ladder__multi_fault_14,multi_fault,R1:partial_open;R4:partial_short,"{""R1"": 674.91498, ""R2"": 7.173937, ""R3"": 64.645087, ""R4"": 0.154874, ""R5"": 9.938223, ""I1"": 5}","{""R1"": 30, ""R2"": 7.2, ""R3"": 64, ""R4"": 6, ""R5"": 10}","{""A"": 77.6893, ""B"": 41.99103, ""M"": 42.6454}","{""R1"": 0.1151098, ""R2"": 4.88489, ""R3"": 0.6596852, ""R4"": 4.225205, ""R5"": 4.225205}",True
nilsson_assess3_1_current_ladder,nilsson_assess3_1_current_ladder__multi_fault_15,multi_fault,R3:partial_short;R1:partial_open,"{""R1"": 1466.383659, ""R2"": 7.172022, ""R3"": 6.794657, ""R4"": 5.881404, ""R5"": 9.944864, ""I1"": 5}","{""R1"": 30, ""R2"": 7.2, ""R3"": 64, ""R4"": 6, ""R5"": 10}","{""A"": 59.14779, ""B"": 14.81523, ""M"": 23.57697}","{""R1"": 0.04033582, ""R2"": 4.959664, ""R3"": 3.469928, ""R4"": 1.489736, ""R5"": 1.489736}",True
nilsson_assess3_1_current_ladder,nilsson_assess3_1_current_ladder__multi_fault_16,multi_fault,R3:partial_open;R2:partial_short,"{""R1"": 29.520417, ""R2"": 0.723943, ""R3"": 1104.250229, ""R4"": 5.904216, ""R5"": 9.813522, ""I1"": 5}","{""R1"": 30, ""R2"": 7.2, ""R3"": 64, ""R4"": 6, ""R5"": 10}","{""A"": 52.34343, ""B"": 31.22258, ""M"": 50.00736}","{""R1"": 1.773126, ""R2"": 3.226874, ""R3"": 0.04528625, ""R4"": 3.181587, ""R5"": 3.181587}",True
nilsson_assess3_1_current_ladder,nilsson_assess3_1_current_ladder__multi_fault_17,multi_fault,R5:partial_open;R4:partial_short,"{""R1"": 29.800321, ""R2"": 7.31738, ""R3"": 64.694866, ""R4"": 0.145798, ""R5"": 199.104073, ""I1"": 5}","{""R1"": 30, ""R2"": 7.2, ""R3"": 64, ""R4"": 6, ""R5"": 10}","{""A"": 97.34345, ""B"": 84.59699, ""M"": 84.65894}","{""R1"": 3.266523, ""R2"": 1.733477, ""R3"": 1.308588, ""R4"": 0.4248883, ""R5"": 0.4248883}",True
nilsson_assess3_1_current_ladder,nilsson_assess3_1_current_ladder__multi_fault_18,multi_fault,R4:partial_open;R2:partial_short,"{""R1"": 29.617583, ""R2"": 0.955923, ""R3"": 65.093779, ""R4"": 277.475199, ""R5"": 9.833771, ""I1"": 5}","{""R1"": 30, ""R2"": 7.2, ""R3"": 64, ""R4"": 6, ""R5"": 10}","{""A"": 95.65104, ""B"": 3.215937, ""M"": 93.95861}","{""R1"": 3.229536, ""R2"": 1.770464, ""R3"": 1.443435, ""R4"": 0.3270299, ""R5"": 0.3270299}",True
nilsson_assess3_1_current_ladder,nilsson_assess3_1_current_ladder__multi_fault_19,multi_fault,R3:partial_short;R5:partial_open,"{""R1"": 29.464436, ""R2"": 7.151819, ""R3"": 2.874914, ""R4"": 6.110328, ""R5"": 109.421724, ""I1"": 5}","{""R1"": 30, ""R2"": 7.2, ""R3"": 64, ""R4"": 6, ""R5"": 10}","{""A"": 37.21019, ""B"": 9.928591, ""M"": 10.48302}","{""R1"": 1.262885, ""R2"": 3.737115, ""R3"": 3.646378, ""R4"": 0.09073693, ""R5"": 0.09073693}",True
nilsson_assess3_1_current_ladder,nilsson_assess3_1_current_ladder__multi_fault_20,multi_fault,R2:partial_open;R1:partial_short,"{""R1"": 2.116717, ""R2"": 60.660456, ""R3"": 63.061725, ""R4"": 6.012338, ""R5"": 9.958335, ""I1"": 5}","{""R1"": 30, ""R2"": 7.2, ""R3"": 64, ""R4"": 6, ""R5"": 10}","{""A"": 10.28694, ""B"": 1.113564, ""M"": 1.785878}","{""R1"": 4.859858, ""R2"": 0.1401418, ""R3"": 0.02831952, ""R4"": 0.1118223, ""R5"": 0.1118223}",True
nilsson_ex3_4_current_voltage_division,nilsson_ex3_4_current_voltage_division__normal_1,normal,,"{""R1"": 35.40817, ""R2"": 43.813004, ""R3"": 10.157583, ""R4"": 40.698005, ""R5"": 10.000521, ""R6"": 29.572503, ""R7"": 23.628619, ""I1"": 8}","{""R1"": 36, ""R2"": 44, ""R3"": 10, ""R4"": 40, ""R5"": 10, ""R6"": 30, ""R7"": 24}","{""T"": 48.23611, ""n1"": 26.67682, ""n2"": 23.78004, ""n3"": 17.77058}","{""R1"": 0.608879, ""R2"": 0.608879, ""R3"": 4.748778, ""R4"": 0.6009155, ""R5"": 0.6009155, ""R6"": 0.6009155, ""R7"": 2.041427}",True
nilsson_ex3_4_current_voltage_division,nilsson_ex3_4_current_voltage_division__normal_2,normal,,"{""R1"": 35.682105, ""R2"": 44.266998, ""R3"": 10.102226, ""R4"": 40.085746, ""R5"": 10.05622, ""R6"": 30.320157, ""R7"": 24.247987, ""I1"": 8}","{""R1"": 36, ""R2"": 44, ""R3"": 10, ""R4"": 40, ""R5"": 10, ""R6"": 30, ""R7"": 24}","{""T"": 48.43647, ""n1"": 26.81878, ""n2"": 24.30571, ""n3"": 18.25209}","{""R1"": 0.6058414, ""R2"": 0.6058414, ""R3"": 4.794634, ""R4"": 0.6019786, ""R5"": 0.6019786, ""R6"": 0.6019786, ""R7"": 1.997546}",True
nilsson_ex3_4_current_voltage_division,nilsson_ex3_4_current_voltage_division__normal_3,normal,,"{""R1"": 35.492479, ""R2"": 43.617648, ""R3"": 10.134003, ""R4"": 40.307456, ""R5"": 9.997888, ""R6"": 30.282313, ""R7"": 24.305431, ""I1"": 8}","{""R1"": 36, ""R2"": 44, ""R3"": 10, ""R4"": 40, ""R5"": 10, ""R6"": 30, ""R7"": 24}","{""T"": 48.52302, ""n1"": 26.75334, ""n2"": 24.2533, ""n3"": 18.23343}","{""R1"": 0.6133604, ""R2"": 0.6133604, ""R3"": 4.788139, ""R4"": 0.6021147, ""R5"": 0.6021147, ""R6"": 0.6021147, ""R7"": 1.996386}",True
nilsson_ex3_4_current_voltage_division,nilsson_ex3_4_current_voltage_division__normal_4,normal,,"{""R1"": 35.553338, ""R2"": 43.974757, ""R3"": 10.161931, ""R4"": 40.433988, ""R5"": 10.112394, ""R6"": 29.859454, ""R7"": 23.641142, ""I1"": 8}","{""R1"": 36, ""R2"": 44, ""R3"": 10, ""R4"": 40, ""R5"": 10, ""R6"": 30, ""R7"": 24}","{""T"": 48.27515, ""n1"": 26.69356, ""n2"": 23.99884, ""n3"": 17.92743}","{""R1"": 0.6070201, ""R2"": 0.6070201, ""R3"": 4.750589, ""R4"": 0.6003937, ""R5"": 0.6003937, ""R6"": 0.6003937, ""R7"": 2.041998}",True
nilsson_ex3_4_current_voltage_division,nilsson_ex3_4_current_voltage_division__normal_5,normal,,"{""R1"": 36.39566, ""R2"": 44.675575, ""R3"": 10.094104, ""R4"": 40.278282, ""R5"": 10.002696, ""R6"": 29.522621, ""R7"": 24.092763, ""I1"": 8}","{""R1"": 36, ""R2"": 44, ""R3"": 10, ""R4"": 40, ""R5"": 10, ""R6"": 30, ""R7"": 24}","{""T"": 48.35603, ""n1"": 26.64735, ""n2"": 23.94989, ""n3"": 17.88888}","{""R1"": 0.5964634, ""R2"": 0.5964634, ""R3"": 4.790522, ""R4"": 0.6059379, ""R5"": 0.6059379, ""R6"": 0.6059379, ""R7"": 2.007077}",True
nilsson_ex3_4_current_voltage_division,nilsson_ex3_4_current_voltage_division__normal_6,normal,,"{""R1"": 36.108811, ""R2"": 44.10928, ""R3"": 10.043916, ""R4"": 39.213565, ""R5"": 9.91071, ""R6"": 29.497874, ""R7"": 23.55642, ""I1"": 8}","{""R1"": 36, ""R2"": 44, ""R3"": 10, ""R4"": 40, ""R5"": 10, ""R6"": 30, ""R7"": 24}","{""T"": 47.84714, ""n1"": 26.30957, ""n2"": 23.98291, ""n3"": 17.95154}","{""R1"": 0.5964633, ""R2"": 0.5964633, ""R3"": 4.763794, ""R4"": 0.6085708, ""R5"": 0.6085708, ""R6"": 0.6085708, ""R7"": 2.031172}",True
nilsson_ex3_4_current_voltage_division,nilsson_ex3_4_current_voltage_division__normal_7,normal,,"{""R1"": 36.50979, ""R2"": 44.250644, ""R3"": 10.039012, ""R4"": 39.483463, ""R5"": 10.169423, ""R6"": 30.02635, ""R7"": 24.044614, ""I1"": 8}","{""R1"": 36, ""R2"": 44, ""R3"": 10, ""R4"": 40, ""R5"": 10, ""R6"": 30, ""R7"": 24}","{""T"": 48.15408, ""n1"": 26.38482, ""n2"": 24.29228, ""n3"": 18.1464}","{""R1"": 0.5962583, ""R2"": 0.5962583, ""R3"": 4.796695, ""R4"": 0.6043492, ""R5"": 0.6043492, ""R6"": 0.6043492, ""R7"": 2.002697}",True
nilsson_ex3_4_current_voltage_division,nilsson_ex3_4_current_voltage_division__normal_8,normal,,"{""R1"": 36.54751, ""R2"": 43.740844, ""R3"": 9.844112, ""R4"": 40.450358, ""R5"": 9.952057, ""R6"": 29.631776, ""R7"": 23.739645, ""I1"": 8}","{""R1"": 36, ""R2"": 44, ""R3"": 10, ""R4"": 40, ""R5"": 10, ""R6"": 30, ""R7"": 24}","{""T"": 47.43356, ""n1"": 25.84165, ""n2"": 23.46, ""n3"": 17.56175}","{""R1"": 0.59079, ""R2"": 0.59079, ""R3"": 4.81847, ""R4"": 0.5926662, ""R5"": 0.5926662, ""R6"": 0.5926662, ""R7"": 1.998074}",True
nilsson_ex3_4_current_voltage_division,nilsson_ex3_4_current_voltage_division__normal_9,normal,,"{""R1"": 36.517683, ""R2"": 44.141012, ""R3"": 9.838902, ""R4"": 40.620943, ""R5"": 10.156023, ""R6"": 30.489665, ""R7"": 23.59361, ""I1"": 8}","{""R1"": 36, ""R2"": 44, ""R3"": 10, ""R4"": 40, ""R5"": 10, ""R6"": 30, ""R7"": 24}","{""T"": 47.41449, ""n1"": 25.9479, ""n2"": 23.71446, ""n3"": 17.789}","{""R1"": 0.587841, ""R2"": 0.587841, ""R3"": 4.819083, ""R4"": 0.5834435, ""R5"": 0.5834435, ""R6"": 0.5834435, ""R7"": 2.009633}",True
nilsson_ex3_4_current_voltage_division,nilsson_ex3_4_current_voltage_division__normal_10,normal,,"{""R1"": 36.688942, ""R2"": 43.780719, ""R3"": 9.888711, ""R4"": 39.929025, ""R5"": 9.990224, ""R6"": 29.962707, ""R7"": 23.687562, ""I1"": 8}","{""R1"": 36, ""R2"": 44, ""R3"": 10, ""R4"": 40, ""R5"": 10, ""R6"": 30, ""R7"": 24}","{""T"": 47.53779, ""n1"": 25.86364, ""n2"": 23.77601, ""n3"": 17.83082}","{""R1"": 0.5907542, ""R2"": 0.5907542, ""R3"": 4.807278, ""R4"": 0.5951004, ""R5"": 0.5951004, ""R6"": 0.5951004, ""R7"": 2.006867}",True
nilsson_ex3_4_current_voltage_division,nilsson_ex3_4_current_voltage_division__normal_11,normal,,"{""R1"": 35.427076, ""R2"": 44.368338, ""R3"": 10.042353, ""R4"": 39.643888, ""R5"": 10.192585, ""R6"": 30.443258, ""R7"": 24.162005, ""I1"": 8}","{""R1"": 36, ""R2"": 44, ""R3"": 10, ""R4"": 40, ""R5"": 10, ""R6"": 30, ""R7"": 24}","{""T"": 48.20612, ""n1"": 26.80386, ""n2"": 24.40088, ""n3"": 18.28047}","{""R1"": 0.6041214, ""R2"": 0.6041214, ""R3"": 4.800281, ""R4"": 0.6004768, ""R5"": 0.6004768, ""R6"": 0.6004768, ""R7"": 1.995121}",True
nilsson_ex3_4_current_voltage_division,nilsson_ex3_4_current_voltage_division__normal_12,normal,,"{""R1"": 36.061382, ""R2"": 44.653606, ""R3"": 9.868154, ""R4"": 40.225944, ""R5"": 10.017594, ""R6"": 29.719727, ""R7"": 24.179139, ""I1"": 8}","{""R1"": 36, ""R2"": 44, ""R3"": 10, ""R4"": 40, ""R5"": 10, ""R6"": 30, ""R7"": 24}","{""T"": 47.73581, ""n1"": 26.40868, ""n2"": 23.72206, ""n3"": 17.74184}","{""R1"": 0.591412, ""R2"": 0.591412, ""R3"": 4.83736, ""R4"": 0.5969718, ""R5"": 0.5969718, ""R6"": 0.5969718, ""R7"": 1.974256}",True
nilsson_ex3_4_current_voltage_division,nilsson_ex3_4_current_voltage_division__normal_13,normal,,"{""R1"": 35.328765, ""R2"": 43.684177, ""R3"": 10.009068, ""R4"": 40.038624, ""R5"": 10.047608, ""R6"": 29.706493, ""R7"": 23.838051, ""I1"": 8}","{""R1"": 36, ""R2"": 44, ""R3"": 10, ""R4"": 40, ""R5"": 10, ""R6"": 30, ""R7"": 24}","{""T"": 47.89049, ""n1"": 26.47739, ""n2"": 23.85986, ""n3"": 17.82943}","{""R1"": 0.6061095, ""R2"": 0.6061095, ""R3"": 4.784711, ""R4"": 0.6001862, ""R5"": 0.6001862, ""R6"": 0.6001862, ""R7"": 2.008994}",True
nilsson_ex3_4_current_voltage_division,nilsson_ex3_4_current_voltage_division__normal_14,normal,,"{""R1"": 36.175499, ""R2"": 43.776224, ""R3"": 9.90606, ""R4"": 40.76066, ""R5"": 10.158597, ""R6"": 29.405731, ""R7"": 23.725834, ""I1"": 8}","{""R1"": 36, ""R2"": 44, ""R3"": 10, ""R4"": 40, ""R5"": 10, ""R6"": 30, ""R7"": 24}","{""T"": 47.60391, ""n1"": 26.06472, ""n2"": 23.44746, ""n3"": 17.42705}","{""R1"": 0.5954081, ""R2"": 0.5954081, ""R3"": 4.805534, ""R4"": 0.5926413, ""R5"": 0.5926413, ""R6"": 0.5926413, ""R7"": 2.006417}",True
nilsson_ex3_4_current_voltage_division,nilsson_ex3_4_current_voltage_division__normal_15,normal,,"{""R1"": 36.428364, ""R2"": 43.525835, ""R3"": 10.184497, ""R4"": 40.636558, ""R5"": 10.117964, ""R6"": 29.837911, ""R7"": 24.005089, ""I1"": 8}","{""R1"": 36, ""R2"": 44, ""R3"": 10, ""R4"": 40, ""R5"": 10, ""R6"": 30, ""R7"": 24}","{""T"": 48.55502, ""n1"": 26.4326, ""n2"": 24.07246, ""n3"": 17.97663}","{""R1"": 0.6072854, ""R2"": 0.6072854, ""R3"": 4.767542, ""R4"": 0.6024761, ""R5"": 0.6024761, ""R6"": 0.6024761, ""R7"": 2.022697}",True
nilsson_ex3_4_current_voltage_division,nilsson_ex3_4_current_voltage_division__normal_16,normal,,"{""R1"": 35.468319, ""R2"": 43.646328, ""R3"": 9.984247, ""R4"": 40.533125, ""R5"": 9.811356, ""R6"": 29.958542, ""R7"": 24.248305, ""I1"": 8}","{""R1"": 36, ""R2"": 44, ""R3"": 10, ""R4"": 40, ""R5"": 10, ""R6"": 30, ""R7"": 24}","{""T"": 48.05079, ""n1"": 26.50888, ""n2"": 23.79705, ""n3"": 17.92625}","{""R1"": 0.6073565, ""R2"": 0.6073565, ""R3"": 4.812661, ""R4"": 0.5983684, ""R5"": 0.5983684, ""R6"": 0.5983684, ""R7"": 1.981614}",True
nilsson_ex3_4_current_voltage_division,nilsson_ex3_4_current_voltage_division__normal_17,normal,,"{""R1"": 35.90898, ""R2"": 43.157018, ""R3"": 9.892325, ""R4"": 39.65579, ""R5"": 9.859902, ""R6"": 29.966222, ""R7"": 24.131626, ""I1"": 8}","{""R1"": 36, ""R2"": 44, ""R3"": 10, ""R4"": 40, ""R5"": 10, ""R6"": 30, ""R7"": 24}","{""T"": 47.68802, ""n1"": 26.02981, ""n2"": 23.89511, ""n3"": 17.97931}","{""R1"": 0.603142, ""R2"": 0.603142, ""R3"": 4.820709, ""R4"": 0.5999858, ""R5"": 0.5999858, ""R6"": 0.5999858, ""R7"": 1.976163}",True
nilsson_ex3_4_current_voltage_division,nilsson_ex3_4_current_voltage_division__normal_18,normal,,"{""R1"": 36.3104, ""R2"": 44.063177, ""R3"": 10.117156, ""R4"": 39.579901, ""R5"": 9.865577, ""R6"": 29.535555, ""R7"": 23.952418, ""I1"": 8}","{""R1"": 36, ""R2"": 44, ""R3"": 10, ""R4"": 40, ""R5"": 10, ""R6"": 30, ""R7"": 24}","{""T"": 48.28159, ""n1"": 26.4694, ""n2"": 24.08616, ""n3"": 18.05527}","{""R1"": 0.6007148, ""R2"": 0.6007148, ""R3"": 4.77225, ""R4"": 0.6113062, ""R5"": 0.6113062, ""R6"": 0.6113062, ""R7"": 2.015729}",True
nilsson_ex3_4_current_voltage_division,nilsson_ex3_4_current_voltage_division__normal_19,normal,,"{""R1"": 36.519955, ""R2"": 43.282936, ""R3"": 9.853748, ""R4"": 39.919526, ""R5"": 10.088426, ""R6"": 30.205891, ""R7"": 23.543037, ""I1"": 8}","{""R1"": 36, ""R2"": 44, ""R3"": 10, ""R4"": 40, ""R5"": 10, ""R6"": 30, ""R7"": 24}","{""T"": 47.34927, ""n1"": 25.68097, ""n2"": 23.78525, ""n3"": 17.83018}","{""R1"": 0.5933278, ""R2"": 0.5933278, ""R3"": 4.805205, ""R4"": 0.5902881, ""R5"": 0.5902881, ""R6"": 0.5902881, ""R7"": 2.01118}",True
nilsson_ex3_4_current_voltage_division,nilsson_ex3_4_current_voltage_division__normal_20,normal,,"{""R1"": 36.40583, ""R2"": 44.612043, ""R3"": 9.961983, ""R4"": 39.897457, ""R5"": 9.89612, ""R6"": 30.043835, ""R7"": 24.415932, ""I1"": 8}","{""R1"": 36, ""R2"": 44, ""R3"": 10, ""R4"": 40, ""R5"": 10, ""R6"": 30, ""R7"": 24}","{""T"": 48.13278, ""n1"": 26.50405, ""n2"": 24.0792, ""n3"": 18.11298}","{""R1"": 0.5941008, ""R2"": 0.5941008, ""R3"": 4.831646, ""R4"": 0.602885, ""R5"": 0.602885, ""R6"": 0.602885, ""R7"": 1.971368}",True
nilsson_ex3_4_current_voltage_division,nilsson_ex3_4_current_voltage_division__partial_short_1,partial_short,R3,"{""R1"": 36.403752, ""R2"": 44.74049, ""R3"": 1.391063, ""R4"": 40.363172, ""R5"": 9.879964, ""R6"": 29.493376, ""R7"": 24.036349, ""I1"": 8}","{""R1"": 36, ""R2"": 44, ""R3"": 10, ""R4"": 40, ""R5"": 10, ""R6"": 30, ""R7"": 24}","{""T"": 10.18663, ""n1"": 5.616599, ""n2"": 5.030086, ""n3"": 3.767885}","{""R1"": 0.1255373, ""R2"": 0.1255373, ""R3"": 7.322908, ""R4"": 0.1277536, ""R5"": 0.1277536, ""R6"": 0.1277536, ""R7"": 0.4238009}",True
nilsson_ex3_4_current_voltage_division,nilsson_ex3_4_current_voltage_division__partial_short_2,partial_short,R5,"{""R1"": 36.512839, ""R2"": 44.852139, ""R3"": 9.823041, ""R4"": 40.29072, ""R5"": 0.342192, ""R6"": 30.477876, ""R7"": 24.167673, ""I1"": 8}","{""R1"": 36, ""R2"": 44, ""R3"": 10, ""R4"": 40, ""R5"": 10, ""R6"": 30, ""R7"": 24}","{""T"": 47.18875, ""n1"": 26.01262, ""n2"": 20.45204, ""n3"": 20.22496}","{""R1"": 0.5799639, ""R2"": 0.5799639, ""R3"": 4.803884, ""R4"": 0.6635949, ""R5"": 0.6635949, ""R6"": 0.6635949, ""R7"": 1.952557}",True
nilsson_ex3_4_current_voltage_division,nilsson_ex3_4_current_voltage_division__partial_short_3,partial_short,R5,"{""R1"": 35.732456, ""R2"": 44.724405, ""R3"": 10.045746, ""R4"": 40.551983, ""R5"": 1.127614, ""R6"": 30.315478, ""R7"": 24.244682, ""I1"": 8}","{""R1"": 36, ""R2"": 44, ""R3"": 10, ""R4"": 40, ""R5"": 10, ""R6"": 30, ""R7"": 24}","{""T"": 47.87276, ""n1"": 26.61154, ""n2"": 20.90793, ""n3"": 20.15812}","{""R1"": 0.5950115, ""R2"": 0.5950115, ""R3"": 4.765476, ""R4"": 0.6649449, ""R5"": 0.6649449, ""R6"": 0.6649449, ""R7"": 1.974568}",True
nilsson_ex3_4_current_voltage_division,nilsson_ex3_4_current_voltage_division__partial_short_4,partial_short,R7,"{""R1"": 35.656492, ""R2"": 44.782599, ""R3"": 10.01302, ""R4"": 40.458937, ""R5"": 10.133462, ""R6"": 30.069127, ""R7"": 2.619009, ""I1"": 8}","{""R1"": 36, ""R2"": 44, ""R3"": 10, ""R4"": 40, ""R5"": 10, ""R6"": 30, ""R7"": 24}","{""T"": 15.79395, ""n1"": 8.792916, ""n2"": 7.871878, ""n3"": 5.887693}","{""R1"": 0.1963467, ""R2"": 0.1963467, ""R3"": 1.577341, ""R4"": 0.1958053, ""R5"": 0.1958053, ""R6"": 0.1958053, ""R7"": 6.030507}",True
nilsson_ex3_4_current_voltage_division,nilsson_ex3_4_current_voltage_division__partial_short_5,partial_short,R1,"{""R1"": 0.657615, ""R2"": 44.8209, ""R3"": 9.853404, ""R4"": 40.025108, ""R5"": 9.920891, ""R6"": 29.673942, ""R7"": 24.425744, ""I1"": 8}","{""R1"": 36, ""R2"": 44, ""R3"": 10, ""R4"": 40, ""R5"": 10, ""R6"": 30, ""R7"": 24}","{""T"": 45.2038, ""n1"": 44.55016, ""n2"": 22.47976, ""n3"": 16.84723}","{""R1"": 0.9939596, ""R2"": 0.9939596, ""R3"": 4.587633, ""R4"": 0.5677448, ""R5"": 0.5677448, ""R6"": 0.5677448, ""R7"": 1.850662}",True
nilsson_ex3_4_current_voltage_division,nilsson_ex3_4_current_voltage_division__partial_short_6,partial_short,R7,"{""R1"": 35.696199, ""R2"": 44.520868, ""R3"": 10.085787, ""R4"": 40.556639, ""R5"": 9.946718, ""R6"": 29.572569, ""R7"": 3.378784, ""I1"": 8}","{""R1"": 36, ""R2"": 44, ""R3"": 10, ""R4"": 40, ""R5"": 10, ""R6"": 30, ""R7"": 24}","{""T"": 19.04453, ""n1"": 10.56981, ""n2"": 9.398906, ""n3"": 7.033269}","{""R1"": 0.2374124, ""R2"": 0.2374124, ""R3"": 1.888254, ""R4"": 0.2378309, ""R5"": 0.2378309, ""R6"": 0.2378309, ""R7"": 5.636503}",True
nilsson_ex3_4_current_voltage_division,nilsson_ex3_4_current_voltage_division__partial_short_7,partial_short,R1,"{""R1"": 1.407365, ""R2"": 43.916235, ""R3"": 10.165704, ""R4"": 40.191019, ""R5"": 9.942338, ""R6"": 30.264884, ""R7"": 24.425896, ""I1"": 8}","{""R1"": 36, ""R2"": 44, ""R3"": 10, ""R4"": 40, ""R5"": 10, ""R6"": 30, ""R7"": 24}","{""T"": 46.0268, ""n1"": 44.5976, ""n2"": 23.01804, ""n3"": 17.3262}","{""R1"": 1.015515, ""R2"": 1.015515, ""R3"": 4.527655, ""R4"": 0.5724852, ""R5"": 0.5724852, ""R6"": 0.5724852, ""R7"": 1.884344}",True
nilsson_ex3_4_current_voltage_division,nilsson_ex3_4_current_voltage_division__partial_short_8,partial_short,R1,"{""R1"": 2.246066, ""R2"": 43.285908, ""R3"": 10.152312, ""R4"": 39.596116, ""R5"": 9.828525, ""R6"": 29.507014, ""R7"": 24.195684, ""I1"": 8}","{""R1"": 36, ""R2"": 44, ""R3"": 10, ""R4"": 40, ""R5"": 10, ""R6"": 30, ""R7"": 24}","{""T"": 45.85547, ""n1"": 43.59345, ""n2"": 22.85204, ""n3"": 17.14215}","{""R1"": 1.007105, ""R2"": 1.007105, ""R3"": 4.516751, ""R4"": 0.5809516, ""R5"": 0.5809516, ""R6"": 0.5809516, ""R7"": 1.895192}",True
nilsson_ex3_4_current_voltage_division,nilsson_ex3_4_current_voltage_division__partial_short_9,partial_short,R1,"{""R1"": 4.009816, ""R2"": 44.1, ""R3"": 9.808306, ""R4"": 39.788802, ""R5"": 9.800253, ""R6"": 30.010242, ""R7"": 24.182054, ""I1"": 8}","{""R1"": 36, ""R2"": 44, ""R3"": 10, ""R4"": 40, ""R5"": 10, ""R6"": 30, ""R7"": 24}","{""T"": 45.28573, ""n1"": 41.51129, ""n2"": 22.64904, ""n3"": 17.07346}","{""R1"": 0.9412992, ""R2"": 0.9412992, ""R3"": 4.61708, ""R4"": 0.5689212, ""R5"": 0.5689212, ""R6"": 0.5689212, ""R7"": 1.8727}",True
nilsson_ex3_4_current_voltage_division,nilsson_ex3_4_current_voltage_division__partial_short_10,partial_short,R1,"{""R1"": 2.291267, ""R2"": 43.199945, ""R3"": 10.148561, ""R4"": 39.552844, ""R5"": 10.193147, ""R6"": 30.053058, ""R7"": 24.452813, ""I1"": 8}","{""R1"": 36, ""R2"": 44, ""R3"": 10, ""R4"": 40, ""R5"": 10, ""R6"": 30, ""R7"": 24}","{""T"": 45.99156, ""n1"": 43.67509, ""n2"": 23.19558, ""n3"": 17.32084}","{""R1"": 1.010999, ""R2"": 1.010999, ""R3"": 4.53183, ""R4"": 0.5763422, ""R5"": 0.5763422, ""R6"": 0.5763422, ""R7"": 1.880829}",True
nilsson_ex3_4_current_voltage_division,nilsson_ex3_4_current_voltage_division__partial_short_11,partial_short,R2,"{""R1"": 35.876397, ""R2"": 6.440429, ""R3"": 9.974039, ""R4"": 40.288332, ""R5"": 10.13506, ""R6"": 30.256148, ""R7"": 24.370713, ""I1"": 8}","{""R1"": 36, ""R2"": 44, ""R3"": 10, ""R4"": 40, ""R5"": 10, ""R6"": 30, ""R7"": 24}","{""T"": 45.1164, ""n1"": 6.866511, ""n2"": 22.58696, ""n3"": 16.91939}","{""R1"": 1.066157, ""R2"": 1.066157, ""R3"": 4.523383, ""R4"": 0.5592049, ""R5"": 0.5592049, ""R6"": 0.5592049, ""R7"": 1.851255}",True
nilsson_ex3_4_current_voltage_division,nilsson_ex3_4_current_voltage_division__partial_short_12,partial_short,R6,"{""R1"": 35.384205, ""R2"": 43.968626, ""R3"": 10.079009, ""R4"": 40.247648, ""R5"": 10.041926, ""R6"": 3.609284, ""R7"": 23.854139, ""I1"": 8}","{""R1"": 36, ""R2"": 44, ""R3"": 10, ""R4"": 40, ""R5"": 10, ""R6"": 30, ""R7"": 24}","{""T"": 46.43259, ""n1"": 25.72785, ""n2"": 11.7602, ""n3"": 3.109313}","{""R1"": 0.585141, ""R2"": 0.585141, ""R3"": 4.606861, ""R4"": 0.8614764, ""R5"": 0.8614764, ""R6"": 0.8614764, ""R7"": 1.946522}",True
nilsson_ex3_4_current_voltage_division,nilsson_ex3_4_current_voltage_division__partial_short_13,partial_short,R5,"{""R1"": 35.281864, ""R2"": 44.84437, ""R3"": 10.183002, ""R4"": 40.479728, ""R5"": 0.304698, ""R6"": 29.441216, ""R7"": 24.335809, ""I1"": 8}","{""R1"": 36, ""R2"": 44, ""R3"": 10, ""R4"": 40, ""R5"": 10, ""R6"": 30, ""R7"": 24}","{""T"": 48.1885, ""n1"": 26.96973, ""n2"": 20.41151, ""n3"": 20.20242}","{""R1"": 0.6014073, ""R2"": 0.6014073, ""R3"": 4.732249, ""R4"": 0.6861953, ""R5"": 0.6861953, ""R6"": 0.6861953, ""R7"": 1.980148}",True
nilsson_ex3_4_current_voltage_division,nilsson_ex3_4_current_voltage_division__partial_short_14,partial_short,R3,"{""R1"": 35.526726, ""R2"": 44.848018, ""R3"": 0.159224, ""R4"": 40.697858, ""R5"": 9.845406, ""R6"": 29.71656, ""R7"": 24.279564, ""I1"": 8}","{""R1"": 36, ""R2"": 44, ""R3"": 10, ""R4"": 40, ""R5"": 10, ""R6"": 30, ""R7"": 24}","{""T"": 1.260528, ""n1"": 0.7033574, ""n2"": 0.6213439, ""n3"": 0.466716}","{""R1"": 0.01568313, ""R2"": 0.01568313, ""R3"": 7.916694, ""R4"": 0.01570559, ""R5"": 0.01570559, ""R6"": 0.01570559, ""R7"": 0.05191723}",True
nilsson_ex3_4_current_voltage_division,nilsson_ex3_4_current_voltage_division__partial_short_15,partial_short,R1,"{""R1"": 3.77904, ""R2"": 44.431587, ""R3"": 9.904583, ""R4"": 39.80181, ""R5"": 9.840378, ""R6"": 30.537252, ""R7"": 24.298285, ""I1"": 8}","{""R1"": 36, ""R2"": 44, ""R3"": 10, ""R4"": 40, ""R5"": 10, ""R6"": 30, ""R7"": 24}","{""T"": 45.6275, ""n1"": 42.05094, ""n2"": 22.97759, ""n3"": 17.37775}","{""R1"": 0.9464199, ""R2"": 0.9464199, ""R3"": 4.606706, ""R4"": 0.5690673, ""R5"": 0.5690673, ""R6"": 0.5690673, ""R7"": 1.877807}",True
nilsson_ex3_4_current_voltage_division,nilsson_ex3_4_current_voltage_division__partial_short_16,partial_short,R4,"{""R1"": 36.296225, ""R2"": 44.718845, ""R3"": 9.944537, ""R4"": 1.287656, ""R5"": 9.910307, ""R6"": 30.44442, ""R7"": 23.759915, ""I1"": 8}","{""R1"": 36, ""R2"": 44, ""R3"": 10, ""R4"": 40, ""R5"": 10, ""R6"": 30, ""R7"": 24}","{""T"": 44.69204, ""n1"": 24.66919, ""n2"": 43.31008, ""n3"": 32.674}","{""R1"": 0.5516509, ""R2"": 0.5516509, ""R3"": 4.49413, ""R4"": 1.073234, ""R5"": 1.073234, ""R6"": 1.073234, ""R7"": 1.880985}",True
nilsson_ex3_4_current_voltage_division,nilsson_ex3_4_current_voltage_division__partial_short_17,partial_short,R2,"{""R1"": 35.700258, ""R2"": 3.730628, ""R3"": 9.883271, ""R4"": 39.613975, ""R5"": 10.154179, ""R6"": 30.52791, ""R7"": 23.590664, ""I1"": 8}","{""R1"": 36, ""R2"": 44, ""R3"": 10, ""R4"": 40, ""R5"": 10, ""R6"": 30, ""R7"": 24}","{""T"": 44.10497, ""n1"": 4.172851, ""n2"": 22.34583, ""n3"": 16.76835}","{""R1"": 1.118539, ""R2"": 1.118539, ""R3"": 4.462588, ""R4"": 0.5492793, ""R5"": 0.5492793, ""R6"": 0.5492793, ""R7"": 1.869594}",True
nilsson_ex3_4_current_voltage_division,nilsson_ex3_4_current_voltage_division__partial_short_18,partial_short,R7,"{""R1"": 36.577238, ""R2"": 44.071206, ""R3"": 10.073728, ""R4"": 39.443903, ""R5"": 10.168639, ""R6"": 30.252485, ""R7"": 2.072533, ""I1"": 8}","{""R1"": 36, ""R2"": 44, ""R3"": 10, ""R4"": 40, ""R5"": 10, ""R6"": 30, ""R7"": 24}","{""T"": 13.1863, ""n1"": 7.205797, ""n2"": 6.673825, ""n3"": 4.994908}","{""R1"": 0.1635035, ""R2"": 0.1635035, ""R3"": 1.30898, ""R4"": 0.1651074, ""R5"": 0.1651074, ""R6"": 0.1651074, ""R7"": 6.36241}",True
nilsson_ex3_4_current_voltage_division,nilsson_ex3_4_current_voltage_division__partial_short_19,partial_short,R4,"{""R1"": 36.038045, ""R2"": 44.1884, ""R3"": 9.928739, ""R4"": 2.069017, ""R5"": 10.098578, ""R6"": 30.216923, ""R7"": 23.979991, ""I1"": 8}","{""R1"": 36, ""R2"": 44, ""R3"": 10, ""R4"": 40, ""R5"": 10, ""R6"": 30, ""R7"": 24}","{""T"": 44.8236, ""n1"": 24.68866, ""n2"": 42.63552, ""n3"": 31.9558}","{""R1"": 0.5587136, ""R2"": 0.5587136, ""R3"": 4.514531, ""R4"": 1.057547, ""R5"": 1.057547, ""R6"": 1.057547, ""R7"": 1.869209}",True
nilsson_ex3_4_current_voltage_division,nilsson_ex3_4_current_voltage_division__partial_short_20,partial_short,R5,"{""R1"": 36.353377, ""R2"": 43.248556, ""R3"": 9.944642, ""R4"": 40.127271, ""R5"": 1.045792, ""R6"": 30.325089, ""R7"": 24.363928, ""I1"": 8}","{""R1"": 36, ""R2"": 44, ""R3"": 10, ""R4"": 40, ""R5"": 10, ""R6"": 30, ""R7"": 24}","{""T"": 47.57662, ""n1"": 25.84887, ""n2"": 20.87495, ""n3"": 20.17905}","{""R1"": 0.5976817, ""R2"": 0.5976817, ""R3"": 4.784146, ""R4"": 0.6654244, ""R5"": 0.6654244, ""R6"": 0.6654244, ""R7"": 1.952748}",True
nilsson_ex3_4_current_voltage_division,nilsson_ex3_4_current_voltage_division__partial_open_1,partial_open,R2,"{""R1"": 36.112883, ""R2"": 1085.392665, ""R3"": 10.184782, ""R4"": 39.851951, ""R5"": 10.01546, ""R6"": 29.626567, ""R7"": 24.207728, ""I1"": 8}","{""R1"": 36, ""R2"": 44, ""R3"": 10, ""R4"": 40, ""R5"": 10, ""R6"": 30, ""R7"": 24}","{""T"": 52.29918, ""n1"": 50.61513, ""n2"": 26.08054, ""n3"": 19.49135}","{""R1"": 0.04663301, ""R2"": 0.04663301, ""R3"": 5.135032, ""R4"": 0.6579012, ""R5"": 0.6579012, ""R6"": 0.6579012, ""R7"": 2.160433}",True
nilsson_ex3_4_current_voltage_division,nilsson_ex3_4_current_voltage_division__partial_open_2,partial_open,R6,"{""R1"": 35.65643, ""R2"": 44.666579, ""R3"": 10.092594, ""R4"": 40.6078, ""R5"": 10.031837, ""R6"": 260.501824, ""R7"": 23.567406, ""I1"": 8}","{""R1"": 36, ""R2"": 44, ""R3"": 10, ""R4"": 40, ""R5"": 10, ""R6"": 30, ""R7"": 24}","{""T"": 50.89779, ""n1"": 28.3036, ""n2"": 44.255, ""n3"": 42.61395}","{""R1"": 0.6336639, ""R2"": 0.6336639, ""R3"": 5.043083, ""R4"": 0.1635841, ""R5"": 0.1635841, ""R6"": 0.1635841, ""R7"": 2.159669}",True
nilsson_ex3_4_current_voltage_division,nilsson_ex3_4_current_voltage_division__partial_open_3,partial_open,R2,"{""R1"": 36.431098, ""R2"": 1245.249852, ""R3"": 9.978184, ""R4"": 39.688478, ""R5"": 10.03457, ""R6"": 30.174725, ""R7"": 23.651265, ""I1"": 8}","{""R1"": 36, ""R2"": 44, ""R3"": 10, ""R4"": 40, ""R5"": 10, ""R6"": 30, ""R7"": 24}","{""T"": 51.34924, ""n1"": 49.88966, ""n2"": 25.84198, ""n3"": 19.39289}","{""R1"": 0.04006398, ""R2"": 0.04006398, ""R3"": 5.14615, ""R4"": 0.6426867, ""R5"": 0.6426867, ""R6"": 0.6426867, ""R7"": 2.171099}",True
nilsson_ex3_4_current_voltage_division,nilsson_ex3_4_current_voltage_division__partial_open_4,partial_open,R4,"{""R1"": 36.160672, ""R2"": 43.226511, ""R3"": 10.118481, ""R4"": 238.924303, ""R5"": 9.968413, ""R6"": 30.128683, ""R7"": 23.610766, ""I1"": 8}","{""R1"": 36, ""R2"": 44, ""R3"": 10, ""R4"": 40, ""R5"": 10, ""R6"": 30, ""R7"": 24}","{""T"": 50.83785, ""n1"": 27.68133, ""n2"": 7.305712, ""n3"": 5.489462}","{""R1"": 0.6403785, ""R2"": 0.6403785, ""R3"": 5.024257, ""R4"": 0.1822005, ""R5"": 0.1822005, ""R6"": 0.1822005, ""R7"": 2.153164}",True
nilsson_ex3_4_current_voltage_division,nilsson_ex3_4_current_voltage_division__partial_open_5,partial_open,R6,"{""R1"": 36.221681, ""R2"": 43.199482, ""R3"": 9.983651, ""R4"": 39.459012, ""R5"": 9.902496, ""R6"": 1035.535953, ""R7"": 23.960339, ""I1"": 8}","{""R1"": 36, ""R2"": 44, ""R3"": 10, ""R4"": 40, ""R5"": 10, ""R6"": 30, ""R7"": 24}","{""T"": 51.476, ""n1"": 27.99929, ""n2"": 49.60375, ""n3"": 49.1339}","{""R1"": 0.6481395, ""R2"": 0.6481395, ""R3"": 5.156029, ""R4"": 0.0474478, ""R5"": 0.0474478, ""R6"": 0.0474478, ""R7"": 2.148383}",True
nilsson_ex3_4_current_voltage_division,nilsson_ex3_4_current_voltage_division__partial_open_6,partial_open,R4,"{""R1"": 35.304538, ""R2"": 43.375019, ""R3"": 9.92782, ""R4"": 280.455942, ""R5"": 10.164804, ""R6"": 29.635733, ""R7"": 24.157593, ""I1"": 8}","{""R1"": 36, ""R2"": 44, ""R3"": 10, ""R4"": 40, ""R5"": 10, ""R6"": 30, ""R7"": 24}","{""T"": 50.6476, ""n1"": 27.92136, ""n2"": 6.294335, ""n3"": 4.686802}","{""R1"": 0.6437199, ""R2"": 0.6437199, ""R3"": 5.101583, ""R4"": 0.158147, ""R5"": 0.158147, ""R6"": 0.158147, ""R7"": 2.09655}",True
nilsson_ex3_4_current_voltage_division,nilsson_ex3_4_current_voltage_division__partial_open_7,partial_open,R6,"{""R1"": 36.585176, ""R2"": 43.738702, ""R3"": 9.874922, ""R4"": 39.316497, ""R5"": 10.002343, ""R6"": 458.039351, ""R7"": 24.427977, ""I1"": 8}","{""R1"": 36, ""R2"": 44, ""R3"": 10, ""R4"": 40, ""R5"": 10, ""R6"": 30, ""R7"": 24}","{""T"": 51.07778, ""n1"": 27.81334, ""n2"": 47.11963, ""n3"": 46.11265}","{""R1"": 0.6358978, ""R2"": 0.6358978, ""R3"": 5.172474, ""R4"": 0.100674, ""R5"": 0.100674, ""R6"": 0.100674, ""R7"": 2.090954}",True
nilsson_ex3_4_current_voltage_division,nilsson_ex3_4_current_voltage_division__partial_open_8,partial_open,R1,"{""R1"": 1598.643317, ""R2"": 44.549882, ""R3"": 10.137796, ""R4"": 40.73728, ""R5"": 10.062397, ""R6"": 29.634119, ""R7"": 24.44384, ""I1"": 8}","{""R1"": 36, ""R2"": 44, ""R3"": 10, ""R4"": 40, ""R5"": 10, ""R6"": 30, ""R7"": 24}","{""T"": 52.42738, ""n1"": 1.421399, ""n2"": 25.8745, ""n3"": 19.31575}","{""R1"": 0.03190579, ""R2"": 0.03190579, ""R3"": 5.171477, ""R4"": 0.6518078, ""R5"": 0.6518078, ""R6"": 0.6518078, ""R7"": 2.144809}",True
nilsson_ex3_4_current_voltage_division,nilsson_ex3_4_current_voltage_division__partial_open_9,partial_open,R3,"{""R1"": 35.339447, ""R2"": 43.464884, ""R3"": 311.007751, ""R4"": 39.492288, ""R5"": 9.917349, ""R6"": 29.919229, ""R7"": 23.685373, ""I1"": 8}","{""R1"": 36, ""R2"": 44, ""R3"": 10, ""R4"": 40, ""R5"": 10, ""R6"": 30, ""R7"": 24}","{""T"": 113.1047, ""n1"": 62.38342, ""n2"": 56.7978, ""n3"": 42.65794}","{""R1"": 1.43526, ""R2"": 1.43526, ""R3"": 0.3636717, ""R4"": 1.42577, ""R5"": 1.42577, ""R6"": 1.42577, ""R7"": 4.775298}",True
nilsson_ex3_4_current_voltage_division,nilsson_ex3_4_current_voltage_division__partial_open_10,partial_open,R6,"{""R1"": 35.782931, ""R2"": 44.051913, ""R3"": 9.963686, ""R4"": 39.417477, ""R5"": 9.932286, ""R6"": 954.872907, ""R7"": 23.800624, ""I1"": 8}","{""R1"": 36, ""R2"": 44, ""R3"": 10, ""R4"": 40, ""R5"": 10, ""R6"": 30, ""R7"": 24}","{""T"": 51.31435, ""n1"": 28.31464, ""n2"": 49.30017, ""n3"": 48.79264}","{""R1"": 0.6427563, ""R2"": 0.6427563, ""R3"": 5.150137, ""R4"": 0.05109857, ""R5"": 0.05109857, ""R6"": 0.05109857, ""R7"": 2.156008}",True
nilsson_ex3_4_current_voltage_division,nilsson_ex3_4_current_voltage_division__partial_open_11,partial_open,R4,"{""R1"": 36.343572, ""R2"": 44.676411, ""R3"": 9.922263, ""R4"": 247.168906, ""R5"": 10.083567, ""R6"": 29.848426, ""R7"": 24.259052, ""I1"": 8}","{""R1"": 36, ""R2"": 44, ""R3"": 10, ""R4"": 40, ""R5"": 10, ""R6"": 30, ""R7"": 24}","{""T"": 50.68715, ""n1"": 27.95014, ""n2"": 7.049922, ""n3"": 5.269687}","{""R1"": 0.625613, ""R2"": 0.625613, ""R3"": 5.108427, ""R4"": 0.1765482, ""R5"": 0.1765482, ""R6"": 0.1765482, ""R7"": 2.089412}",True
nilsson_ex3_4_current_voltage_division,nilsson_ex3_4_current_voltage_division__partial_open_12,partial_open,R5,"{""R1"": 36.415333, ""R2"": 43.229989, ""R3"": 9.861621, ""R4"": 40.617219, ""R5"": 499.33912, ""R6"": 29.828914, ""R7"": 23.913174, ""I1"": 8}","{""R1"": 36, ""R2"": 44, ""R3"": 10, ""R4"": 40, ""R5"": 10, ""R6"": 30, ""R7"": 24}","{""T"": 50.78337, ""n1"": 27.56426, ""n2"": 47.16327, ""n3"": 2.658568}","{""R1"": 0.637619, ""R2"": 0.637619, ""R3"": 5.149597, ""R4"": 0.08912722, ""R5"": 0.08912722, ""R6"": 0.08912722, ""R7"": 2.123657}",True
nilsson_ex3_4_current_voltage_division,nilsson_ex3_4_current_voltage_division__partial_open_13,partial_open,R3,"{""R1"": 36.599122, ""R2"": 43.431734, ""R3"": 233.043023, ""R4"": 39.639597, ""R5"": 10.115476, ""R6"": 29.59127, ""R7"": 24.073584, ""I1"": 8}","{""R1"": 36, ""R2"": 44, ""R3"": 10, ""R4"": 40, ""R5"": 10, ""R6"": 30, ""R7"": 24}","{""T"": 112.7896, ""n1"": 61.2095, ""n2"": 56.44253, ""n3"": 42.06354}","{""R1"": 1.409327, ""R2"": 1.409327, ""R3"": 0.4839862, ""R4"": 1.421485, ""R5"": 1.421485, ""R6"": 1.421485, ""R7"": 4.685202}",True
nilsson_ex3_4_current_voltage_division,nilsson_ex3_4_current_voltage_division__partial_open_14,partial_open,R4,"{""R1"": 36.620171, ""R2"": 44.114822, ""R3"": 10.177924, ""R4"": 1261.528015, ""R5"": 9.91751, ""R6"": 29.835946, ""R7"": 23.856526, ""I1"": 8}","{""R1"": 36, ""R2"": 44, ""R3"": 10, ""R4"": 40, ""R5"": 10, ""R6"": 30, ""R7"": 24}","{""T"": 52.17716, ""n1"": 28.51039, ""n2"": 1.593984, ""n3"": 1.196325}","{""R1"": 0.6462769, ""R2"": 0.6462769, ""R3"": 5.126503, ""R4"": 0.04009675, ""R5"": 0.04009675, ""R6"": 0.04009675, ""R7"": 2.187123}",True
nilsson_ex3_4_current_voltage_division,nilsson_ex3_4_current_voltage_division__partial_open_15,partial_open,R5,"{""R1"": 35.965542, ""R2"": 44.312699, ""R3"": 10.086254, ""R4"": 39.976136, ""R5"": 462.993631, ""R6"": 29.87302, ""R7"": 23.78719, ""I1"": 8}","{""R1"": 36, ""R2"": 44, ""R3"": 10, ""R4"": 40, ""R5"": 10, ""R6"": 30, ""R7"": 24}","{""T"": 51.4411, ""n1"": 28.39492, ""n2"": 47.58177, ""n3"": 2.883967}","{""R1"": 0.6407851, ""R2"": 0.6407851, ""R3"": 5.100119, ""R4"": 0.09654086, ""R5"": 0.09654086, ""R6"": 0.09654086, ""R7"": 2.162555}",True
nilsson_ex3_4_current_voltage_division,nilsson_ex3_4_current_voltage_division__partial_open_16,partial_open,R6,"{""R1"": 35.842356, ""R2"": 44.628716, ""R3"": 9.920535, ""R4"": 39.621184, ""R5"": 10.147033, ""R6"": 151.338352, ""R7"": 24.056426, ""I1"": 8}","{""R1"": 36, ""R2"": 44, ""R3"": 10, ""R4"": 40, ""R5"": 10, ""R6"": 30, ""R7"": 24}","{""T"": 50.07221, ""n1"": 27.76971, ""n2"": 40.20719, ""n3"": 37.68075}","{""R1"": 0.6222386, ""R2"": 0.6222386, ""R3"": 5.04733, ""R4"": 0.2489835, ""R5"": 0.2489835, ""R6"": 0.2489835, ""R7"": 2.081448}",True
nilsson_ex3_4_current_voltage_division,nilsson_ex3_4_current_voltage_division__partial_open_17,partial_open,R3,"{""R1"": 35.688511, ""R2"": 44.141519, ""R3"": 476.803202, ""R4"": 39.571515, ""R5"": 9.994059, ""R6"": 30.456995, ""R7"": 24.318005, ""I1"": 8}","{""R1"": 36, ""R2"": 44, ""R3"": 10, ""R4"": 40, ""R5"": 10, ""R6"": 30, ""R7"": 24}","{""T"": 117.2295, ""n1"": 64.82135, ""n2"": 59.25901, ""n3"": 44.61816}","{""R1"": 1.468489, ""R2"": 1.468489, ""R3"": 0.2458657, ""R4"": 1.464956, ""R5"": 1.464956, ""R6"": 1.464956, ""R7"": 4.820689}",True
nilsson_ex3_4_current_voltage_division,nilsson_ex3_4_current_voltage_division__partial_open_18,partial_open,R3,"{""R1"": 35.904932, ""R2"": 44.785685, ""R3"": 387.223532, ""R4"": 40.571567, ""R5"": 9.953393, ""R6"": 29.920159, ""R7"": 23.994558, ""I1"": 8}","{""R1"": 36, ""R2"": 44, ""R3"": 10, ""R4"": 40, ""R5"": 10, ""R6"": 30, ""R7"": 24}","{""T"": 115.8036, ""n1"": 64.27446, ""n2"": 57.39941, ""n3"": 43.07115}","{""R1"": 1.435156, ""R2"": 1.435156, ""R3"": 0.2990615, ""R4"": 1.439536, ""R5"": 1.439536, ""R6"": 1.439536, ""R7"": 4.826246}",True
nilsson_ex3_4_current_voltage_division,nilsson_ex3_4_current_voltage_division__partial_open_19,partial_open,R6,"{""R1"": 36.28873, ""R2"": 44.442736, ""R3"": 9.963715, ""R4"": 39.770337, ""R5"": 9.868656, ""R6"": 1020.467954, ""R7"": 24.391442, ""I1"": 8}","{""R1"": 36, ""R2"": 44, ""R3"": 10, ""R4"": 40, ""R5"": 10, ""R6"": 30, ""R7"": 24}","{""T"": 51.71855, ""n1"": 28.4711, ""n2"": 49.79644, ""n3"": 49.31948}","{""R1"": 0.6406244, ""R2"": 0.6406244, ""R3"": 5.190689, ""R4"": 0.04833026, ""R5"": 0.04833026, ""R6"": 0.04833026, ""R7"": 2.120356}",True
nilsson_ex3_4_current_voltage_division,nilsson_ex3_4_current_voltage_division__partial_open_20,partial_open,R5,"{""R1"": 36.40904, ""R2"": 44.68391, ""R3"": 10.147568, ""R4"": 40.522905, ""R5"": 490.143822, ""R6"": 29.931875, ""R7"": 23.603169, ""I1"": 8}","{""R1"": 36, ""R2"": 44, ""R3"": 10, ""R4"": 40, ""R5"": 10, ""R6"": 30, ""R7"": 24}","{""T"": 51.60348, ""n1"": 28.4346, ""n2"": 47.87332, ""n3"": 2.755249}","{""R1"": 0.6363498, ""R2"": 0.6363498, ""R3"": 5.085305, ""R4"": 0.09205067, ""R5"": 0.09205067, ""R6"": 0.09205067, ""R7"": 2.186295}",True
nilsson_ex3_4_current_voltage_division,nilsson_ex3_4_current_voltage_division__wrong_component_type_1,wrong_component_type,R4,"{""R1"": 35.729765, ""R2"": 44.482891, ""R3"": 9.880939, ""R4"": 3.75e-06, ""R5"": 10.084928, ""R6"": 29.433211, ""R7"": 23.878691, ""I1"": 8}","{""R1"": 36, ""R2"": 44, ""R3"": 10, ""R4"": 40, ""R5"": 10, ""R6"": 30, ""R7"": 24}","{""T"": 51.43036, ""n1"": 28.52132, ""n2"": 0.0, ""n3"": 0.0}","{""R1"": 0.6411751, ""R2"": 0.6411751, ""R3"": 5.205007, ""R5"": 0.0, ""R6"": 0.0, ""R7"": 2.153818}",True
nilsson_ex3_4_current_voltage_division,nilsson_ex3_4_current_voltage_division__wrong_component_type_2,wrong_component_type,R2,"{""R1"": 36.34001, ""R2"": 9.54e-06, ""R3"": 9.937028, ""R4"": 40.080644, ""R5"": 9.890495, ""R6"": 29.905051, ""R7"": 24.094328, ""I1"": 8}","{""R1"": 36, ""R2"": 44, ""R3"": 10, ""R4"": 40, ""R5"": 10, ""R6"": 30, ""R7"": 24}","{""T"": 51.72749, ""n1"": 51.72749, ""n2"": 25.77143, ""n3"": 19.36639}","{""R1"": 0.0, ""R3"": 5.20553, ""R4"": 0.6475959, ""R5"": 0.6475959, ""R6"": 0.6475959, ""R7"": 2.146874}",True
nilsson_ex3_4_current_voltage_division,nilsson_ex3_4_current_voltage_division__wrong_component_type_3,wrong_component_type,R7,"{""R1"": 35.619993, ""R2"": 44.739758, ""R3"": 10.111802, ""R4"": 40.050618, ""R5"": 9.873054, ""R6"": 29.932913, ""R7"": 7.81e-06, ""I1"": 8}","{""R1"": 36, ""R2"": 44, ""R3"": 10, ""R4"": 40, ""R5"": 10, ""R6"": 30, ""R7"": 24}","{""T"": 64.58862, ""n1"": 35.95928, ""n2"": 32.19537, ""n3"": 24.20997}","{""R1"": 0.8037434, ""R2"": 0.8037434, ""R3"": 6.387449, ""R4"": 0.8088077, ""R5"": 0.8088077, ""R6"": 0.8088077}",True
nilsson_ex3_4_current_voltage_division,nilsson_ex3_4_current_voltage_division__wrong_component_type_4,wrong_component_type,R5,"{""R1"": 36.119789, ""R2"": 44.160412, ""R3"": 10.103936, ""R4"": 39.979283, ""R5"": 1.97e-06, ""R6"": 29.439946, ""R7"": 24.172983, ""I1"": 8}","{""R1"": 36, ""R2"": 44, ""R3"": 10, ""R4"": 40, ""R5"": 10, ""R6"": 30, ""R7"": 24}","{""T"": 52.35732, ""n1"": 28.80064, ""n2"": 52.35732, ""n3"": 0.0}","{""R1"": 0.6521823, ""R2"": 0.6521823, ""R3"": 5.181874, ""R4"": -1.77728e-16, ""R6"": 0.0, ""R7"": 2.165944}",True
nilsson_ex3_4_current_voltage_division,nilsson_ex3_4_current_voltage_division__wrong_component_type_5,wrong_component_type,R1,"{""R1"": 2.4e-06, ""R2"": 43.635661, ""R3"": 10.092673, ""R4"": 40.596139, ""R5"": 10.132544, ""R6"": 29.751613, ""R7"": 23.693683, ""I1"": 8}","{""R1"": 36, ""R2"": 44, ""R3"": 10, ""R4"": 40, ""R5"": 10, ""R6"": 30, ""R7"": 24}","{""T"": 52.04521, ""n1"": 0.0, ""n2"": 25.79239, ""n3"": 19.23985}","{""R2"": 0.0, ""R3"": 5.156732, ""R4"": 0.6466826, ""R5"": 0.6466826, ""R6"": 0.6466826, ""R7"": 2.196586}",True
nilsson_ex3_4_current_voltage_division,nilsson_ex3_4_current_voltage_division__wrong_component_type_6,wrong_component_type,R4,"{""R1"": 36.294655, ""R2"": 44.766791, ""R3"": 10.066797, ""R4"": 9.16e-06, ""R5"": 9.875584, ""R6"": 30.148088, ""R7"": 23.996218, ""I1"": 8}","{""R1"": 36, ""R2"": 44, ""R3"": 10, ""R4"": 40, ""R5"": 10, ""R6"": 30, ""R7"": 24}","{""T"": 52.1696, ""n1"": 28.81105, ""n2"": 0.0, ""n3"": 0.0}","{""R1"": 0.6435809, ""R2"": 0.6435809, ""R3"": 5.182343, ""R5"": 0.0, ""R6"": 0.0, ""R7"": 2.174076}",True
nilsson_ex3_4_current_voltage_division,nilsson_ex3_4_current_voltage_division__wrong_component_type_7,wrong_component_type,R4,"{""R1"": 35.666837, ""R2"": 43.451239, ""R3"": 9.869806, ""R4"": 6.86e-06, ""R5"": 10.134736, ""R6"": 30.119046, ""R7"": 24.079312, ""I1"": 8}","{""R1"": 36, ""R2"": 44, ""R3"": 10, ""R4"": 40, ""R5"": 10, ""R6"": 30, ""R7"": 24}","{""T"": 51.45096, ""n1"": 28.2566, ""n2"": 0.0, ""n3"": 0.0}","{""R1"": 0.650306, ""R2"": 0.650306, ""R3"": 5.212965, ""R5"": 0.0, ""R6"": 0.0, ""R7"": 2.136729}",True
nilsson_ex3_4_current_voltage_division,nilsson_ex3_4_current_voltage_division__wrong_component_type_8,wrong_component_type,R1,"{""R1"": 6.6e-06, ""R2"": 44.40706, ""R3"": 10.128612, ""R4"": 40.094498, ""R5"": 10.111128, ""R6"": 29.806409, ""R7"": 23.963032, ""I1"": 8}","{""R1"": 36, ""R2"": 44, ""R3"": 10, ""R4"": 40, ""R5"": 10, ""R6"": 30, ""R7"": 24}","{""T"": 52.3015, ""n1"": 0.0, ""n2"": 26.09291, ""n3"": 19.48357}","{""R2"": 0.0, ""R3"": 5.163738, ""R4"": 0.6536704, ""R5"": 0.6536704, ""R6"": 0.6536704, ""R7"": 2.182591}",True
nilsson_ex3_4_current_voltage_division,nilsson_ex3_4_current_voltage_division__wrong_component_type_9,wrong_component_type,R4,"{""R1"": 36.446292, ""R2"": 43.573787, ""R3"": 9.826771, ""R4"": 4.83e-06, ""R5"": 9.979365, ""R6"": 29.842988, ""R7"": 23.781322, ""I1"": 8}","{""R1"": 36, ""R2"": 44, ""R3"": 10, ""R4"": 40, ""R5"": 10, ""R6"": 30, ""R7"": 24}","{""T"": 51.18051, ""n1"": 27.86961, ""n2"": 0.0, ""n3"": 0.0}","{""R1"": 0.6395959, ""R2"": 0.6395959, ""R3"": 5.208274, ""R5"": 0.0, ""R6"": 0.0, ""R7"": 2.152131}",True
nilsson_ex3_4_current_voltage_division,nilsson_ex3_4_current_voltage_division__wrong_component_type_10,wrong_component_type,R5,"{""R1"": 36.637143, ""R2"": 44.033726, ""R3"": 10.060117, ""R4"": 39.379202, ""R5"": 9.58e-06, ""R6"": 29.469121, ""R7"": 24.3793, ""I1"": 8}","{""R1"": 36, ""R2"": 44, ""R3"": 10, ""R4"": 40, ""R5"": 10, ""R6"": 30, ""R7"": 24}","{""T"": 52.35024, ""n1"": 28.57507, ""n2"": 52.35024, ""n3"": 0.0}","{""R1"": 0.6489361, ""R2"": 0.6489361, ""R3"": 5.203741, ""R4"": -1.80436e-16, ""R6"": 0.0, ""R7"": 2.147323}",True
nilsson_ex3_4_current_voltage_division,nilsson_ex3_4_current_voltage_division__wrong_component_type_11,wrong_component_type,R5,"{""R1"": 35.996145, ""R2"": 44.359773, ""R3"": 10.049432, ""R4"": 40.765189, ""R5"": 3.14e-06, ""R6"": 30.317718, ""R7"": 24.409099, ""I1"": 8}","{""R1"": 36, ""R2"": 44, ""R3"": 10, ""R4"": 40, ""R5"": 10, ""R6"": 30, ""R7"": 24}","{""T"": 52.31457, ""n1"": 28.87979, ""n2"": 52.31457, ""n3"": 0.0}","{""R1"": 0.6510357, ""R2"": 0.6510357, ""R3"": 5.205724, ""R4"": 0.0, ""R6"": 0.0, ""R7"": 2.14324}",True
nilsson_ex3_4_current_voltage_division,nilsson_ex3_4_current_voltage_division__wrong_component_type_12,wrong_component_type,R2,"{""R1"": 36.624062, ""R2"": 9.86e-06, ""R3"": 10.00702, ""R4"": 39.315146, ""R5"": 9.946852, ""R6"": 30.277754, ""R7"": 23.681756, ""I1"": 8}","{""R1"": 36, ""R2"": 44, ""R3"": 10, ""R4"": 40, ""R5"": 10, ""R6"": 30, ""R7"": 24}","{""T"": 51.70337, ""n1"": 51.70337, ""n2"": 26.14728, ""n3"": 19.68151}","{""R1"": 0.0, ""R3"": 5.16671, ""R4"": 0.6500319, ""R5"": 0.6500319, ""R6"": 0.6500319, ""R7"": 2.183258}",True
nilsson_ex3_4_current_voltage_division,nilsson_ex3_4_current_voltage_division__wrong_component_type_13,wrong_component_type,R2,"{""R1"": 36.350579, ""R2"": 6.09e-06, ""R3"": 9.983784, ""R4"": 40.266307, ""R5"": 9.863971, ""R6"": 30.55241, ""R7"": 24.36223, ""I1"": 8}","{""R1"": 36, ""R2"": 44, ""R3"": 10, ""R4"": 40, ""R5"": 10, ""R6"": 30, ""R7"": 24}","{""T"": 52.08204, ""n1"": 52.08204, ""n2"": 26.08946, ""n3"": 19.7221}","{""R1"": 0.0, ""R3"": 5.216664, ""R4"": 0.645517, ""R5"": 0.645517, ""R6"": 0.645517, ""R7"": 2.137819}",True
nilsson_ex3_4_current_voltage_division,nilsson_ex3_4_current_voltage_division__wrong_component_type_14,wrong_component_type,R3,"{""R1"": 36.298641, ""R2"": 43.835868, ""R3"": 5.47e-06, ""R4"": 40.268761, ""R5"": 9.846986, ""R6"": 30.022138, ""R7"": 23.603848, ""I1"": 8}","{""R1"": 36, ""R2"": 44, ""R3"": 10, ""R4"": 40, ""R5"": 10, ""R6"": 30, ""R7"": 24}","{""T"": 118.8293, ""n1"": 65.003, ""n2"": 59.11834, ""n3"": 44.51713}","{""R1"": 1.482873, ""R2"": 1.482873, ""R4"": 1.48281, ""R5"": 1.48281, ""R6"": 1.48281, ""R7"": 5.034317}",True
nilsson_ex3_4_current_voltage_division,nilsson_ex3_4_current_voltage_division__wrong_component_type_15,wrong_component_type,R1,"{""R1"": 2.37e-06, ""R2"": 44.301351, ""R3"": 9.90806, ""R4"": 40.420312, ""R5"": 10.105055, ""R6"": 30.174172, ""R7"": 23.563221, ""I1"": 8}","{""R1"": 36, ""R2"": 44, ""R3"": 10, ""R4"": 40, ""R5"": 10, ""R6"": 30, ""R7"": 24}","{""T"": 51.36153, ""n1"": 0.0, ""n2"": 25.63587, ""n3"": 19.20447}","{""R2"": 0.0, ""R3"": 5.183813, ""R4"": 0.6364538, ""R5"": 0.6364538, ""R6"": 0.6364538, ""R7"": 2.179733}",True
nilsson_ex3_4_current_voltage_division,nilsson_ex3_4_current_voltage_division__wrong_component_type_16,wrong_component_type,R2,"{""R1"": 36.12963, ""R2"": 5.32e-06, ""R3"": 9.883182, ""R4"": 40.35641, ""R5"": 10.176399, ""R6"": 29.404497, ""R7"": 23.688037, ""I1"": 8}","{""R1"": 36, ""R2"": 44, ""R3"": 10, ""R4"": 40, ""R5"": 10, ""R6"": 30, ""R7"": 24}","{""T"": 51.31258, ""n1"": 51.31258, ""n2"": 25.40738, ""n3"": 18.87505}","{""R1"": 0.0, ""R3"": 5.191909, ""R4"": 0.6419103, ""R5"": 0.6419103, ""R6"": 0.6419103, ""R7"": 2.166181}",True
nilsson_ex3_4_current_voltage_division,nilsson_ex3_4_current_voltage_division__wrong_component_type_17,wrong_component_type,R5,"{""R1"": 36.170937, ""R2"": 43.469144, ""R3"": 10.064556, ""R4"": 40.039771, ""R5"": 7.75e-06, ""R6"": 29.591115, ""R7"": 24.221481, ""I1"": 8}","{""R1"": 36, ""R2"": 44, ""R3"": 10, ""R4"": 40, ""R5"": 10, ""R6"": 30, ""R7"": 24}","{""T"": 52.21907, ""n1"": 28.50221, ""n2"": 52.21907, ""n3"": 0.0}","{""R1"": 0.6556883, ""R2"": 0.6556883, ""R3"": 5.188413, ""R4"": 1.774592e-16, ""R6"": 0.0, ""R7"": 2.155899}",True
nilsson_ex3_4_current_voltage_division,nilsson_ex3_4_current_voltage_division__wrong_component_type_18,wrong_component_type,R7,"{""R1"": 36.080427, ""R2"": 43.565608, ""R3"": 10.131338, ""R4"": 40.350543, ""R5"": 9.983199, ""R6"": 29.684003, ""R7"": 7.2e-06, ""I1"": 8}","{""R1"": 36, ""R2"": 44, ""R3"": 10, ""R4"": 40, ""R5"": 10, ""R6"": 30, ""R7"": 24}","{""T"": 64.64311, ""n1"": 35.35915, ""n2"": 32.04553, ""n3"": 23.98051}","{""R1"": 0.81163, ""R2"": 0.81163, ""R3"": 6.38051, ""R4"": 0.8078596, ""R5"": 0.8078596, ""R6"": 0.8078596}",True
nilsson_ex3_4_current_voltage_division,nilsson_ex3_4_current_voltage_division__wrong_component_type_19,wrong_component_type,R2,"{""R1"": 35.725922, ""R2"": 5.61e-06, ""R3"": 9.841914, ""R4"": 39.924623, ""R5"": 9.918754, ""R6"": 30.479982, ""R7"": 24.04353, ""I1"": 8}","{""R1"": 36, ""R2"": 44, ""R3"": 10, ""R4"": 40, ""R5"": 10, ""R6"": 30, ""R7"": 24}","{""T"": 51.3983, ""n1"": 51.3983, ""n2"": 25.85084, ""n3"": 19.50391}","{""R1"": 0.0, ""R3"": 5.222389, ""R4"": 0.6398924, ""R5"": 0.6398924, ""R6"": 0.6398924, ""R7"": 2.137719}",True
nilsson_ex3_4_current_voltage_division,nilsson_ex3_4_current_voltage_division__wrong_component_type_20,wrong_component_type,R6,"{""R1"": 35.687938, ""R2"": 44.088982, ""R3"": 10.099057, ""R4"": 40.206143, ""R5"": 10.123675, ""R6"": 3.36e-06, ""R7"": 24.31874, ""I1"": 8}","{""R1"": 36, ""R2"": 44, ""R3"": 10, ""R4"": 40, ""R5"": 10, ""R6"": 30, ""R7"": 24}","{""T"": 52.39901, ""n1"": 28.95849, ""n2"": 52.39901, ""n3"": 52.39901}","{""R1"": 0.6568191, ""R2"": 0.6568191, ""R3"": 5.188505, ""R4"": 0.0, ""R5"": 0.0, ""R7"": 2.154676}",True
nilsson_ex3_4_current_voltage_division,nilsson_ex3_4_current_voltage_division__multi_fault_1,multi_fault,R1:partial_short;R3:partial_open,"{""R1"": 2.425006, ""R2"": 43.61153, ""R3"": 63.839067, ""R4"": 40.488253, ""R5"": 10.081107, ""R6"": 30.045413, ""R7"": 23.583346, ""I1"": 8}","{""R1"": 36, ""R2"": 44, ""R3"": 10, ""R4"": 40, ""R5"": 10, ""R6"": 30, ""R7"": 24}","{""T"": 86.77378, ""n1"": 82.20291, ""n2"": 43.19221, ""n3"": 32.3409}","{""R1"": 1.884889, ""R2"": 1.884889, ""R3"": 1.359258, ""R4"": 1.076401, ""R5"": 1.076401, ""R6"": 1.076401, ""R7"": 3.679452}",True
nilsson_ex3_4_current_voltage_division,nilsson_ex3_4_current_voltage_division__multi_fault_2,multi_fault,R3:partial_open;R7:partial_short,"{""R1"": 35.967699, ""R2"": 43.706849, ""R3"": 234.180759, ""R4"": 39.213562, ""R5"": 9.849459, ""R6"": 30.309135, ""R7"": 2.337677, ""I1"": 8}","{""R1"": 36, ""R2"": 44, ""R3"": 10, ""R4"": 40, ""R5"": 10, ""R6"": 30, ""R7"": 24}","{""T"": 17.498, ""n1"": 9.598827, ""n2"": 8.853166, ""n3"": 6.681803}","{""R1"": 0.2196184, ""R2"": 0.2196184, ""R3"": 0.07472004, ""R4"": 0.2204551, ""R5"": 0.2204551, ""R6"": 0.2204551, ""R7"": 7.485207}",True
nilsson_ex3_4_current_voltage_division,nilsson_ex3_4_current_voltage_division__multi_fault_3,multi_fault,R2:partial_open;R7:partial_short,"{""R1"": 35.744452, ""R2"": 1000.190022, ""R3"": 9.989829, ""R4"": 40.02834, ""R5"": 10.083882, ""R6"": 29.722861, ""R7"": 2.767337, ""I1"": 8}","{""R1"": 36, ""R2"": 44, ""R3"": 10, ""R4"": 40, ""R5"": 10, ""R6"": 30, ""R7"": 24}","{""T"": 16.84384, ""n1"": 16.26265, ""n2"": 8.398542, ""n3"": 6.271015}","{""R1"": 0.01625956, ""R2"": 0.01625956, ""R3"": 1.686099, ""R4"": 0.2109829, ""R5"": 0.2109829, ""R6"": 0.2109829, ""R7"": 6.086659}",True
nilsson_ex3_4_current_voltage_division,nilsson_ex3_4_current_voltage_division__multi_fault_4,multi_fault,R5:partial_short;R2:partial_open,"{""R1"": 36.476827, ""R2"": 1858.509015, ""R3"": 9.838734, ""R4"": 39.637393, ""R5"": 0.791385, ""R6"": 30.298141, ""R7"": 24.46002, ""I1"": 8}","{""R1"": 36, ""R2"": 44, ""R3"": 10, ""R4"": 40, ""R5"": 10, ""R6"": 30, ""R7"": 24}","{""T"": 50.89423, ""n1"": 49.91456, ""n2"": 22.37165, ""n3"": 21.80218}","{""R1"": 0.02685732, ""R2"": 0.02685732, ""R3"": 5.172844, ""R4"": 0.7195879, ""R5"": 0.7195879, ""R6"": 0.7195879, ""R7"": 2.080711}",True
nilsson_ex3_4_current_voltage_division,nilsson_ex3_4_current_voltage_division__multi_fault_5,multi_fault,R7:partial_open;R2:partial_short,"{""R1"": 36.620492, ""R2"": 2.526101, ""R3"": 9.97516, ""R4"": 40.006666, ""R5"": 10.178215, ""R6"": 29.606691, ""R7"": 396.581105, ""I1"": 8}","{""R1"": 36, ""R2"": 44, ""R3"": 10, ""R4"": 40, ""R5"": 10, ""R6"": 30, ""R7"": 24}","{""T"": 56.79873, ""n1"": 3.66518, ""n2"": 28.32043, ""n3"": 21.07519}","{""R1"": 1.450924, ""R2"": 1.450924, ""R3"": 5.694017, ""R4"": 0.7118387, ""R5"": 0.7118387, ""R6"": 0.7118387, ""R7"": 0.143221}",True
nilsson_ex3_4_current_voltage_division,nilsson_ex3_4_current_voltage_division__multi_fault_6,multi_fault,R5:partial_open;R4:partial_short,"{""R1"": 35.698194, ""R2"": 43.855595, ""R3"": 9.979487, ""R4"": 3.033561, ""R5"": 492.727758, ""R6"": 30.513962, ""R7"": 24.104428, ""I1"": 8}","{""R1"": 36, ""R2"": 44, ""R3"": 10, ""R4"": 40, ""R5"": 10, ""R6"": 30, ""R7"": 24}","{""T"": 51.22886, ""n1"": 28.24092, ""n2"": 50.93357, ""n3"": 2.9703}","{""R1"": 0.6439525, ""R2"": 0.6439525, ""R3"": 5.133417, ""R4"": 0.09734233, ""R5"": 0.09734233, ""R6"": 0.09734233, ""R7"": 2.125289}",True
nilsson_ex3_4_current_voltage_division,nilsson_ex3_4_current_voltage_division__multi_fault_7,multi_fault,R1:partial_short;R6:partial_open,"{""R1"": 2.932091, ""R2"": 44.509857, ""R3"": 10.01022, ""R4"": 40.163378, ""R5"": 9.989821, ""R6"": 300.253115, ""R7"": 24.113065, ""I1"": 8}","{""R1"": 36, ""R2"": 44, ""R3"": 10, ""R4"": 40, ""R5"": 10, ""R6"": 30, ""R7"": 24}","{""T"": 48.39644, ""n1"": 45.40536, ""n2"": 42.84927, ""n3"": 41.46952}","{""R1"": 1.020119, ""R2"": 1.020119, ""R3"": 4.834703, ""R4"": 0.1381152, ""R5"": 0.1381152, ""R6"": 0.1381152, ""R7"": 2.007063}",True
nilsson_ex3_4_current_voltage_division,nilsson_ex3_4_current_voltage_division__multi_fault_8,multi_fault,R6:partial_short;R2:partial_open,"{""R1"": 36.683335, ""R2"": 1022.612796, ""R3"": 10.02045, ""R4"": 39.992699, ""R5"": 10.039141, ""R6"": 3.385746, ""R7"": 23.623091, ""I1"": 8}","{""R1"": 36, ""R2"": 44, ""R3"": 10, ""R4"": 40, ""R5"": 10, ""R6"": 30, ""R7"": 24}","{""T"": 49.44625, ""n1"": 47.73393, ""n2"": 12.42681, ""n3"": 3.134033}","{""R1"": 0.04667841, ""R2"": 0.04667841, ""R3"": 4.934534, ""R4"": 0.925655, ""R5"": 0.925655, ""R6"": 0.925655, ""R7"": 2.093132}",True
nilsson_ex3_4_current_voltage_division,nilsson_ex3_4_current_voltage_division__multi_fault_9,multi_fault,R7:partial_open;R5:partial_short,"{""R1"": 35.632882, ""R2"": 43.696871, ""R3"": 9.998353, ""R4"": 40.745872, ""R5"": 0.680444, ""R6"": 29.988342, ""R7"": 893.840222, ""I1"": 8}","{""R1"": 36, ""R2"": 44, ""R3"": 10, ""R4"": 40, ""R5"": 10, ""R6"": 30, ""R7"": 24}","{""T"": 62.62546, ""n1"": 34.49571, ""n2"": 26.89429, ""n3"": 26.29759}","{""R1"": 0.7894321, ""R2"": 0.7894321, ""R3"": 6.263577, ""R4"": 0.8769272, ""R5"": 0.8769272, ""R6"": 0.8769272, ""R7"": 0.07006337}",True
nilsson_ex3_4_current_voltage_division,nilsson_ex3_4_current_voltage_division__multi_fault_10,multi_fault,R1:partial_open;R6:partial_short,"{""R1"": 1386.01376, ""R2"": 43.772946, ""R3"": 10.095044, ""R4"": 40.637919, ""R5"": 10.099474, ""R6"": 2.308531, ""R7"": 23.571543, ""I1"": 8}","{""R1"": 36, ""R2"": 44, ""R3"": 10, ""R4"": 40, ""R5"": 10, ""R6"": 30, ""R7"": 24}","{""T"": 49.67909, ""n1"": 1.520926, ""n2"": 11.62047, ""n3"": 2.162008}","{""R1"": 0.03474581, ""R2"": 0.03474581, ""R3"": 4.921137, ""R4"": 0.9365299, ""R5"": 0.9365299, ""R6"": 0.9365299, ""R7"": 2.107588}",True
nilsson_ex3_4_current_voltage_division,nilsson_ex3_4_current_voltage_division__multi_fault_11,multi_fault,R1:partial_open;R5:partial_short,"{""R1"": 1146.922935, ""R2"": 44.529867, ""R3"": 9.840359, ""R4"": 40.485675, ""R5"": 0.577561, ""R6"": 29.870661, ""R7"": 23.8611, ""I1"": 8}","{""R1"": 36, ""R2"": 44, ""R3"": 10, ""R4"": 40, ""R5"": 10, ""R6"": 30, ""R7"": 24}","{""T"": 50.48323, ""n1"": 1.886782, ""n2"": 21.66982, ""n3"": 21.25877}","{""R1"": 0.04237115, ""R2"": 0.04237115, ""R3"": 5.130222, ""R4"": 0.711694, ""R5"": 0.711694, ""R6"": 0.711694, ""R7"": 2.115713}",True
nilsson_ex3_4_current_voltage_division,nilsson_ex3_4_current_voltage_division__multi_fault_12,multi_fault,R3:partial_open;R2:partial_short,"{""R1"": 35.931085, ""R2"": 5.348322, ""R3"": 85.264286, ""R4"": 40.213987, ""R5"": 9.895559, ""R6"": 29.83655, ""R7"": 23.807769, ""I1"": 8}","{""R1"": 36, ""R2"": 44, ""R3"": 10, ""R4"": 40, ""R5"": 10, ""R6"": 30, ""R7"": 24}","{""T"": 88.43207, ""n1"": 11.45761, ""n2"": 43.94952, ""n3"": 33.00359}","{""R1"": 2.142281, ""R2"": 2.142281, ""R3"": 1.037153, ""R4"": 1.106146, ""R5"": 1.106146, ""R6"": 1.106146, ""R7"": 3.714421}",True
nilsson_ex3_4_current_voltage_division,nilsson_ex3_4_current_voltage_division__multi_fault_13,multi_fault,R7:partial_short;R5:partial_open,"{""R1"": 36.579429, ""R2"": 43.733608, ""R3"": 10.037267, ""R4"": 39.802919, ""R5"": 463.715618, ""R6"": 29.746562, ""R7"": 2.638422, ""I1"": 8}","{""R1"": 36, ""R2"": 44, ""R3"": 10, ""R4"": 40, ""R5"": 10, ""R6"": 30, ""R7"": 24}","{""T"": 16.22818, ""n1"": 8.836882, ""n2"": 15.01691, ""n3"": 0.9052393}","{""R1"": 0.2020616, ""R2"": 0.2020616, ""R3"": 1.616793, ""R4"": 0.03043173, ""R5"": 0.03043173, ""R6"": 0.03043173, ""R7"": 6.150714}",True
nilsson_ex3_4_current_voltage_division,nilsson_ex3_4_current_voltage_division__multi_fault_14,multi_fault,R2:partial_short;R1:partial_open,"{""R1"": 1751.682538, ""R2"": 2.646503, ""R3"": 9.885205, ""R4"": 40.148257, ""R5"": 9.975654, ""R6"": 29.724182, ""R7"": 23.583113, ""I1"": 8}","{""R1"": 36, ""R2"": 44, ""R3"": 10, ""R4"": 40, ""R5"": 10, ""R6"": 30, ""R7"": 24}","{""T"": 51.06656, ""n1"": 0.07703674, ""n2"": 25.38988, ""n3"": 19.00999}","{""R1"": 0.02910888, ""R2"": 0.02910888, ""R3"": 5.165958, ""R4"": 0.6395463, ""R5"": 0.6395463, ""R6"": 0.6395463, ""R7"": 2.165387}",True
nilsson_ex3_4_current_voltage_division,nilsson_ex3_4_current_voltage_division__multi_fault_15,multi_fault,R7:partial_short;R4:partial_open,"{""R1"": 36.371603, ""R2"": 44.005442, ""R3"": 10.191942, ""R4"": 1256.668712, ""R5"": 9.884371, ""R6"": 29.821103, ""R7"": 2.685198, ""I1"": 8}","{""R1"": 36, ""R2"": 44, ""R3"": 10, ""R4"": 40, ""R5"": 10, ""R6"": 30, ""R7"": 24}","{""T"": 16.53776, ""n1"": 9.054219, ""n2"": 0.5065201, ""n3"": 0.3804258}","{""R1"": 0.2057523, ""R2"": 0.2057523, ""R3"": 1.622631, ""R4"": 0.01275693, ""R5"": 0.01275693, ""R6"": 0.01275693, ""R7"": 6.15886}",True
nilsson_ex3_4_current_voltage_division,nilsson_ex3_4_current_voltage_division__multi_fault_16,multi_fault,R2:partial_open;R4:partial_short,"{""R1"": 36.088084, ""R2"": 654.940099, ""R3"": 9.919797, ""R4"": 1.020125, ""R5"": 10.054268, ""R6"": 29.828602, ""R7"": 24.191008, ""I1"": 8}","{""R1"": 36, ""R2"": 44, ""R3"": 10, ""R4"": 40, ""R5"": 10, ""R6"": 30, ""R7"": 24}","{""T"": 47.60732, ""n1"": 45.12108, ""n2"": 46.41999, ""n3"": 34.71774}","{""R1"": 0.06889345, ""R2"": 0.06889345, ""R3"": 4.799223, ""R4"": 1.163908, ""R5"": 1.163908, ""R6"": 1.163908, ""R7"": 1.967976}",True
nilsson_ex3_4_current_voltage_division,nilsson_ex3_4_current_voltage_division__multi_fault_17,multi_fault,R5:partial_open;R2:partial_short,"{""R1"": 36.669514, ""R2"": 1.545881, ""R3"": 10.165841, ""R4"": 39.975281, ""R5"": 392.558509, ""R6"": 29.4205, ""R7"": 23.778647, ""I1"": 8}","{""R1"": 36, ""R2"": 44, ""R3"": 10, ""R4"": 40, ""R5"": 10, ""R6"": 30, ""R7"": 24}","{""T"": 47.4059, ""n1"": 1.917653, ""n2"": 43.30362, ""n3"": 3.019141}","{""R1"": 1.240492, ""R2"": 1.240492, ""R3"": 4.663254, ""R4"": 0.1026203, ""R5"": 0.1026203, ""R6"": 0.1026203, ""R7"": 1.993633}",True
nilsson_ex3_4_current_voltage_division,nilsson_ex3_4_current_voltage_division__multi_fault_18,multi_fault,R1:partial_open;R5:partial_short,"{""R1"": 808.896783, ""R2"": 43.607504, ""R3"": 10.040548, ""R4"": 39.50988, ""R5"": 1.475998, ""R6"": 29.54418, ""R7"": 23.615511, ""I1"": 8}","{""R1"": 36, ""R2"": 44, ""R3"": 10, ""R4"": 40, ""R5"": 10, ""R6"": 30, ""R7"": 24}","{""T"": 50.86063, ""n1"": 2.601635, ""n2"": 22.36927, ""n3"": 21.3049}","{""R1"": 0.05966027, ""R2"": 0.05966027, ""R3"": 5.065524, ""R4"": 0.72112, ""R5"": 0.72112, ""R6"": 0.72112, ""R7"": 2.153696}",True
nilsson_ex3_4_current_voltage_division,nilsson_ex3_4_current_voltage_division__multi_fault_19,multi_fault,R4:partial_open;R3:partial_short,"{""R1"": 35.678313, ""R2"": 43.55304, ""R3"": 0.999294, ""R4"": 1640.802887, ""R5"": 9.810773, ""R6"": 29.483244, ""R7"": 24.259109, ""I1"": 8}","{""R1"": 36, ""R2"": 44, ""R3"": 10, ""R4"": 40, ""R5"": 10, ""R6"": 30, ""R7"": 24}","{""T"": 7.581899, ""n1"": 4.167728, ""n2"": 0.1773251, ""n3"": 0.1330512}","{""R1"": 0.09569317, ""R2"": 0.09569317, ""R3"": 7.587256, ""R4"": 0.004512775, ""R5"": 0.004512775, ""R6"": 0.004512775, ""R7"": 0.3125382}",True
nilsson_ex3_4_current_voltage_division,nilsson_ex3_4_current_voltage_division__multi_fault_20,multi_fault,R5:partial_open;R1:partial_short,"{""R1"": 2.664493, ""R2"": 44.238347, ""R3"": 10.066511, ""R4"": 40.190686, ""R5"": 291.863793, ""R6"": 29.57164, ""R7"": 24.151197, ""I1"": 8}","{""R1"": 36, ""R2"": 44, ""R3"": 10, ""R4"": 40, ""R5"": 10, ""R6"": 30, ""R7"": 24}","{""T"": 48.53454, ""n1"": 45.77735, ""n2"": 43.14047, ""n3"": 3.968867}","{""R1"": 1.034789, ""R2"": 1.034789, ""R3"": 4.821387, ""R4"": 0.1342119, ""R5"": 0.1342119, ""R6"": 0.1342119, ""R7"": 2.009612}",True
nilsson_ex2_8_multi_source,nilsson_ex2_8_multi_source__normal_1,normal,,"{""R1"": 2.022331, ""R2"": 3.045872, ""R3"": 4.002832, ""R4"": 5.082064, ""R5"": 6.871776, ""I1"": 6}","{""R1"": 2, ""R2"": 3, ""R3"": 4, ""R4"": 5, ""R5"": 7}","{""a"": 21.9075, ""b"": -2.0925, ""c"": 26.30118, ""d"": 13.69786}","{""R1"": -2.17258, ""R2"": 2.695334, ""R3"": -0.522754, ""R4"": 2.695334, ""R5"": 3.827421}",True
nilsson_ex2_8_multi_source,nilsson_ex2_8_multi_source__normal_2,normal,,"{""R1"": 1.960022, ""R2"": 3.051866, ""R3"": 3.997158, ""R4"": 5.09789, ""R5"": 7.006916, ""I1"": 6}","{""R1"": 2, ""R2"": 3, ""R3"": 4, ""R4"": 5, ""R5"": 7}","{""a"": 22.07418, ""b"": -1.92582, ""c"": 26.4387, ""d"": 13.80799}","{""R1"": -2.22677, ""R2"": 2.708569, ""R3"": -0.481798, ""R4"": 2.708569, ""R5"": 3.773229}",True
nilsson_ex2_8_multi_source,nilsson_ex2_8_multi_source__normal_3,normal,,"{""R1"": 2.001952, ""R2"": 2.945802, ""R3"": 4.065019, ""R4"": 5.012243, ""R5"": 7.114564, ""I1"": 6}","{""R1"": 2, ""R2"": 3, ""R3"": 4, ""R4"": 5, ""R5"": 7}","{""a"": 21.9932, ""b"": -2.0068, ""c"": 26.53756, ""d"": 13.85205}","{""R1"": -2.26997, ""R2"": 2.763643, ""R3"": -0.493676, ""R4"": 2.763643, ""R5"": 3.730033}",True
nilsson_ex2_8_multi_source,nilsson_ex2_8_multi_source__normal_4,normal,,"{""R1"": 2.026104, ""R2"": 3.020654, ""R3"": 4.068704, ""R4"": 4.992597, ""R5"": 6.884356, ""I1"": 6}","{""R1"": 2, ""R2"": 3, ""R3"": 4, ""R4"": 5, ""R5"": 7}","{""a"": 21.81936, ""b"": -2.18064, ""c"": 26.25036, ""d"": 13.59439}","{""R1"": -2.18696, ""R2"": 2.72291, ""R3"": -0.535955, ""R4"": 2.72291, ""R5"": 3.813045}",True
nilsson_ex2_8_multi_source,nilsson_ex2_8_multi_source__normal_5,normal,,"{""R1"": 1.966628, ""R2"": 3.04696, ""R3"": 4.016878, ""R4"": 4.984479, ""R5"": 7.011535, ""I1"": 6}","{""R1"": 2, ""R2"": 3, ""R3"": 4, ""R4"": 5, ""R5"": 7}","{""a"": 21.98762, ""b"": -2.01238, ""c"": 26.38641, ""d"": 13.64598}","{""R1"": -2.23671, ""R2"": 2.737694, ""R3"": -0.50098, ""R4"": 2.737694, ""R5"": 3.763286}",True
nilsson_ex2_8_multi_source,nilsson_ex2_8_multi_source__normal_6,normal,,"{""R1"": 2.039623, ""R2"": 2.984806, ""R3"": 4.064969, ""R4"": 5.011494, ""R5"": 6.893785, ""I1"": 6}","{""R1"": 2, ""R2"": 3, ""R3"": 4, ""R4"": 5, ""R5"": 7}","{""a"": 21.80991, ""b"": -2.19009, ""c"": 26.27409, ""d"": 13.66885}","{""R1"": -2.18873, ""R2"": 2.7275, ""R3"": -0.538772, ""R4"": 2.7275, ""R5"": 3.811272}",True
nilsson_ex2_8_multi_source,nilsson_ex2_8_multi_source__normal_7,normal,,"{""R1"": 1.96653, ""R2"": 3.004274, ""R3"": 4.052524, ""R4"": 5.085359, ""R5"": 6.95531, ""I1"": 6}","{""R1"": 2, ""R2"": 3, ""R3"": 4, ""R4"": 5, ""R5"": 7}","{""a"": 21.97021, ""b"": -2.02979, ""c"": 26.32602, ""d"": 13.81106}","{""R1"": -2.21498, ""R2"": 2.715847, ""R3"": -0.500872, ""R4"": 2.715847, ""R5"": 3.785025}",True
nilsson_ex2_8_multi_source,nilsson_ex2_8_multi_source__normal_8,normal,,"{""R1"": 2.002118, ""R2"": 2.977281, ""R3"": 3.938473, ""R4"": 5.04151, ""R5"": 6.996931, ""I1"": 6}","{""R1"": 2, ""R2"": 3, ""R3"": 4, ""R4"": 5, ""R5"": 7}","{""a"": 21.96869, ""b"": -2.03131, ""c"": 26.42118, ""d"": 13.81198}","{""R1"": -2.22389, ""R2"": 2.739651, ""R3"": -0.515761, ""R4"": 2.739651, ""R5"": 3.77611}",True
nilsson_ex2_8_multi_source,nilsson_ex2_8_multi_source__normal_9,normal,,"{""R1"": 1.978213, ""R2"": 2.962491, ""R3"": 4.078788, ""R4"": 4.985538, ""R5"": 6.95128, ""I1"": 6}","{""R1"": 2, ""R2"": 3, ""R3"": 4, ""R4"": 5, ""R5"": 7}","{""a"": 21.85381, ""b"": -2.14619, ""c"": 26.25217, ""d"": 13.70818}","{""R1"": -2.2234, ""R2"": 2.749588, ""R3"": -0.526184, ""R4"": 2.749588, ""R5"": 3.776596}",True
nilsson_ex2_8_multi_source,nilsson_ex2_8_multi_source__normal_10,normal,,"{""R1"": 1.974542, ""R2"": 2.984019, ""R3"": 3.972569, ""R4"": 4.909094, ""R5"": 6.914415, ""I1"": 6}","{""R1"": 2, ""R2"": 3, ""R3"": 4, ""R4"": 5, ""R5"": 7}","{""a"": 21.81346, ""b"": -2.18654, ""c"": 26.18352, ""d"": 13.56681}","{""R1"": -2.2132, ""R2"": 2.763607, ""R3"": -0.550409, ""R4"": 2.763607, ""R5"": 3.786801}",True
nilsson_ex2_8_multi_source,nilsson_ex2_8_multi_source__normal_11,normal,,"{""R1"": 1.984038, ""R2"": 2.97896, ""R3"": 4.013915, ""R4"": 5.01654, ""R5"": 7.075456, ""I1"": 6}","{""R1"": 2, ""R2"": 3, ""R3"": 4, ""R4"": 5, ""R5"": 7}","{""a"": 22.00892, ""b"": -1.99108, ""c"": 26.48613, ""d"": 13.80884}","{""R1"": -2.25662, ""R2"": 2.752663, ""R3"": -0.496045, ""R4"": 2.752663, ""R5"": 3.743382}",True
nilsson_ex2_8_multi_source,nilsson_ex2_8_multi_source__normal_12,normal,,"{""R1"": 2.024227, ""R2"": 3.058321, ""R3"": 3.935804, ""R4"": 4.972366, ""R5"": 7.020771, ""I1"": 6}","{""R1"": 2, ""R2"": 3, ""R3"": 4, ""R4"": 5, ""R5"": 7}","{""a"": 21.98693, ""b"": -2.01307, ""c"": 26.49365, ""d"": 13.61367}","{""R1"": -2.22639, ""R2"": 2.737865, ""R3"": -0.511475, ""R4"": 2.737865, ""R5"": 3.77361}",True
nilsson_ex2_8_multi_source,nilsson_ex2_8_multi_source__normal_13,normal,,"{""R1"": 2.001675, ""R2"": 3.01433, ""R3"": 4.015795, ""R4"": 5.097074, ""R5"": 6.924006, ""I1"": 6}","{""R1"": 2, ""R2"": 3, ""R3"": 4, ""R4"": 5, ""R5"": 7}","{""a"": 21.9493, ""b"": -2.0507, ""c"": 26.34362, ""d"": 13.79258}","{""R1"": -2.19532, ""R2"": 2.70598, ""R3"": -0.510659, ""R4"": 2.70598, ""R5"": 3.804679}",True
nilsson_ex2_8_multi_source,nilsson_ex2_8_multi_source__normal_14,normal,,"{""R1"": 2.024054, ""R2"": 2.982181, ""R3"": 4.013476, ""R4"": 4.953908, ""R5"": 7.113413, ""I1"": 6}","{""R1"": 2, ""R2"": 3, ""R3"": 4, ""R4"": 5, ""R5"": 7}","{""a"": 21.9782, ""b"": -2.0218, ""c"": 26.56399, ""d"": 13.71935}","{""R1"": -2.26565, ""R2"": 2.7694, ""R3"": -0.503752, ""R4"": 2.7694, ""R5"": 3.734353}",True
nilsson_ex2_8_multi_source,nilsson_ex2_8_multi_source__normal_15,normal,,"{""R1"": 2.003195, ""R2"": 2.992674, ""R3"": 4.004714, ""R4"": 4.917406, ""R5"": 7.030265, ""I1"": 6}","{""R1"": 2, ""R2"": 3, ""R3"": 4, ""R4"": 5, ""R5"": 7}","{""a"": 21.9019, ""b"": -2.0981, ""c"": 26.39898, ""d"": 13.61561}","{""R1"": -2.24495, ""R2"": 2.76886, ""R3"": -0.523907, ""R4"": 2.76886, ""R5"": 3.755048}",True
nilsson_ex2_8_multi_source,nilsson_ex2_8_multi_source__normal_16,normal,,"{""R1"": 2.016439, ""R2"": 2.984915, ""R3"": 3.924056, ""R4"": 4.922008, ""R5"": 6.921224, ""I1"": 6}","{""R1"": 2, ""R2"": 3, ""R3"": 4, ""R4"": 5, ""R5"": 7}","{""a"": 21.82186, ""b"": -2.17814, ""c"": 26.26764, ""d"": 13.58397}","{""R1"": -2.20477, ""R2"": 2.759842, ""R3"": -0.555073, ""R4"": 2.759842, ""R5"": 3.795231}",True
nilsson_ex2_8_multi_source,nilsson_ex2_8_multi_source__normal_17,normal,,"{""R1"": 2.038951, ""R2"": 3.022323, ""R3"": 4.015012, ""R4"": 4.941366, ""R5"": 6.867254, ""I1"": 6}","{""R1"": 2, ""R2"": 3, ""R3"": 4, ""R4"": 5, ""R5"": 7}","{""a"": 21.77776, ""b"": -2.22224, ""c"": 26.22502, ""d"": 13.51282}","{""R1"": -2.18115, ""R2"": 2.734632, ""R3"": -0.553483, ""R4"": 2.734632, ""R5"": 3.818851}",True
nilsson_ex2_8_multi_source,nilsson_ex2_8_multi_source__normal_18,normal,,"{""R1"": 1.96438, ""R2"": 3.011032, ""R3"": 4.000788, ""R4"": 5.038983, ""R5"": 6.885265, ""I1"": 6}","{""R1"": 2, ""R2"": 3, ""R3"": 4, ""R4"": 5, ""R5"": 7}","{""a"": 21.89567, ""b"": -2.10433, ""c"": 26.20548, ""d"": 13.7058}","{""R1"": -2.19398, ""R2"": 2.719955, ""R3"": -0.525978, ""R4"": 2.719955, ""R5"": 3.806023}",True
nilsson_ex2_8_multi_source,nilsson_ex2_8_multi_source__normal_19,normal,,"{""R1"": 2.026749, ""R2"": 3.012922, ""R3"": 4.016245, ""R4"": 4.97919, ""R5"": 6.982546, ""I1"": 6}","{""R1"": 2, ""R2"": 3, ""R3"": 4, ""R4"": 5, ""R5"": 7}","{""a"": 21.90429, ""b"": -2.09571, ""c"": 26.4015, ""d"": 13.64666}","{""R1"": -2.21893, ""R2"": 2.740738, ""R3"": -0.521809, ""R4"": 2.740738, ""R5"": 3.781071}",True
nilsson_ex2_8_multi_source,nilsson_ex2_8_multi_source__normal_20,normal,,"{""R1"": 2.011618, ""R2"": 3.044296, ""R3"": 4.064459, ""R4"": 5.073614, ""R5"": 7.108283, ""I1"": 6}","{""R1"": 2, ""R2"": 3, ""R3"": 4, ""R4"": 5, ""R5"": 7}","{""a"": 22.0966, ""b"": -1.9034, ""c"": 26.63009, ""d"": 13.81016}","{""R1"": -2.25365, ""R2"": 2.721957, ""R3"": -0.468303, ""R4"": 2.721957, ""R5"": 3.746346}",True
nilsson_ex2_8_multi_source,nilsson_ex2_8_multi_source__partial_short_1,partial_short,R1,"{""R1"": 0.231269, ""R2"": 2.994929, ""R3"": 4.04406, ""R4"": 5.0211, ""R5"": 6.986183, ""I1"": 6}","{""R1"": 2, ""R2"": 3, ""R3"": 4, ""R4"": 5, ""R5"": 7}","{""a"": 22.99813, ""b"": -1.00187, ""c"": 23.60435, ""d"": 14.40563}","{""R1"": -2.62128, ""R2"": 2.869018, ""R3"": -0.247738, ""R4"": 2.869018, ""R5"": 3.37872}",True
nilsson_ex2_8_multi_source,nilsson_ex2_8_multi_source__partial_short_2,partial_short,R4,"{""R1"": 1.980397, ""R2"": 2.973311, ""R3"": 3.978497, ""R4"": 0.500638, ""R5"": 7.025489, ""I1"": 6}","{""R1"": 2, ""R2"": 3, ""R3"": 4, ""R4"": 5, ""R5"": 7}","{""a"": 16.47533, ""b"": -7.52467, ""c"": 22.12184, ""d"": 2.374294}","{""R1"": -2.8512, ""R2"": 4.742537, ""R3"": -1.89133, ""R4"": 4.742537, ""R5"": 3.148798}",True
nilsson_ex2_8_multi_source,nilsson_ex2_8_multi_source__partial_short_3,partial_short,R2,"{""R1"": 1.974063, ""R2"": 0.044593, ""R3"": 4.00977, ""R4"": 5.019167, ""R5"": 6.933829, ""I1"": 6}","{""R1"": 2, ""R2"": 3, ""R3"": 4, ""R4"": 5, ""R5"": 7}","{""a"": 19.05761, ""b"": -4.94239, ""c"": 24.05385, ""d"": 18.88978}","{""R1"": -2.53094, ""R2"": 3.76353, ""R3"": -1.23259, ""R4"": 3.76353, ""R5"": 3.469057}",True
nilsson_ex2_8_multi_source,nilsson_ex2_8_multi_source__partial_short_4,partial_short,R3,"{""R1"": 2.035606, ""R2"": 2.990294, ""R3"": 0.550676, ""R4"": 4.914105, ""R5"": 7.115269, ""I1"": 6}","{""R1"": 2, ""R2"": 3, ""R3"": 4, ""R4"": 5, ""R5"": 7}","{""a"": 23.51569, ""b"": -0.484311, ""c"": 27.78136, ""d"": 14.61953}","{""R1"": -2.09553, ""R2"": 2.975013, ""R3"": -0.879484, ""R4"": 2.975013, ""R5"": 3.904471}",True
nilsson_ex2_8_multi_source,nilsson_ex2_8_multi_source__partial_short_5,partial_short,R1,"{""R1"": 0.062074, ""R2"": 2.945048, ""R3"": 3.942757, ""R4"": 4.923657, ""R5"": 7.045288, ""I1"": 6}","{""R1"": 2, ""R2"": 3, ""R3"": 4, ""R4"": 5, ""R5"": 7}","{""a"": 23.08088, ""b"": -0.919115, ""c"": 23.24849, ""d"": 14.44232}","{""R1"": -2.70014, ""R2"": 2.933251, ""R3"": -0.233115, ""R4"": 2.933251, ""R5"": 3.299864}",True
nilsson_ex2_8_multi_source,nilsson_ex2_8_multi_source__partial_short_6,partial_short,R5,"{""R1"": 1.982408, ""R2"": 3.015812, ""R3"": 4.002097, ""R4"": 4.93714, ""R5"": 0.343017, ""I1"": 6}","{""R1"": 2, ""R2"": 3, ""R3"": 4, ""R4"": 5, ""R5"": 7}","{""a"": 8.54218, ""b"": -15.4578, ""c"": 3.01455, ""d"": 5.302929}","{""R1"": 2.788341, ""R2"": 1.074089, ""R3"": -3.86243, ""R4"": 1.074089, ""R5"": 8.788341}",True
nilsson_ex2_8_multi_source,nilsson_ex2_8_multi_source__partial_short_7,partial_short,R4,"{""R1"": 2.015715, ""R2"": 2.958549, ""R3"": 4.057936, ""R4"": 0.080025, ""R5"": 7.050352, ""I1"": 6}","{""R1"": 2, ""R2"": 3, ""R3"": 4, ""R4"": 5, ""R5"": 7}","{""a"": 15.42694, ""b"": -8.57306, ""c"": 21.40227, ""d"": 0.4062896}","{""R1"": -2.96437, ""R2"": 5.077034, ""R3"": -2.11266, ""R4"": 5.077034, ""R5"": 3.035631}",True
nilsson_ex2_8_multi_source,nilsson_ex2_8_multi_source__partial_short_8,partial_short,R4,"{""R1"": 1.988228, ""R2"": 2.949854, ""R3"": 3.998528, ""R4"": 0.303102, ""R5"": 6.875748, ""I1"": 6}","{""R1"": 2, ""R2"": 3, ""R3"": 4, ""R4"": 5, ""R5"": 7}","{""a"": 15.89743, ""b"": -8.10257, ""c"": 21.58513, ""d"": 1.481282}","{""R1"": -2.86069, ""R2"": 4.887073, ""R3"": -2.02639, ""R4"": 4.887073, ""R5"": 3.139314}",True
nilsson_ex2_8_multi_source,nilsson_ex2_8_multi_source__partial_short_9,partial_short,R4,"{""R1"": 2.028346, ""R2"": 2.983196, ""R3"": 4.010229, ""R4"": 0.496872, ""R5"": 6.916894, ""I1"": 6}","{""R1"": 2, ""R2"": 3, ""R3"": 4, ""R4"": 5, ""R5"": 7}","{""a"": 16.3826, ""b"": -7.6174, ""c"": 22.07832, ""d"": 2.339051}","{""R1"": -2.80806, ""R2"": 4.707552, ""R3"": -1.89949, ""R4"": 4.707552, ""R5"": 3.191941}",True
nilsson_ex2_8_multi_source,nilsson_ex2_8_multi_source__partial_short_10,partial_short,R4,"{""R1"": 1.989835, ""R2"": 2.987753, ""R3"": 3.996553, ""R4"": 0.364224, ""R5"": 6.950393, ""I1"": 6}","{""R1"": 2, ""R2"": 3, ""R3"": 4, ""R4"": 5, ""R5"": 7}","{""a"": 16.15647, ""b"": -7.84353, ""c"": 21.84224, ""d"": 1.755553}","{""R1"": -2.85741, ""R2"": 4.819983, ""R3"": -1.96257, ""R4"": 4.819983, ""R5"": 3.142591}",True
nilsson_ex2_8_multi_source,nilsson_ex2_8_multi_source__partial_short_11,partial_short,R1,"{""R1"": 0.100015, ""R2"": 3.009582, ""R3"": 4.055442, ""R4"": 5.087705, ""R5"": 6.903831, ""I1"": 6}","{""R1"": 2, ""R2"": 3, ""R3"": 4, ""R4"": 5, ""R5"": 7}","{""a"": 23.07124, ""b"": -0.928763, ""c"": 23.3333, ""d"": 14.49617}","{""R1"": -2.62024, ""R2"": 2.849255, ""R3"": -0.229016, ""R4"": 2.849255, ""R5"": 3.379761}",True
nilsson_ex2_8_multi_source,nilsson_ex2_8_multi_source__partial_short_12,partial_short,R3,"{""R1"": 1.98369, ""R2"": 2.998408, ""R3"": 0.402162, ""R4"": 4.996089, ""R5"": 7.130034, ""I1"": 6}","{""R1"": 2, ""R2"": 3, ""R3"": 4, ""R4"": 5, ""R5"": 7}","{""a"": 23.65407, ""b"": -0.345934, ""c"": 27.81705, ""d"": 14.7824}","{""R1"": -2.09861, ""R2"": 2.958794, ""R3"": -0.860185, ""R4"": 2.958794, ""R5"": 3.901392}",True
nilsson_ex2_8_multi_source,nilsson_ex2_8_multi_source__partial_short_13,partial_short,R2,"{""R1"": 2.002388, ""R2"": 0.149414, ""R3"": 3.978078, ""R4"": 5.013613, ""R5"": 6.921479, ""I1"": 6}","{""R1"": 2, ""R2"": 3, ""R3"": 4, ""R4"": 5, ""R5"": 7}","{""a"": 19.18208, ""b"": -4.81792, ""c"": 24.19638, ""d"": 18.62697}","{""R1"": -2.50416, ""R2"": 3.715278, ""R3"": -1.21112, ""R4"": 3.715278, ""R5"": 3.49584}",True
nilsson_ex2_8_multi_source,nilsson_ex2_8_multi_source__partial_short_14,partial_short,R4,"{""R1"": 1.990867, ""R2"": 2.964757, ""R3"": 3.921222, ""R4"": 0.051831, ""R5"": 7.020478, ""I1"": 6}","{""R1"": 2, ""R2"": 3, ""R3"": 4, ""R4"": 5, ""R5"": 7}","{""a"": 15.47679, ""b"": -8.52321, ""c"": 21.36368, ""d"": 0.2659221}","{""R1"": -2.95695, ""R2"": 5.13056, ""R3"": -2.17361, ""R4"": 5.13056, ""R5"": 3.043052}",True
nilsson_ex2_8_multi_source,nilsson_ex2_8_multi_source__partial_short_15,partial_short,R1,"{""R1"": 0.220488, ""R2"": 3.031906, ""R3"": 4.05123, ""R4"": 5.015043, ""R5"": 7.080443, ""I1"": 6}","{""R1"": 2, ""R2"": 3, ""R3"": 4, ""R4"": 5, ""R5"": 7}","{""a"": 23.11244, ""b"": -0.887558, ""c"": 23.69742, ""d"": 14.4042}","{""R1"": -2.65312, ""R2"": 2.872199, ""R3"": -0.219084, ""R4"": 2.872199, ""R5"": 3.346884}",True
nilsson_ex2_8_multi_source,nilsson_ex2_8_multi_source__partial_short_16,partial_short,R4,"{""R1"": 1.997481, ""R2"": 3.052507, ""R3"": 4.006612, ""R4"": 0.064862, ""R5"": 6.954719, ""I1"": 6}","{""R1"": 2, ""R2"": 3, ""R3"": 4, ""R4"": 5, ""R5"": 7}","{""a"": 15.61607, ""b"": -8.38393, ""c"": 21.44243, ""d"": 0.3249181}","{""R1"": -2.91685, ""R2"": 5.009375, ""R3"": -2.09252, ""R4"": 5.009375, ""R5"": 3.083148}",True
nilsson_ex2_8_multi_source,nilsson_ex2_8_multi_source__partial_short_17,partial_short,R2,"{""R1"": 2.029889, ""R2"": 0.184301, ""R3"": 3.976228, ""R4"": 5.06051, ""R5"": 7.04611, ""I1"": 6}","{""R1"": 2, ""R2"": 3, ""R3"": 4, ""R4"": 5, ""R5"": 7}","{""a"": 19.36116, ""b"": -4.63884, ""c"": 24.48632, ""d"": 18.68082}","{""R1"": -2.52485, ""R2"": 3.691489, ""R3"": -1.16664, ""R4"": 3.691489, ""R5"": 3.475154}",True
nilsson_ex2_8_multi_source,nilsson_ex2_8_multi_source__partial_short_18,partial_short,R3,"{""R1"": 1.977767, ""R2"": 2.987813, ""R3"": 0.078833, ""R4"": 4.984382, ""R5"": 6.893398, ""I1"": 6}","{""R1"": 2, ""R2"": 3, ""R3"": 4, ""R4"": 5, ""R5"": 7}","{""a"": 23.91848, ""b"": -0.0815214, ""c"": 27.80704, ""d"": 14.95433}","{""R1"": -1.96614, ""R2"": 3.000238, ""R3"": -1.0341, ""R4"": 3.000238, ""R5"": 4.033865}",True
nilsson_ex2_8_multi_source,nilsson_ex2_8_multi_source__partial_short_19,partial_short,R2,"{""R1"": 1.967958, ""R2"": 0.222396, ""R3"": 3.980555, ""R4"": 4.911389, ""R5"": 6.979026, ""I1"": 6}","{""R1"": 2, ""R2"": 3, ""R3"": 4, ""R4"": 5, ""R5"": 7}","{""a"": 19.20038, ""b"": -4.79962, ""c"": 24.18765, ""d"": 18.36862}","{""R1"": -2.53424, ""R2"": 3.740004, ""R3"": -1.20577, ""R4"": 3.740004, ""R5"": 3.465763}",True
nilsson_ex2_8_multi_source,nilsson_ex2_8_multi_source__partial_short_20,partial_short,R4,"{""R1"": 1.995379, ""R2"": 3.014409, ""R3"": 3.921869, ""R4"": 0.475001, ""R5"": 7.087943, ""I1"": 6}","{""R1"": 2, ""R2"": 3, ""R3"": 4, ""R4"": 5, ""R5"": 7}","{""a"": 16.57549, ""b"": -7.42451, ""c"": 22.27653, ""d"": 2.256363}","{""R1"": -2.85712, ""R2"": 4.750228, ""R3"": -1.8931, ""R4"": 4.750228, ""R5"": 3.142877}",True
nilsson_ex2_8_multi_source,nilsson_ex2_8_multi_source__partial_open_1,partial_open,R5,"{""R1"": 1.995548, ""R2"": 2.961696, ""R3"": 4.005247, ""R4"": 4.968289, ""R5"": 341.201021, ""I1"": 6}","{""R1"": 2, ""R2"": 3, ""R3"": 4, ""R4"": 5, ""R5"": 7}","{""a"": 31.57531, ""b"": 7.575312, ""c"": 43.29538, ""d"": 19.78254}","{""R1"": -5.87311, ""R2"": 3.981762, ""R3"": 1.891347, ""R4"": 3.981762, ""R5"": 0.1268911}",True
nilsson_ex2_8_multi_source,nilsson_ex2_8_multi_source__partial_open_2,partial_open,R2,"{""R1"": 2.023385, ""R2"": 118.402518, ""R3"": 4.003246, ""R4"": 5.079653, ""R5"": 7.116643, ""I1"": 6}","{""R1"": 2, ""R2"": 3, ""R3"": 4, ""R4"": 5, ""R5"": 7}","{""a"": 29.04097, ""b"": 5.040968, ""c"": 32.06472, ""d"": 1.194651}","{""R1"": -1.4944, ""R2"": 0.2351835, ""R3"": 1.25922, ""R4"": 0.2351835, ""R5"": 4.505596}",True
nilsson_ex2_8_multi_source,nilsson_ex2_8_multi_source__partial_open_3,partial_open,R3,"{""R1"": 2.015432, ""R2"": 2.975944, ""R3"": 114.466063, ""R4"": 4.99861, ""R5"": 6.957609, ""I1"": 6}","{""R1"": 2, ""R2"": 3, ""R3"": 4, ""R4"": 5, ""R5"": 7}","{""a"": 19.79807, ""b"": -4.20193, ""c"": 24.72771, ""d"": 12.40983}","{""R1"": -2.44595, ""R2"": 2.482656, ""R3"": -0.0367089, ""R4"": 2.482656, ""R5"": 3.554053}",True
nilsson_ex2_8_multi_source,nilsson_ex2_8_multi_source__partial_open_4,partial_open,R2,"{""R1"": 1.960898, ""R2"": 64.583175, ""R3"": 4.038283, ""R4"": 4.962061, ""R5"": 6.885759, ""I1"": 6}","{""R1"": 2, ""R2"": 3, ""R3"": 4, ""R4"": 5, ""R5"": 7}","{""a"": 28.29837, ""b"": 4.298369, ""c"": 31.18346, ""d"": 2.019092}","{""R1"": -1.47131, ""R2"": 0.4069059, ""R3"": 1.064405, ""R4"": 0.4069059, ""R5"": 4.528689}",True
nilsson_ex2_8_multi_source,nilsson_ex2_8_multi_source__partial_open_5,partial_open,R1,"{""R1"": 97.05353, ""R2"": 3.048669, ""R3"": 3.964415, ""R4"": 4.997579, ""R5"": 6.865385, ""I1"": 6}","{""R1"": 2, ""R2"": 3, ""R3"": 4, ""R4"": 5, ""R5"": 7}","{""a"": 16.70406, ""b"": -7.29594, ""c"": 39.5745, ""d"": 10.375}","{""R1"": -0.235648, ""R2"": 2.076006, ""R3"": -1.84036, ""R4"": 2.076006, ""R5"": 5.764352}",True
nilsson_ex2_8_multi_source,nilsson_ex2_8_multi_source__partial_open_6,partial_open,R1,"{""R1"": 22.723675, ""R2"": 2.943674, ""R3"": 4.047486, ""R4"": 4.930525, ""R5"": 7.015653, ""I1"": 6}","{""R1"": 2, ""R2"": 3, ""R3"": 4, ""R4"": 5, ""R5"": 7}","{""a"": 18.01625, ""b"": -5.98375, ""c"": 36.41388, ""d"": 11.28109}","{""R1"": -0.809624, ""R2"": 2.288011, ""R3"": -1.47839, ""R4"": 2.288011, ""R5"": 5.190376}",True
nilsson_ex2_8_multi_source,nilsson_ex2_8_multi_source__partial_open_7,partial_open,R5,"{""R1"": 2.009323, ""R2"": 2.950415, ""R3"": 3.992688, ""R4"": 4.941439, ""R5"": 291.023446, ""I1"": 6}","{""R1"": 2, ""R2"": 3, ""R3"": 4, ""R4"": 5, ""R5"": 7}","{""a"": 31.45131, ""b"": 7.451312, ""c"": 43.20892, ""d"": 19.69306}","{""R1"": -5.85153, ""R2"": 3.985288, ""R3"": 1.86624, ""R4"": 3.985288, ""R5"": 0.1484723}",True
nilsson_ex2_8_multi_source,nilsson_ex2_8_multi_source__partial_open_8,partial_open,R2,"{""R1"": 1.971711, ""R2"": 144.99991, ""R3"": 4.032896, ""R4"": 4.941237, ""R5"": 7.097349, ""I1"": 6}","{""R1"": 2, ""R2"": 3, ""R3"": 4, ""R4"": 5, ""R5"": 7}","{""a"": 29.17714, ""b"": 5.177139, ""c"": 32.09196, ""d"": 0.9615183}","{""R1"": -1.47832, ""R2"": 0.1945906, ""R3"": 1.283727, ""R4"": 0.1945906, ""R5"": 4.521682}",True
nilsson_ex2_8_multi_source,nilsson_ex2_8_multi_source__partial_open_9,partial_open,R3,"{""R1"": 2.018768, ""R2"": 2.971998, ""R3"": 156.886531, ""R4"": 5.029105, ""R5"": 7.013539, ""I1"": 6}","{""R1"": 2, ""R2"": 3, ""R3"": 4, ""R4"": 5, ""R5"": 7}","{""a"": 19.87828, ""b"": -4.12172, ""c"": 24.84076, ""d"": 12.49452}","{""R1"": -2.45817, ""R2"": 2.484443, ""R3"": -0.026272, ""R4"": 2.484443, ""R5"": 3.541829}",True
nilsson_ex2_8_multi_source,nilsson_ex2_8_multi_source__partial_open_10,partial_open,R1,"{""R1"": 10.402537, ""R2"": 3.037055, ""R3"": 4.038583, ""R4"": 4.95641, ""R5"": 6.86849, ""I1"": 6}","{""R1"": 2, ""R2"": 3, ""R3"": 4, ""R4"": 5, ""R5"": 7}","{""a"": 19.3417, ""b"": -4.6583, ""c"": 32.51379, ""d"": 11.99297}","{""R1"": -1.26624, ""R2"": 2.419689, ""R3"": -1.15345, ""R4"": 2.419689, ""R5"": 4.733761}",True
nilsson_ex2_8_multi_source,nilsson_ex2_8_multi_source__partial_open_11,partial_open,R4,"{""R1"": 1.972263, ""R2"": 3.035694, ""R3"": 3.978228, ""R4"": 136.582782, ""R5"": 7.058583, ""I1"": 6}","{""R1"": 2, ""R2"": 3, ""R3"": 4, ""R4"": 5, ""R5"": 7}","{""a"": 29.0376, ""b"": 5.037596, ""c"": 31.94524, ""d"": 28.40624}","{""R1"": -1.47427, ""R2"": 0.2079782, ""R3"": 1.266291, ""R4"": 0.2079782, ""R5"": 4.52573}",True
nilsson_ex2_8_multi_source,nilsson_ex2_8_multi_source__partial_open_12,partial_open,R5,"{""R1"": 1.972234, ""R2"": 3.050951, ""R3"": 3.968557, ""R4"": 5.005031, ""R5"": 125.705226, ""I1"": 6}","{""R1"": 2, ""R2"": 3, ""R3"": 4, ""R4"": 5, ""R5"": 7}","{""a"": 31.13695, ""b"": 7.13695, ""c"": 42.30659, ""d"": 19.3448}","{""R1"": -5.66345, ""R2"": 3.865072, ""R3"": 1.798374, ""R4"": 3.865072, ""R5"": 0.336554}",True
nilsson_ex2_8_multi_source,nilsson_ex2_8_multi_source__partial_open_13,partial_open,R5,"{""R1"": 2.01473, ""R2"": 2.995875, ""R3"": 4.054775, ""R4"": 5.066566, ""R5"": 316.449902, ""I1"": 6}","{""R1"": 2, ""R2"": 3, ""R3"": 4, ""R4"": 5, ""R5"": 7}","{""a"": 31.78479, ""b"": 7.78479, ""c"": 43.59561, ""d"": 19.97407}","{""R1"": -5.86224, ""R2"": 3.942328, ""R3"": 1.919907, ""R4"": 3.942328, ""R5"": 0.1377647}",True
nilsson_ex2_8_multi_source,nilsson_ex2_8_multi_source__partial_open_14,partial_open,R2,"{""R1"": 1.971426, ""R2"": 131.688564, ""R3"": 4.020542, ""R4"": 5.042981, ""R5"": 7.083635, ""I1"": 6}","{""R1"": 2, ""R2"": 3, ""R3"": 4, ""R4"": 5, ""R5"": 7}","{""a"": 29.09652, ""b"": 5.096518, ""c"": 32.01506, ""d"": 1.073148}","{""R1"": -1.48042, ""R2"": 0.2128003, ""R3"": 1.26762, ""R4"": 0.2128003, ""R5"": 4.51958}",True
nilsson_ex2_8_multi_source,nilsson_ex2_8_multi_source__partial_open_15,partial_open,R3,"{""R1"": 2.005433, ""R2"": 3.044878, ""R3"": 27.591391, ""R4"": 5.038412, ""R5"": 7.032247, ""I1"": 6}","{""R1"": 2, ""R2"": 3, ""R3"": 4, ""R4"": 5, ""R5"": 7}","{""a"": 20.46708, ""b"": -3.53292, ""c"": 25.2881, ""d"": 12.75738}","{""R1"": -2.40398, ""R2"": 2.532024, ""R3"": -0.128044, ""R4"": 2.532024, ""R5"": 3.59602}",True
nilsson_ex2_8_multi_source,nilsson_ex2_8_multi_source__partial_open_16,partial_open,R5,"{""R1"": 2.016387, ""R2"": 3.052887, ""R3"": 3.949596, ""R4"": 4.919565, ""R5"": 114.924476, ""I1"": 6}","{""R1"": 2, ""R2"": 3, ""R3"": 4, ""R4"": 5, ""R5"": 7}","{""a"": 30.9244, ""b"": 6.924399, ""c"": 42.28089, ""d"": 19.08253}","{""R1"": -5.6321, ""R2"": 3.878907, ""R3"": 1.753192, ""R4"": 3.878907, ""R5"": 0.3679015}",True
nilsson_ex2_8_multi_source,nilsson_ex2_8_multi_source__partial_open_17,partial_open,R1,"{""R1"": 39.174113, ""R2"": 3.03123, ""R3"": 4.061954, ""R4"": 5.004927, ""R5"": 6.921247, ""I1"": 6}","{""R1"": 2, ""R2"": 3, ""R3"": 4, ""R4"": 5, ""R5"": 7}","{""a"": 17.35678, ""b"": -6.64322, ""c"": 37.89824, ""d"": 10.80982}","{""R1"": -0.524363, ""R2"": 2.159836, ""R3"": -1.63547, ""R4"": 2.159836, ""R5"": 5.475637}",True
nilsson_ex2_8_multi_source,nilsson_ex2_8_multi_source__partial_open_18,partial_open,R3,"{""R1"": 2.02284, ""R2"": 2.959198, ""R3"": 157.652455, ""R4"": 4.959062, ""R5"": 7.097582, ""I1"": 6}","{""R1"": 2, ""R2"": 3, ""R3"": 4, ""R4"": 5, ""R5"": 7}","{""a"": 19.90065, ""b"": -4.09935, ""c"": 24.93197, ""d"": 12.46341}","{""R1"": -2.48726, ""R2"": 2.51326, ""R3"": -0.0260025, ""R4"": 2.51326, ""R5"": 3.512742}",True
nilsson_ex2_8_multi_source,nilsson_ex2_8_multi_source__partial_open_19,partial_open,R3,"{""R1"": 1.960339, ""R2"": 2.947128, ""R3"": 113.115232, ""R4"": 5.073012, ""R5"": 7.138414, ""I1"": 6}","{""R1"": 2, ""R2"": 3, ""R3"": 4, ""R4"": 5, ""R5"": 7}","{""a"": 20.2088, ""b"": -3.7912, ""c"": 25.08267, ""d"": 12.78275}","{""R1"": -2.48624, ""R2"": 2.519756, ""R3"": -0.0335163, ""R4"": 2.519756, ""R5"": 3.51376}",True
nilsson_ex2_8_multi_source,nilsson_ex2_8_multi_source__partial_open_20,partial_open,R4,"{""R1"": 1.972861, ""R2"": 2.987654, ""R3"": 4.000565, ""R4"": 122.434939, ""R5"": 7.076213, ""I1"": 6}","{""R1"": 2, ""R2"": 3, ""R3"": 4, ""R4"": 5, ""R5"": 7}","{""a"": 29.01656, ""b"": 5.016563, ""c"": 31.94688, ""d"": 28.32537}","{""R1"": -1.48531, ""R2"": 0.2313504, ""R3"": 1.253964, ""R4"": 0.2313504, ""R5"": 4.514686}",True
nilsson_ex2_8_multi_source,nilsson_ex2_8_multi_source__wrong_component_type_1,wrong_component_type,R5,"{""R1"": 1.967092, ""R2"": 2.994951, ""R3"": 3.959277, ""R4"": 4.966703, ""R5"": 1.61e-06, ""I1"": 6}","{""R1"": 2, ""R2"": 3, ""R3"": 4, ""R4"": 5, ""R5"": 7}","{""a"": 31.89466, ""b"": 7.894661, ""c"": 43.69721, ""d"": 19.89678}","{""R1"": -6.0, ""R2"": 4.006035, ""R3"": 1.993965, ""R4"": 4.006035}",True
nilsson_ex2_8_multi_source,nilsson_ex2_8_multi_source__wrong_component_type_2,wrong_component_type,R1,"{""R1"": 3.75e-06, ""R2"": 2.986065, ""R3"": 4.00135, ""R4"": 5.077171, ""R5"": 6.969765, ""I1"": 6}","{""R1"": 2, ""R2"": 3, ""R3"": 4, ""R4"": 5, ""R5"": 7}","{""a"": 16.04014, ""b"": -7.95986, ""c"": 41.81859, ""d"": 10.09998}","{""R2"": 1.989293, ""R3"": -1.98929, ""R4"": 1.989293, ""R5"": 6.0}",True
nilsson_ex2_8_multi_source,nilsson_ex2_8_multi_source__wrong_component_type_3,wrong_component_type,R2,"{""R1"": 1.996004, ""R2"": 8.88e-06, ""R3"": 4.0173, ""R4"": 5.011328, ""R5"": 6.914856, ""I1"": 6}","{""R1"": 2, ""R2"": 3, ""R3"": 4, ""R4"": 5, ""R5"": 7}","{""a"": 29.43458, ""b"": 5.434579, ""c"": 32.13476, ""d"": 0.0}","{""R1"": -1.35279, ""R3"": 1.352794, ""R4"": 0.0, ""R5"": 4.647206}",True
nilsson_ex2_8_multi_source,nilsson_ex2_8_multi_source__wrong_component_type_4,wrong_component_type,R4,"{""R1"": 2.02829, ""R2"": 2.997112, ""R3"": 4.000816, ""R4"": 5.97e-06, ""R5"": 7.130908, ""I1"": 6}","{""R1"": 2, ""R2"": 3, ""R3"": 4, ""R4"": 5, ""R5"": 7}","{""a"": 29.71102, ""b"": 5.711021, ""c"": 32.60633, ""d"": 29.71102}","{""R1"": -1.42746, ""R2"": 0.0, ""R3"": 1.427464, ""R5"": 4.572536}",True
nilsson_ex2_8_multi_source,nilsson_ex2_8_multi_source__wrong_component_type_5,wrong_component_type,R3,"{""R1"": 1.999117, ""R2"": 2.963011, ""R3"": 2.83e-06, ""R4"": 4.924429, ""R5"": 7.044363, ""I1"": 6}","{""R1"": 2, ""R2"": 3, ""R3"": 4, ""R4"": 5, ""R5"": 7}","{""a"": 19.69013, ""b"": -4.30987, ""c"": 24.6807, ""d"": 12.29329}","{""R1"": -2.49639, ""R2"": 2.49639, ""R4"": 2.49639, ""R5"": 3.50361}",True
nilsson_ex2_8_multi_source,nilsson_ex2_8_multi_source__wrong_component_type_6,wrong_component_type,R2,"{""R1"": 2.014077, ""R2"": 7.12e-06, ""R3"": 3.935083, ""R4"": 5.025085, ""R5"": 6.860568, ""I1"": 6}","{""R1"": 2, ""R2"": 3, ""R3"": 4, ""R4"": 5, ""R5"": 7}","{""a"": 29.27251, ""b"": 5.272511, ""c"": 31.97112, ""d"": 0.0}","{""R1"": -1.33987, ""R3"": 1.339873, ""R4"": 0.0, ""R5"": 4.660127}",True
nilsson_ex2_8_multi_source,nilsson_ex2_8_multi_source__wrong_component_type_7,wrong_component_type,R1,"{""R1"": 1.13e-06, ""R2"": 2.958977, ""R3"": 4.058685, ""R4"": 4.950765, ""R5"": 6.895684, ""I1"": 6}","{""R1"": 2, ""R2"": 3, ""R3"": 4, ""R4"": 5, ""R5"": 7}","{""a"": 15.86122, ""b"": -8.13878, ""c"": 41.3741, ""d"": 9.92765}","{""R2"": 2.005276, ""R3"": -2.00528, ""R4"": 2.005276, ""R5"": 6.0}",True
nilsson_ex2_8_multi_source,nilsson_ex2_8_multi_source__wrong_component_type_8,wrong_component_type,R3,"{""R1"": 1.971175, ""R2"": 3.059064, ""R3"": 2.74e-06, ""R4"": 4.980152, ""R5"": 7.061381, ""I1"": 6}","{""R1"": 2, ""R2"": 3, ""R3"": 4, ""R4"": 5, ""R5"": 7}","{""a"": 19.95152, ""b"": -4.04848, ""c"": 24.84353, ""d"": 12.35961}","{""R1"": -2.48177, ""R2"": 2.481774, ""R4"": 2.481774, ""R5"": 3.518226}",True
nilsson_ex2_8_multi_source,nilsson_ex2_8_multi_source__wrong_component_type_9,wrong_component_type,R2,"{""R1"": 1.967768, ""R2"": 7.63e-06, ""R3"": 3.982301, ""R4"": 5.065015, ""R5"": 6.922538, ""I1"": 6}","{""R1"": 2, ""R2"": 3, ""R3"": 4, ""R4"": 5, ""R5"": 7}","{""a"": 29.42474, ""b"": 5.424741, ""c"": 32.10526, ""d"": 0.0}","{""R1"": -1.36221, ""R3"": 1.362213, ""R4"": 0.0, ""R5"": 4.637787}",True
nilsson_ex2_8_multi_source,nilsson_ex2_8_multi_source__wrong_component_type_10,wrong_component_type,R4,"{""R1"": 1.988321, ""R2"": 3.008368, ""R3"": 3.926941, ""R4"": 1.63e-06, ""R5"": 6.9457, ""I1"": 6}","{""R1"": 2, ""R2"": 3, ""R3"": 4, ""R4"": 5, ""R5"": 7}","{""a"": 29.39661, ""b"": 5.396606, ""c"": 32.12906, ""d"": 29.39661}","{""R1"": -1.37425, ""R2"": 0.0, ""R3"": 1.374252, ""R5"": 4.625748}",True
nilsson_ex2_8_multi_source,nilsson_ex2_8_multi_source__wrong_component_type_11,wrong_component_type,R3,"{""R1"": 1.996846, ""R2"": 3.007739, ""R3"": 2.3e-06, ""R4"": 5.010088, ""R5"": 7.008511, ""I1"": 6}","{""R1"": 2, ""R2"": 3, ""R3"": 4, ""R4"": 5, ""R5"": 7}","{""a"": 19.80582, ""b"": -4.19418, ""c"": 24.73848, ""d"": 12.37604}","{""R1"": -2.47022, ""R2"": 2.470223, ""R4"": 2.470223, ""R5"": 3.529777}",True
nilsson_ex2_8_multi_source,nilsson_ex2_8_multi_source__wrong_component_type_12,wrong_component_type,R5,"{""R1"": 1.977946, ""R2"": 2.967816, ""R3"": 4.017487, ""R4"": 5.047923, ""R5"": 8.71e-06, ""I1"": 6}","{""R1"": 2, ""R2"": 3, ""R3"": 4, ""R4"": 5, ""R5"": 7}","{""a"": 32.04432, ""b"": 8.044316, ""c"": 43.91199, ""d"": 20.17995}","{""R1"": -6.0, ""R2"": 3.997675, ""R3"": 2.002325, ""R4"": 3.997675}",True
nilsson_ex2_8_multi_source,nilsson_ex2_8_multi_source__wrong_component_type_13,wrong_component_type,R2,"{""R1"": 1.980701, ""R2"": 1.14e-06, ""R3"": 3.935821, ""R4"": 4.905216, ""R5"": 7.041161, ""I1"": 6}","{""R1"": 2, ""R2"": 3, ""R3"": 4, ""R4"": 5, ""R5"": 7}","{""a"": 29.54241, ""b"": 5.54241, ""c"": 32.33163, ""d"": 0.0}","{""R1"": -1.4082, ""R3"": 1.408197, ""R4"": 0.0, ""R5"": 4.591803}",True
nilsson_ex2_8_multi_source,nilsson_ex2_8_multi_source__wrong_component_type_14,wrong_component_type,R3,"{""R1"": 1.987814, ""R2"": 3.046399, ""R3"": 6.72e-06, ""R4"": 4.913404, ""R5"": 6.905413, ""I1"": 6}","{""R1"": 2, ""R2"": 3, ""R3"": 4, ""R4"": 5, ""R5"": 7}","{""a"": 19.56885, ""b"": -4.43115, ""c"": 24.45581, ""d"": 12.0794}","{""R1"": -2.45846, ""R2"": 2.458459, ""R4"": 2.458459, ""R5"": 3.541541}",True
nilsson_ex2_8_multi_source,nilsson_ex2_8_multi_source__wrong_component_type_15,wrong_component_type,R5,"{""R1"": 1.989071, ""R2"": 3.028884, ""R3"": 4.04513, ""R4"": 5.021945, ""R5"": 5.5e-06, ""I1"": 6}","{""R1"": 2, ""R2"": 3, ""R3"": 4, ""R4"": 5, ""R5"": 7}","{""a"": 32.12807, ""b"": 8.128068, ""c"": 44.06249, ""d"": 20.04084}","{""R1"": -6.0, ""R2"": 3.990653, ""R3"": 2.009347, ""R4"": 3.990653}",True
nilsson_ex2_8_multi_source,nilsson_ex2_8_multi_source__wrong_component_type_16,wrong_component_type,R3,"{""R1"": 2.022359, ""R2"": 3.008295, ""R3"": 7.12e-06, ""R4"": 4.912295, ""R5"": 7.101132, ""I1"": 6}","{""R1"": 2, ""R2"": 3, ""R3"": 4, ""R4"": 5, ""R5"": 7}","{""a"": 19.79989, ""b"": -4.20011, ""c"": 24.85538, ""d"": 12.27975}","{""R1"": -2.4998, ""R2"": 2.4998, ""R4"": 2.4998, ""R5"": 3.5002}",True
nilsson_ex2_8_multi_source,nilsson_ex2_8_multi_source__wrong_component_type_17,wrong_component_type,R3,"{""R1"": 1.982065, ""R2"": 2.980336, ""R3"": 6.17e-06, ""R4"": 4.934697, ""R5"": 6.973399, ""I1"": 6}","{""R1"": 2, ""R2"": 3, ""R3"": 4, ""R4"": 5, ""R5"": 7}","{""a"": 19.63001, ""b"": -4.36999, ""c"": 24.54572, ""d"": 12.23851}","{""R1"": -2.48009, ""R2"": 2.480093, ""R4"": 2.480093, ""R5"": 3.519907}",True
nilsson_ex2_8_multi_source,nilsson_ex2_8_multi_source__wrong_component_type_18,wrong_component_type,R5,"{""R1"": 1.960772, ""R2"": 3.001545, ""R3"": 4.032737, ""R4"": 4.966906, ""R5"": 9.16e-06, ""I1"": 6}","{""R1"": 2, ""R2"": 3, ""R3"": 4, ""R4"": 5, ""R5"": 7}","{""a"": 32.00107, ""b"": 8.001067, ""c"": 43.7657, ""d"": 19.94695}","{""R1"": -6.0, ""R2"": 4.015971, ""R3"": 1.984029, ""R4"": 4.015971}",True
nilsson_ex2_8_multi_source,nilsson_ex2_8_multi_source__wrong_component_type_19,wrong_component_type,R4,"{""R1"": 1.960779, ""R2"": 3.04282, ""R3"": 3.963161, ""R4"": 8.6e-06, ""R5"": 6.890125, ""I1"": 6}","{""R1"": 2, ""R2"": 3, ""R3"": 4, ""R4"": 5, ""R5"": 7}","{""a"": 29.36318, ""b"": 5.363184, ""c"": 32.01663, ""d"": 29.36318}","{""R1"": -1.35326, ""R2"": 1.167573e-15, ""R3"": 1.353259, ""R5"": 4.646741}",True
nilsson_ex2_8_multi_source,nilsson_ex2_8_multi_source__wrong_component_type_20,wrong_component_type,R1,"{""R1"": 6.38e-06, ""R2"": 3.006059, ""R3"": 4.078809, ""R4"": 4.962295, ""R5"": 6.992517, ""I1"": 6}","{""R1"": 2, ""R2"": 3, ""R3"": 4, ""R4"": 5, ""R5"": 7}","{""a"": 15.87432, ""b"": -8.12568, ""c"": 41.9551, ""d"": 9.885737}","{""R2"": 1.99217, ""R3"": -1.99217, ""R4"": 1.99217, ""R5"": 6.0}",True
nilsson_ex2_8_multi_source,nilsson_ex2_8_multi_source__multi_fault_1,multi_fault,R1:partial_open;R3:partial_short,"{""R1"": 80.886442, ""R2"": 3.047504, ""R3"": 0.23879, ""R4"": 5.027261, ""R5"": 6.92711, ""I1"": 6}","{""R1"": 2, ""R2"": 3, ""R3"": 4, ""R4"": 5, ""R5"": 7}","{""a"": 23.35873, ""b"": -0.641271, ""c"": 40.12666, ""d"": 14.54289}","{""R1"": -0.207302, ""R2"": 2.892806, ""R3"": -2.6855, ""R4"": 2.892806, ""R5"": 5.792698}",True
nilsson_ex2_8_multi_source,nilsson_ex2_8_multi_source__multi_fault_2,multi_fault,R2:partial_open;R4:partial_short,"{""R1"": 1.960108, ""R2"": 112.959287, ""R3"": 4.030471, ""R4"": 0.55182, ""R5"": 6.873332, ""I1"": 6}","{""R1"": 2, ""R2"": 3, ""R3"": 4, ""R4"": 5, ""R5"": 7}","{""a"": 28.70175, ""b"": 4.701754, ""c"": 31.48394, ""d"": 0.13953}","{""R1"": -1.41941, ""R2"": 0.2528541, ""R3"": 1.166552, ""R4"": 0.2528541, ""R5"": 4.580594}",True
nilsson_ex2_8_multi_source,nilsson_ex2_8_multi_source__multi_fault_3,multi_fault,R5:partial_open;R4:partial_short,"{""R1"": 1.960674, ""R2"": 2.98889, ""R3"": 4.077175, ""R4"": 0.469389, ""R5"": 261.648003, ""I1"": 6}","{""R1"": 2, ""R2"": 3, ""R3"": 4, ""R4"": 5, ""R5"": 7}","{""a"": 22.00168, ""b"": -1.99832, ""c"": 33.51458, ""d"": 2.986268}","{""R1"": -5.87191, ""R2"": 6.362032, ""R3"": -0.490123, ""R4"": 6.362032, ""R5"": 0.1280903}",True
nilsson_ex2_8_multi_source,nilsson_ex2_8_multi_source__multi_fault_4,multi_fault,R2:partial_short;R5:partial_open,"{""R1"": 1.983234, ""R2"": 0.192709, ""R3"": 3.944319, ""R4"": 5.016582, ""R5"": 135.322574, ""I1"": 6}","{""R1"": 2, ""R2"": 3, ""R3"": 4, ""R4"": 5, ""R5"": 7}","{""a"": 26.49878, ""b"": 2.498783, ""c"": 37.84357, ""d"": 25.51851}","{""R1"": -5.72035, ""R2"": 5.086831, ""R3"": 0.6335145, ""R4"": 5.086831, ""R5"": 0.2796545}",True
nilsson_ex2_8_multi_source,nilsson_ex2_8_multi_source__multi_fault_5,multi_fault,R4:partial_short;R5:partial_open,"{""R1"": 1.972445, ""R2"": 2.983891, ""R3"": 3.945033, ""R4"": 0.600683, ""R5"": 144.884068, ""I1"": 6}","{""R1"": 2, ""R2"": 3, ""R3"": 4, ""R4"": 5, ""R5"": 7}","{""a"": 22.25806, ""b"": -1.74194, ""c"": 33.63483, ""d"": 3.729882}","{""R1"": -5.76785, ""R2"": 6.209402, ""R3"": -0.441552, ""R4"": 6.209402, ""R5"": 0.2321499}",True
nilsson_ex2_8_multi_source,nilsson_ex2_8_multi_source__multi_fault_6,multi_fault,R4:partial_short;R1:partial_open,"{""R1"": 62.867989, ""R2"": 3.022093, ""R3"": 3.929372, ""R4"": 0.373187, ""R5"": 6.967843, ""I1"": 6}","{""R1"": 2, ""R2"": 3, ""R3"": 4, ""R4"": 5, ""R5"": 7}","{""a"": 11.90489, ""b"": -12.0951, ""c"": 38.82358, ""d"": 1.308508}","{""R1"": -0.428178, ""R2"": 3.506306, ""R3"": -3.07813, ""R4"": 3.506306, ""R5"": 5.571822}",True
nilsson_ex2_8_multi_source,nilsson_ex2_8_multi_source__multi_fault_7,multi_fault,R4:partial_open;R2:partial_short,"{""R1"": 1.998394, ""R2"": 0.113042, ""R3"": 3.952859, ""R4"": 189.028631, ""R5"": 7.003257, ""I1"": 6}","{""R1"": 2, ""R2"": 3, ""R3"": 4, ""R4"": 5, ""R5"": 7}","{""a"": 29.07613, ""b"": 5.076129, ""c"": 31.94961, ""d"": 29.05875}","{""R1"": -1.43789, ""R2"": 0.1537267, ""R3"": 1.284166, ""R4"": 0.1537267, ""R5"": 4.562107}",True
nilsson_ex2_8_multi_source,nilsson_ex2_8_multi_source__multi_fault_8,multi_fault,R1:partial_short;R5:partial_open,"{""R1"": 0.265445, ""R2"": 3.004313, ""R3"": 4.060561, ""R4"": 4.992595, ""R5"": 153.018891, ""I1"": 6}","{""R1"": 2, ""R2"": 3, ""R3"": 4, ""R4"": 5, ""R5"": 7}","{""a"": 31.49484, ""b"": 7.494843, ""c"": 33.03021, ""d"": 19.66272}","{""R1"": -5.78414, ""R2"": 3.938378, ""R3"": 1.845765, ""R4"": 3.938378, ""R5"": 0.2158571}",True
nilsson_ex2_8_multi_source,nilsson_ex2_8_multi_source__multi_fault_9,multi_fault,R4:partial_open;R3:partial_short,"{""R1"": 2.010666, ""R2"": 3.04204, ""R3"": 0.292027, ""R4"": 167.530885, ""R5"": 6.955911, ""I1"": 6}","{""R1"": 2, ""R2"": 3, ""R3"": 4, ""R4"": 5, ""R5"": 7}","{""a"": 24.51874, ""b"": 0.518744, ""c"": 28.37942, ""d"": 24.08147}","{""R1"": -1.9201, ""R2"": 0.1437435, ""R3"": 1.776356, ""R4"": 0.1437435, ""R5"": 4.0799}",True
nilsson_ex2_8_multi_source,nilsson_ex2_8_multi_source__multi_fault_10,multi_fault,R3:partial_open;R5:partial_short,"{""R1"": 2.003035, ""R2"": 2.971144, ""R3"": 136.034674, ""R4"": 5.001205, ""R5"": 0.756632, ""I1"": 6}","{""R1"": 2, ""R2"": 3, ""R3"": 4, ""R4"": 5, ""R5"": 7}","{""a"": 3.678656, ""b"": -20.3213, ""c"": 4.30369, ""d"": 2.307691}","{""R1"": -0.312043, ""R2"": 0.4614269, ""R3"": -0.149384, ""R4"": 0.4614269, ""R5"": 5.687957}",True
nilsson_ex2_8_multi_source,nilsson_ex2_8_multi_source__multi_fault_11,multi_fault,R4:partial_open;R5:partial_short,"{""R1"": 1.979848, ""R2"": 2.999913, ""R3"": 3.949227, ""R4"": 69.824892, ""R5"": 1.035964, ""I1"": 6}","{""R1"": 2, ""R2"": 3, ""R3"": 4, ""R4"": 5, ""R5"": 7}","{""a"": 13.59695, ""b"": -10.403, ""c"": 8.751296, ""d"": 13.03685}","{""R1"": 2.44749, ""R2"": 0.1867077, ""R3"": -2.6342, ""R4"": 0.1867077, ""R5"": 8.44749}",True
nilsson_ex2_8_multi_source,nilsson_ex2_8_multi_source__multi_fault_12,multi_fault,R1:partial_open;R3:partial_short,"{""R1"": 29.742841, ""R2"": 2.995957, ""R3"": 0.298413, ""R4"": 5.013406, ""R5"": 6.95062, ""I1"": 6}","{""R1"": 2, ""R2"": 3, ""R3"": 4, ""R4"": 5, ""R5"": 7}","{""a"": 23.28236, ""b"": -0.717641, ""c"": 38.21427, ""d"": 14.57343}","{""R1"": -0.502034, ""R2"": 2.906893, ""R3"": -2.40486, ""R4"": 2.906893, ""R5"": 5.497966}",True
nilsson_ex2_8_multi_source,nilsson_ex2_8_multi_source__multi_fault_13,multi_fault,R1:partial_short;R2:partial_open,"{""R1"": 0.146361, ""R2"": 96.393324, ""R3"": 3.946832, ""R4"": 5.032678, ""R5"": 7.113804, ""I1"": 6}","{""R1"": 2, ""R2"": 3, ""R3"": 4, ""R4"": 5, ""R5"": 7}","{""a"": 29.82771, ""b"": 5.827708, ""c"": 30.08686, ""d"": 1.480027}","{""R1"": -1.77064, ""R2"": 0.2940834, ""R3"": 1.476553, ""R4"": 0.2940834, ""R5"": 4.229363}",True
nilsson_ex2_8_multi_source,nilsson_ex2_8_multi_source__multi_fault_14,multi_fault,R4:partial_short;R1:partial_open,"{""R1"": 83.699207, ""R2"": 3.023866, ""R3"": 3.948461, ""R4"": 0.694833, ""R5"": 6.982085, ""I1"": 6}","{""R1"": 2, ""R2"": 3, ""R3"": 4, ""R4"": 5, ""R5"": 7}","{""a"": 12.26607, ""b"": -11.7339, ""c"": 39.6114, ""d"": 2.291895}","{""R1"": -0.32671, ""R2"": 3.298483, ""R3"": -2.97177, ""R4"": 3.298483, ""R5"": 5.67329}",True
nilsson_ex2_8_multi_source,nilsson_ex2_8_multi_source__multi_fault_15,multi_fault,R3:partial_open;R4:partial_short,"{""R1"": 1.965349, ""R2"": 3.026111, ""R3"": 27.327106, ""R4"": 0.717571, ""R5"": 6.925379, ""I1"": 6}","{""R1"": 2, ""R2"": 3, ""R3"": 4, ""R4"": 5, ""R5"": 7}","{""a"": 13.33994, ""b"": -10.6601, ""c"": 19.57645, ""d"": 2.556936}","{""R1"": -3.17323, ""R2"": 3.563322, ""R3"": -0.390091, ""R4"": 3.563322, ""R5"": 2.826769}",True
nilsson_ex2_8_multi_source,nilsson_ex2_8_multi_source__multi_fault_16,multi_fault,R4:partial_open;R1:partial_short,"{""R1"": 0.182615, ""R2"": 2.963778, ""R3"": 4.006489, ""R4"": 137.362954, ""R5"": 7.108897, ""I1"": 6}","{""R1"": 2, ""R2"": 3, ""R3"": 4, ""R4"": 5, ""R5"": 7}","{""a"": 30.06094, ""b"": 6.060935, ""c"": 30.37631, ""d"": 29.42603}","{""R1"": -1.727, ""R2"": 0.214221, ""R3"": 1.51278, ""R4"": 0.214221, ""R5"": 4.272999}",True
nilsson_ex2_8_multi_source,nilsson_ex2_8_multi_source__multi_fault_17,multi_fault,R5:partial_open;R1:partial_short,"{""R1"": 0.266138, ""R2"": 3.029625, ""R3"": 3.98376, ""R4"": 5.012286, ""R5"": 325.492088, ""I1"": 6}","{""R1"": 2, ""R2"": 3, ""R3"": 4, ""R4"": 5, ""R5"": 7}","{""a"": 31.76101, ""b"": 7.761015, ""c"": 33.33059, ""d"": 19.7957}","{""R1"": -5.8976, ""R2"": 3.949436, ""R3"": 1.948163, ""R4"": 3.949436, ""R5"": 0.1024006}",True
nilsson_ex2_8_multi_source,nilsson_ex2_8_multi_source__multi_fault_18,multi_fault,R1:partial_open;R4:partial_short,"{""R1"": 13.190986, ""R2"": 3.004318, ""R3"": 4.036167, ""R4"": 0.361955, ""R5"": 7.015985, ""I1"": 6}","{""R1"": 2, ""R2"": 3, ""R3"": 4, ""R4"": 5, ""R5"": 7}","{""a"": 13.51053, ""b"": -10.4895, ""c"": 32.17089, ""d"": 1.452706}","{""R1"": -1.41463, ""R2"": 4.013498, ""R3"": -2.59887, ""R4"": 4.013498, ""R5"": 4.58537}",True
nilsson_ex2_8_multi_source,nilsson_ex2_8_multi_source__multi_fault_19,multi_fault,R2:partial_short;R1:partial_open,"{""R1"": 54.467512, ""R2"": 0.255147, ""R3"": 4.040255, ""R4"": 5.021477, ""R5"": 7.105077, ""I1"": 6}","{""R1"": 2, ""R2"": 3, ""R3"": 4, ""R4"": 5, ""R5"": 7}","{""a"": 14.63289, ""b"": -9.36711, ""c"": 39.39972, ""d"": 13.92533}","{""R1"": -0.454708, ""R2"": 2.773154, ""R3"": -2.31845, ""R4"": 2.773154, ""R5"": 5.545292}",True
nilsson_ex2_8_multi_source,nilsson_ex2_8_multi_source__multi_fault_20,multi_fault,R2:partial_short;R1:partial_open,"{""R1"": 90.796699, ""R2"": 0.336184, ""R3"": 3.965259, ""R4"": 4.995942, ""R5"": 6.895494, ""I1"": 6}","{""R1"": 2, ""R2"": 3, ""R3"": 4, ""R4"": 5, ""R5"": 7}","{""a"": 14.39226, ""b"": -9.60774, ""c"": 39.46856, ""d"": 13.48485}","{""R1"": -0.276181, ""R2"": 2.69916, ""R3"": -2.42298, ""R4"": 2.69916, ""R5"": 5.723819}",True
nilsson_prob2_26_multi_source_50v,nilsson_prob2_26_multi_source_50v__normal_1,normal,,"{""R1"": 9.85961, ""R2"": 5.073586, ""R3"": 4.906701, ""R4"": 5.049555, ""R5"": 5.09839, ""Ig"": 2}","{""R1"": 10, ""R2"": 5, ""R3"": 5, ""R4"": 5, ""R5"": 5}","{""a"": 26.36507, ""b"": -23.6349, ""c"": 4.18159, ""d"": 10.09911}","{""R1"": 2.249935, ""R2"": 3.206008, ""R3"": -1.20601, ""R4"": 2.0, ""R5"": -5.45594}",True
nilsson_prob2_26_multi_source_50v,nilsson_prob2_26_multi_source_50v__normal_2,normal,,"{""R1"": 10.093209, ""R2"": 4.991493, ""R3"": 4.943182, ""R4"": 5.054664, ""R5"": 4.99388, ""Ig"": 2}","{""R1"": 10, ""R2"": 5, ""R3"": 5, ""R4"": 5, ""R5"": 5}","{""a"": 26.40335, ""b"": -23.5967, ""c"": 3.859378, ""d"": 10.10933}","{""R1"": 2.233578, ""R2"": 3.264358, ""R3"": -1.26436, ""R4"": 2.0, ""R5"": -5.49794}",True
nilsson_prob2_26_multi_source_50v,nilsson_prob2_26_multi_source_50v__normal_3,normal,,"{""R1"": 10.156212, ""R2"": 4.954428, ""R3"": 4.939114, ""R4"": 5.091736, ""R5"": 5.095642, ""Ig"": 2}","{""R1"": 10, ""R2"": 5, ""R3"": 5, ""R4"": 5, ""R5"": 5}","{""a"": 26.28214, ""b"": -23.7179, ""c"": 4.012791, ""d"": 10.18347}","{""R1"": 2.192683, ""R2"": 3.24935, ""R3"": -1.24935, ""R4"": 2.0, ""R5"": -5.44203}",True
nilsson_prob2_26_multi_source_50v,nilsson_prob2_26_multi_source_50v__normal_4,normal,,"{""R1"": 10.034988, ""R2"": 4.982584, ""R3"": 4.980896, ""R4"": 5.023579, ""R5"": 4.921174, ""Ig"": 2}","{""R1"": 10, ""R2"": 5, ""R3"": 5, ""R4"": 5, ""R5"": 5}","{""a"": 26.38978, ""b"": -23.6102, ""c"": 3.671869, ""d"": 10.04716}","{""R1"": 2.26387, ""R2"": 3.279948, ""R3"": -1.27995, ""R4"": 2.0, ""R5"": -5.54382}",True
nilsson_prob2_26_multi_source_50v,nilsson_prob2_26_multi_source_50v__normal_5,normal,,"{""R1"": 10.034005, ""R2"": 4.941799, ""R3"": 5.067149, ""R4"": 4.988782, ""R5"": 4.996204, ""Ig"": 2}","{""R1"": 10, ""R2"": 5, ""R3"": 5, ""R4"": 5, ""R5"": 5}","{""a"": 26.09196, ""b"": -23.908, ""c"": 3.588724, ""d"": 9.977564}","{""R1"": 2.242697, ""R2"": 3.260835, ""R3"": -1.26084, ""R4"": 2.0, ""R5"": -5.50353}",True
nilsson_prob2_26_multi_source_50v,nilsson_prob2_26_multi_source_50v__normal_6,normal,,"{""R1"": 9.848829, ""R2"": 5.08404, ""R3"": 5.093774, ""R4"": 5.005207, ""R5"": 5.00092, ""Ig"": 2}","{""R1"": 10, ""R2"": 5, ""R3"": 5, ""R4"": 5, ""R5"": 5}","{""a"": 26.34206, ""b"": -23.6579, ""c"": 3.835045, ""d"": 10.01041}","{""R1"": 2.285248, ""R2"": 3.212337, ""R3"": -1.21234, ""R4"": 2.0, ""R5"": -5.49758}",True
nilsson_prob2_26_multi_source_50v,nilsson_prob2_26_multi_source_50v__normal_7,normal,,"{""R1"": 10.024411, ""R2"": 5.009128, ""R3"": 4.935895, ""R4"": 5.048407, ""R5"": 4.934282, ""Ig"": 2}","{""R1"": 10, ""R2"": 5, ""R3"": 5, ""R4"": 5, ""R5"": 5}","{""a"": 26.49396, ""b"": -23.506, ""c"": 3.811179, ""d"": 10.09681}","{""R1"": 2.262755, ""R2"": 3.273454, ""R3"": -1.27345, ""R4"": 2.0, ""R5"": -5.53621}",True
nilsson_prob2_26_multi_source_50v,nilsson_prob2_26_multi_source_50v__normal_8,normal,,"{""R1"": 10.107561, ""R2"": 5.084762, ""R3"": 5.008273, ""R4"": 5.091864, ""R5"": 4.976711, ""Ig"": 2}","{""R1"": 10, ""R2"": 5, ""R3"": 5, ""R4"": 5, ""R5"": 5}","{""a"": 26.66371, ""b"": -23.3363, ""c"": 3.968197, ""d"": 10.18373}","{""R1"": 2.2454, ""R2"": 3.241053, ""R3"": -1.24105, ""R4"": 2.0, ""R5"": -5.48645}",True
nilsson_prob2_26_multi_source_50v,nilsson_prob2_26_multi_source_50v__normal_9,normal,,"{""R1"": 9.999034, ""R2"": 4.938889, ""R3"": 4.913492, ""R4"": 5.037788, ""R5"": 4.967468, ""Ig"": 2}","{""R1"": 10, ""R2"": 5, ""R3"": 5, ""R4"": 5, ""R5"": 5}","{""a"": 26.28654, ""b"": -23.7135, ""c"": 3.774954, ""d"": 10.07558}","{""R1"": 2.251376, ""R2"": 3.28231, ""R3"": -1.28231, ""R4"": 2.0, ""R5"": -5.53369}",True
nilsson_prob2_26_multi_source_50v,nilsson_prob2_26_multi_source_50v__normal_10,normal,,"{""R1"": 10.040994, ""R2"": 5.042812, ""R3"": 4.942492, ""R4"": 5.086305, ""R5"": 5.076757, ""Ig"": 2}","{""R1"": 10, ""R2"": 5, ""R3"": 5, ""R4"": 5, ""R5"": 5}","{""a"": 26.44219, ""b"": -23.5578, ""c"": 4.111672, ""d"": 10.17261}","{""R1"": 2.223935, ""R2"": 3.226292, ""R3"": -1.22629, ""R4"": 2.0, ""R5"": -5.45023}",True
nilsson_prob2_26_multi_source_50v,nilsson_prob2_26_multi_source_50v__normal_11,normal,,"{""R1"": 10.002398, ""R2"": 4.911749, ""R3"": 4.903716, ""R4"": 4.977452, ""R5"": 5.042479, ""Ig"": 2}","{""R1"": 10, ""R2"": 5, ""R3"": 5, ""R4"": 5, ""R5"": 5}","{""a"": 26.0127, ""b"": -23.9873, ""c"": 3.7308, ""d"": 9.954904}","{""R1"": 2.227656, ""R2"": 3.269263, ""R3"": -1.26926, ""R4"": 2.0, ""R5"": -5.49692}",True
nilsson_prob2_26_multi_source_50v,nilsson_prob2_26_multi_source_50v__normal_12,normal,,"{""R1"": 9.883363, ""R2"": 5.087777, ""R3"": 5.082951, ""R4"": 5.010223, ""R5"": 4.947171, ""Ig"": 2}","{""R1"": 10, ""R2"": 5, ""R3"": 5, ""R4"": 5, ""R5"": 5}","{""a"": 26.44886, ""b"": -23.5511, ""c"": 3.773519, ""d"": 10.02045}","{""R1"": 2.294294, ""R2"": 3.228996, ""R3"": -1.229, ""R4"": 2.0, ""R5"": -5.52329}",True
nilsson_prob2_26_multi_source_50v,nilsson_prob2_26_multi_source_50v__normal_13,normal,,"{""R1"": 9.896068, ""R2"": 5.019869, ""R3"": 4.906944, ""R4"": 4.954819, ""R5"": 4.927474, ""Ig"": 2}","{""R1"": 10, ""R2"": 5, ""R3"": 5, ""R4"": 5, ""R5"": 5}","{""a"": 26.31549, ""b"": -23.6845, ""c"": 3.686736, ""d"": 9.909638}","{""R1"": 2.286641, ""R2"": 3.268183, ""R3"": -1.26818, ""R4"": 2.0, ""R5"": -5.55482}",True
nilsson_prob2_26_multi_source_50v,nilsson_prob2_26_multi_source_50v__normal_14,normal,,"{""R1"": 10.022928, ""R2"": 4.973741, ""R3"": 4.993177, ""R4"": 5.079264, ""R5"": 5.021145, ""Ig"": 2}","{""R1"": 10, ""R2"": 5, ""R3"": 5, ""R4"": 5, ""R5"": 5}","{""a"": 26.33574, ""b"": -23.6643, ""c"": 3.904451, ""d"": 10.15853}","{""R1"": 2.237998, ""R2"": 3.252525, ""R3"": -1.25252, ""R4"": 2.0, ""R5"": -5.49052}",True
nilsson_prob2_26_multi_source_50v,nilsson_prob2_26_multi_source_50v__normal_15,normal,,"{""R1"": 10.176337, ""R2"": 4.90098, ""R3"": 5.030849, ""R4"": 5.096643, ""R5"": 4.967337, ""Ig"": 2}","{""R1"": 10, ""R2"": 5, ""R3"": 5, ""R4"": 5, ""R5"": 5}","{""a"": 26.31874, ""b"": -23.6813, ""c"": 3.702231, ""d"": 10.19329}","{""R1"": 2.22246, ""R2"": 3.29025, ""R3"": -1.29025, ""R4"": 2.0, ""R5"": -5.51271}",True
nilsson_prob2_26_multi_source_50v,nilsson_prob2_26_multi_source_50v__normal_16,normal,,"{""R1"": 9.978919, ""R2"": 4.944186, ""R3"": 5.022008, ""R4"": 5.066933, ""R5"": 5.081883, ""Ig"": 2}","{""R1"": 10, ""R2"": 5, ""R3"": 5, ""R4"": 5, ""R5"": 5}","{""a"": 26.14295, ""b"": -23.8571, ""c"": 3.916814, ""d"": 10.13387}","{""R1"": 2.227309, ""R2"": 3.237961, ""R3"": -1.23796, ""R4"": 2.0, ""R5"": -5.46527}",True
nilsson_prob2_26_multi_source_50v,nilsson_prob2_26_multi_source_50v__normal_17,normal,,"{""R1"": 9.895652, ""R2"": 4.953841, ""R3"": 5.045674, ""R4"": 4.974409, ""R5"": 5.065611, ""Ig"": 2}","{""R1"": 10, ""R2"": 5, ""R3"": 5, ""R4"": 5, ""R5"": 5}","{""a"": 25.96522, ""b"": -24.0348, ""c"": 3.726859, ""d"": 9.948818}","{""R1"": 2.247286, ""R2"": 3.233127, ""R3"": -1.23313, ""R4"": 2.0, ""R5"": -5.48041}",True
nilsson_prob2_26_multi_source_50v,nilsson_prob2_26_multi_source_50v__normal_18,normal,,"{""R1"": 10.010899, ""R2"": 4.959962, ""R3"": 4.998552, ""R4"": 5.088044, ""R5"": 4.973165, ""Ig"": 2}","{""R1"": 10, ""R2"": 5, ""R3"": 5, ""R4"": 5, ""R5"": 5}","{""a"": 26.3851, ""b"": -23.6149, ""c"": 3.838067, ""d"": 10.17609}","{""R1"": 2.252249, ""R2"": 3.267971, ""R3"": -1.26797, ""R4"": 2.0, ""R5"": -5.52022}",True
nilsson_prob2_26_multi_source_50v,nilsson_prob2_26_multi_source_50v__normal_19,normal,,"{""R1"": 9.934073, ""R2"": 4.93717, ""R3"": 4.933778, ""R4"": 5.091453, ""R5"": 4.956319, ""Ig"": 2}","{""R1"": 10, ""R2"": 5, ""R3"": 5, ""R4"": 5, ""R5"": 5}","{""a"": 26.37778, ""b"": -23.6222, ""c"": 3.866714, ""d"": 10.18291}","{""R1"": 2.266046, ""R2"": 3.280194, ""R3"": -1.28019, ""R4"": 2.0, ""R5"": -5.54624}",True
nilsson_prob2_26_multi_source_50v,nilsson_prob2_26_multi_source_50v__normal_20,normal,,"{""R1"": 9.988599, ""R2"": 4.938478, ""R3"": 4.967429, ""R4"": 4.959539, ""R5"": 4.956452, ""Ig"": 2}","{""R1"": 10, ""R2"": 5, ""R3"": 5, ""R4"": 5, ""R5"": 5}","{""a"": 26.11567, ""b"": -23.8843, ""c"": 3.562394, ""d"": 9.919078}","{""R1"": 2.257902, ""R2"": 3.279673, ""R3"": -1.27967, ""R4"": 2.0, ""R5"": -5.53757}",True
nilsson_prob2_26_multi_source_50v,nilsson_prob2_26_multi_source_50v__partial_short_1,partial_short,R2,"{""R1"": 10.19441, ""R2"": 0.249275, ""R3"": 5.047376, ""R4"": 4.938898, ""R5"": 4.933375, ""Ig"": 2}","{""R1"": 10, ""R2"": 5, ""R3"": 5, ""R4"": 5, ""R5"": 5}","{""a"": 11.14392, ""b"": -38.8561, ""c"": -5.66429, ""d"": 9.877796}","{""R1"": 1.648768, ""R2"": 5.079241, ""R3"": -3.07924, ""R4"": 2.0, ""R5"": -6.72801}",True
nilsson_prob2_26_multi_source_50v,nilsson_prob2_26_multi_source_50v__partial_short_2,partial_short,R5,"{""R1"": 9.933585, ""R2"": 4.977756, ""R3"": 4.946644, ""R4"": 5.068073, ""R5"": 0.624138, ""Ig"": 2}","{""R1"": 10, ""R2"": 5, ""R3"": 5, ""R4"": 5, ""R5"": 5}","{""a"": 37.09871, ""b"": -12.9013, ""c"": -6.7646, ""d"": 10.13615}","{""R1"": 4.415657, ""R2"": 5.416609, ""R3"": -3.41661, ""R4"": 2.0, ""R5"": -9.83227}",True
nilsson_prob2_26_multi_source_50v,nilsson_prob2_26_multi_source_50v__partial_short_3,partial_short,R1,"{""R1"": 1.152549, ""R2"": 4.949757, ""R3"": 4.990661, ""R4"": 4.914413, ""R5"": 4.968746, ""Ig"": 2}","{""R1"": 10, ""R2"": 5, ""R3"": 5, ""R4"": 5, ""R5"": 5}","{""a"": 18.65595, ""b"": -31.3441, ""c"": 10.91008, ""d"": 9.828826}","{""R1"": 6.720639, ""R2"": 1.783344, ""R3"": 0.2166557, ""R4"": 2.0, ""R5"": -8.50398}",True
nilsson_prob2_26_multi_source_50v,nilsson_prob2_26_multi_source_50v__partial_short_4,partial_short,R4,"{""R1"": 10.163654, ""R2"": 5.052852, ""R3"": 4.964905, ""R4"": 0.348362, ""R5"": 4.997659, ""Ig"": 2}","{""R1"": 10, ""R2"": 5, ""R3"": 5, ""R4"": 5, ""R5"": 5}","{""a"": 17.11929, ""b"": -32.8807, ""c"": -5.51019, ""d"": 0.696724}","{""R1"": 2.22651, ""R2"": 3.250158, ""R3"": -1.25016, ""R4"": 2.0, ""R5"": -5.47667}",True
nilsson_prob2_26_multi_source_50v,nilsson_prob2_26_multi_source_50v__partial_short_5,partial_short,R4,"{""R1"": 9.831318, ""R2"": 5.02403, ""R3"": 4.95796, ""R4"": 0.156099, ""R5"": 5.001225, ""Ig"": 2}","{""R1"": 10, ""R2"": 5, ""R3"": 5, ""R4"": 5, ""R5"": 5}","{""a"": 16.5806, ""b"": -33.4194, ""c"": -5.82635, ""d"": 0.312198}","{""R1"": 2.27914, ""R2"": 3.238119, ""R3"": -1.23812, ""R4"": 2.0, ""R5"": -5.51726}",True
nilsson_prob2_26_multi_source_50v,nilsson_prob2_26_multi_source_50v__partial_short_6,partial_short,R5,"{""R1"": 9.857257, ""R2"": 5.073285, ""R3"": 5.046286, ""R4"": 5.006597, ""R5"": 0.279561, ""Ig"": 2}","{""R1"": 10, ""R2"": 5, ""R3"": 5, ""R4"": 5, ""R5"": 5}","{""a"": 38.67828, ""b"": -11.3217, ""c"": -8.40677, ""d"": 10.01319}","{""R1"": 4.776689, ""R2"": 5.650202, ""R3"": -3.6502, ""R4"": 2.0, ""R5"": -10.4269}",True
nilsson_prob2_26_multi_source_50v,nilsson_prob2_26_multi_source_50v__partial_short_7,partial_short,R4,"{""R1"": 9.853855, ""R2"": 4.912136, ""R3"": 4.922937, ""R4"": 0.319164, ""R5"": 5.075086, ""Ig"": 2}","{""R1"": 10, ""R2"": 5, ""R3"": 5, ""R4"": 5, ""R5"": 5}","{""a"": 16.60185, ""b"": -33.3982, ""c"": -5.51442, ""d"": 0.638328}","{""R1"": 2.244427, ""R2"": 3.249812, ""R3"": -1.24981, ""R4"": 2.0, ""R5"": -5.49424}",True
nilsson_prob2_26_multi_source_50v,nilsson_prob2_26_multi_source_50v__partial_short_8,partial_short,R3,"{""R1"": 9.984286, ""R2"": 5.030428, ""R3"": 0.191628, ""R4"": 5.010965, ""R5"": 5.018345, ""Ig"": 2}","{""R1"": 10, ""R2"": 5, ""R3"": 5, ""R4"": 5, ""R5"": 5}","{""a"": 29.79774, ""b"": -20.2023, ""c"": 9.651851, ""d"": 10.02193}","{""R1"": 2.017759, ""R2"": 3.931237, ""R3"": -1.93124, ""R4"": 2.0, ""R5"": -5.949}",True
nilsson_prob2_26_multi_source_50v,nilsson_prob2_26_multi_source_50v__partial_short_9,partial_short,R4,"{""R1"": 10.092649, ""R2"": 5.09552, ""R3"": 5.086515, ""R4"": 0.559827, ""R5"": 5.053669, ""Ig"": 2}","{""R1"": 10, ""R2"": 5, ""R3"": 5, ""R4"": 5, ""R5"": 5}","{""a"": 17.47487, ""b"": -32.5251, ""c"": -5.03363, ""d"": 1.119654}","{""R1"": 2.230187, ""R2"": 3.209724, ""R3"": -1.20972, ""R4"": 2.0, ""R5"": -5.43991}",True
nilsson_prob2_26_multi_source_50v,nilsson_prob2_26_multi_source_50v__partial_short_10,partial_short,R2,"{""R1"": 9.879687, ""R2"": 0.05556, ""R3"": 5.042254, ""R4"": 4.935047, ""R5"": 5.057955, ""Ig"": 2}","{""R1"": 10, ""R2"": 5, ""R3"": 5, ""R4"": 5, ""R5"": 5}","{""a"": 10.15407, ""b"": -39.8459, ""c"": -5.81724, ""d"": 9.870094}","{""R1"": 1.616581, ""R2"": 5.111175, ""R3"": -3.11118, ""R4"": 2.0, ""R5"": -6.72776}",True
nilsson_prob2_26_multi_source_50v,nilsson_prob2_26_multi_source_50v__partial_short_11,partial_short,R4,"{""R1"": 9.843644, ""R2"": 5.030604, ""R3"": 5.027252, ""R4"": 0.715897, ""R5"": 5.095312, ""Ig"": 2}","{""R1"": 10, ""R2"": 5, ""R3"": 5, ""R4"": 5, ""R5"": 5}","{""a"": 17.55666, ""b"": -32.4433, ""c"": -4.62782, ""d"": 1.431794}","{""R1"": 2.253686, ""R2"": 3.205354, ""R3"": -1.20535, ""R4"": 2.0, ""R5"": -5.45904}",True
nilsson_prob2_26_multi_source_50v,nilsson_prob2_26_multi_source_50v__partial_short_12,partial_short,R5,"{""R1"": 9.940858, ""R2"": 4.957034, ""R3"": 5.051014, ""R4"": 5.01319, ""R5"": 0.554378, ""Ig"": 2}","{""R1"": 10, ""R2"": 5, ""R3"": 5, ""R4"": 5, ""R5"": 5}","{""a"": 37.06824, ""b"": -12.9318, ""c"": -7.42614, ""d"": 10.02638}","{""R1"": 4.47591, ""R2"": 5.455251, ""R3"": -3.45525, ""R4"": 2.0, ""R5"": -9.93116}",True
nilsson_prob2_26_multi_source_50v,nilsson_prob2_26_multi_source_50v__partial_short_13,partial_short,R1,"{""R1"": 0.395668, ""R2"": 4.955763, ""R3"": 4.924062, ""R4"": 4.910894, ""R5"": 4.907431, ""Ig"": 2}","{""R1"": 10, ""R2"": 5, ""R3"": 5, ""R4"": 5, ""R5"": 5}","{""a"": 16.3895, ""b"": -33.6105, ""c"": 13.14421, ""d"": 9.821788}","{""R1"": 8.20206, ""R2"": 1.325268, ""R3"": 0.6747319, ""R4"": 2.0, ""R5"": -9.52733}",True
nilsson_prob2_26_multi_source_50v,nilsson_prob2_26_multi_source_50v__partial_short_14,partial_short,R2,"{""R1"": 10.028926, ""R2"": 0.542518, ""R3"": 4.952484, ""R4"": 4.979096, ""R5"": 5.095459, ""Ig"": 2}","{""R1"": 10, ""R2"": 5, ""R3"": 5, ""R4"": 5, ""R5"": 5}","{""a"": 12.59075, ""b"": -37.4093, ""c"": -4.16863, ""d"": 9.958192}","{""R1"": 1.671104, ""R2"": 4.852473, ""R3"": -2.85247, ""R4"": 2.0, ""R5"": -6.52358}",True
nilsson_prob2_26_multi_source_50v,nilsson_prob2_26_multi_source_50v__partial_short_15,partial_short,R2,"{""R1"": 10.197445, ""R2"": 0.177523, ""R3"": 4.953999, ""R4"": 4.998485, ""R5"": 5.003492, ""Ig"": 2}","{""R1"": 10, ""R2"": 5, ""R3"": 5, ""R4"": 5, ""R5"": 5}","{""a"": 10.9057, ""b"": -39.0943, ""c"": -5.45436, ""d"": 9.99697}","{""R1"": 1.60433, ""R2"": 5.118961, ""R3"": -3.11896, ""R4"": 2.0, ""R5"": -6.72329}",True
nilsson_prob2_26_multi_source_50v,nilsson_prob2_26_multi_source_50v__partial_short_16,partial_short,R1,"{""R1"": 0.538342, ""R2"": 5.010644, ""R3"": 4.989222, ""R4"": 5.025427, ""R5"": 5.063042, ""Ig"": 2}","{""R1"": 10, ""R2"": 5, ""R3"": 5, ""R4"": 5, ""R5"": 5}","{""a"": 17.11489, ""b"": -32.8851, ""c"": 12.99547, ""d"": 10.05085}","{""R1"": 7.652054, ""R2"": 1.409806, ""R3"": 0.5901945, ""R4"": 2.0, ""R5"": -9.06186}",True
nilsson_prob2_26_multi_source_50v,nilsson_prob2_26_multi_source_50v__partial_short_17,partial_short,R5,"{""R1"": 10.025827, ""R2"": 4.910915, ""R3"": 4.986419, ""R4"": 5.06115, ""R5"": 0.190409, ""Ig"": 2}","{""R1"": 10, ""R2"": 5, ""R3"": 5, ""R4"": 5, ""R5"": 5}","{""a"": 38.87473, ""b"": -11.1253, ""c"": -9.09935, ""d"": 10.1223}","{""R1"": 4.785049, ""R2"": 5.8548, ""R3"": -3.8548, ""R4"": 2.0, ""R5"": -10.6398}",True
nilsson_prob2_26_multi_source_50v,nilsson_prob2_26_multi_source_50v__partial_short_18,partial_short,R2,"{""R1"": 9.963456, ""R2"": 0.253476, ""R3"": 5.090497, ""R4"": 4.925524, ""R5"": 4.955223, ""Ig"": 2}","{""R1"": 10, ""R2"": 5, ""R3"": 5, ""R4"": 5, ""R5"": 5}","{""a"": 11.12742, ""b"": -38.8726, ""c"": -5.601, ""d"": 9.851048}","{""R1"": 1.678977, ""R2"": 5.035469, ""R3"": -3.03547, ""R4"": 2.0, ""R5"": -6.71445}",True
nilsson_prob2_26_multi_source_50v,nilsson_prob2_26_multi_source_50v__partial_short_19,partial_short,R3,"{""R1"": 9.923111, ""R2"": 4.976743, ""R3"": 0.540802, ""R4"": 4.957335, ""R5"": 5.069165, ""Ig"": 2}","{""R1"": 10, ""R2"": 5, ""R3"": 5, ""R4"": 5, ""R5"": 5}","{""a"": 29.08392, ""b"": -20.9161, ""c"": 8.913232, ""d"": 9.91467}","{""R1"": 2.032698, ""R2"": 3.851765, ""R3"": -1.85177, ""R4"": 2.0, ""R5"": -5.88446}",True
nilsson_prob2_26_multi_source_50v,nilsson_prob2_26_multi_source_50v__partial_short_20,partial_short,R2,"{""R1"": 10.078651, ""R2"": 0.243188, ""R3"": 5.074243, ""R4"": 5.079837, ""R5"": 5.061531, ""Ig"": 2}","{""R1"": 10, ""R2"": 5, ""R3"": 5, ""R4"": 5, ""R5"": 5}","{""a"": 11.37558, ""b"": -38.6244, ""c"": -5.06233, ""d"": 10.15967}","{""R1"": 1.630963, ""R2"": 4.999856, ""R3"": -2.99986, ""R4"": 2.0, ""R5"": -6.63082}",True
nilsson_prob2_26_multi_source_50v,nilsson_prob2_26_multi_source_50v__partial_open_1,partial_open,R4,"{""R1"": 10.036582, ""R2"": 5.068497, ""R3"": 5.015132, ""R4"": 217.913809, ""R5"": 4.907996, ""Ig"": 2}","{""R1"": 10, ""R2"": 5, ""R3"": 5, ""R4"": 5, ""R5"": 5}","{""a"": 452.3477, ""b"": 402.3477, ""c"": 429.5117, ""d"": 435.8276}","{""R1"": 2.275276, ""R2"": 3.259368, ""R3"": -1.25937, ""R4"": 2.0, ""R5"": -5.53464}",True
nilsson_prob2_26_multi_source_50v,nilsson_prob2_26_multi_source_50v__partial_open_2,partial_open,R4,"{""R1"": 9.903814, ""R2"": 4.926083, ""R3"": 4.919997, ""R4"": 46.534458, ""R5"": 5.015924, ""Ig"": 2}","{""R1"": 10, ""R2"": 5, ""R3"": 5, ""R4"": 5, ""R5"": 5}","{""a"": 109.157, ""b"": 59.15695, ""c"": 86.84075, ""d"": 93.06892}","{""R1"": 2.253294, ""R2"": 3.265888, ""R3"": -1.26589, ""R4"": 2.0, ""R5"": -5.51918}",True
nilsson_prob2_26_multi_source_50v,nilsson_prob2_26_multi_source_50v__partial_open_3,partial_open,R4,"{""R1"": 10.045409, ""R2"": 5.047606, ""R3"": 5.027738, ""R4"": 151.58201, ""R5"": 4.961195, ""Ig"": 2}","{""R1"": 10, ""R2"": 5, ""R3"": 5, ""R4"": 5, ""R5"": 5}","{""a"": 319.5639, ""b"": 269.5639, ""c"": 296.8841, ""d"": 303.164}","{""R1"": 2.257728, ""R2"": 3.249049, ""R3"": -1.24905, ""R4"": 2.0, ""R5"": -5.50678}",True
nilsson_prob2_26_multi_source_50v,nilsson_prob2_26_multi_source_50v__partial_open_4,partial_open,R1,"{""R1"": 434.393992, ""R2"": 4.941952, ""R3"": 4.907717, ""R4"": 4.953377, ""R5"": 5.059162, ""Ig"": 2}","{""R1"": 10, ""R2"": 5, ""R3"": 5, ""R4"": 5, ""R5"": 5}","{""a"": 29.62047, ""b"": -20.3795, ""c"": 0.1450343, ""d"": 9.906754}","{""R1"": 0.06785416, ""R2"": 3.989055, ""R3"": -1.98906, ""R4"": 2.0, ""R5"": -4.05691}",True
nilsson_prob2_26_multi_source_50v,nilsson_prob2_26_multi_source_50v__partial_open_5,partial_open,R1,"{""R1"": 118.566483, ""R2"": 5.01572, ""R3"": 4.970156, ""R4"": 5.066878, ""R5"": 4.93083, ""Ig"": 2}","{""R1"": 10, ""R2"": 5, ""R3"": 5, ""R4"": 5, ""R5"": 5}","{""a"": 29.87792, ""b"": -20.1221, ""c"": 0.5092677, ""d"": 10.13376}","{""R1"": 0.2476977, ""R2"": 3.936456, ""R3"": -1.93646, ""R4"": 2.0, ""R5"": -4.18415}",True
nilsson_prob2_26_multi_source_50v,nilsson_prob2_26_multi_source_50v__partial_open_6,partial_open,R2,"{""R1"": 9.898809, ""R2"": 173.503483, ""R3"": 5.087341, ""R4"": 4.963846, ""R5"": 4.92265, ""Ig"": 2}","{""R1"": 10, ""R2"": 5, ""R3"": 5, ""R4"": 5, ""R5"": 5}","{""a"": 51.48968, ""b"": 1.489677, ""c"": 18.88372, ""d"": 9.927692}","{""R1"": 3.293927, ""R2"": 0.2395455, ""R3"": 1.760454, ""R4"": 2.0, ""R5"": -3.53347}",True
nilsson_prob2_26_multi_source_50v,nilsson_prob2_26_multi_source_50v__partial_open_7,partial_open,R2,"{""R1"": 9.865451, ""R2"": 211.086027, ""R3"": 4.97599, ""R4"": 4.905905, ""R5"": 5.07039, ""Ig"": 2}","{""R1"": 10, ""R2"": 5, ""R3"": 5, ""R4"": 5, ""R5"": 5}","{""a"": 51.15918, ""b"": 1.159175, ""c"": 18.7891, ""d"": 9.81181}","{""R1"": 3.281155, ""R2"": 0.1958792, ""R3"": 1.804121, ""R4"": 2.0, ""R5"": -3.47703}",True
nilsson_prob2_26_multi_source_50v,nilsson_prob2_26_multi_source_50v__partial_open_8,partial_open,R2,"{""R1"": 9.951291, ""R2"": 103.617595, ""R3"": 5.074374, ""R4"": 5.066282, ""R5"": 4.938347, ""Ig"": 2}","{""R1"": 10, ""R2"": 5, ""R3"": 5, ""R4"": 5, ""R5"": 5}","{""a"": 50.44029, ""b"": 0.4402888, ""c"": 18.30736, ""d"": 10.13256}","{""R1"": 3.229021, ""R2"": 0.3890046, ""R3"": 1.610995, ""R4"": 2.0, ""R5"": -3.61803}",True
nilsson_prob2_26_multi_source_50v,nilsson_prob2_26_multi_source_50v__partial_open_9,partial_open,R3,"{""R1"": 9.899698, ""R2"": 5.097092, ""R3"": 162.03976, ""R4"": 5.038724, ""R5"": 5.069036, ""Ig"": 2}","{""R1"": 10, ""R2"": 5, ""R3"": 5, ""R4"": 5, ""R5"": 5}","{""a"": 20.75503, ""b"": -29.245, ""c"": -5.29005, ""d"": 10.07745}","{""R1"": 2.630897, ""R2"": 2.094838, ""R3"": -0.0948378, ""R4"": 2.0, ""R5"": -4.72573}",True
nilsson_prob2_26_multi_source_50v,nilsson_prob2_26_multi_source_50v__partial_open_10,partial_open,R3,"{""R1"": 10.018394, ""R2"": 5.062529, ""R3"": 60.934963, ""R4"": 5.087454, ""R5"": 5.068793, ""Ig"": 2}","{""R1"": 10, ""R2"": 5, ""R3"": 5, ""R4"": 5, ""R5"": 5}","{""a"": 21.49291, ""b"": -28.5071, ""c"": -4.18392, ""d"": 10.17491}","{""R1"": 2.562969, ""R2"": 2.235642, ""R3"": -0.235642, ""R4"": 2.0, ""R5"": -4.79861}",True
nilsson_prob2_26_multi_source_50v,nilsson_prob2_26_multi_source_50v__partial_open_11,partial_open,R2,"{""R1"": 10.149139, ""R2"": 239.264309, ""R3"": 4.925032, ""R4"": 4.968035, ""R5"": 4.922457, ""Ig"": 2}","{""R1"": 10, ""R2"": 5, ""R3"": 5, ""R4"": 5, ""R5"": 5}","{""a"": 52.00705, ""b"": 2.007048, ""c"": 18.92014, ""d"": 9.93607}","{""R1"": 3.26007, ""R2"": 0.1758347, ""R3"": 1.824165, ""R4"": 2.0, ""R5"": -3.4359}",True
nilsson_prob2_26_multi_source_50v,nilsson_prob2_26_multi_source_50v__partial_open_12,partial_open,R1,"{""R1"": 50.168038, ""R2"": 4.914188, ""R3"": 5.080279, ""R4"": 4.980606, ""R5"": 4.952197, ""Ig"": 2}","{""R1"": 10, ""R2"": 5, ""R3"": 5, ""R4"": 5, ""R5"": 5}","{""a"": 28.82549, ""b"": -21.1745, ""c"": 0.6199112, ""d"": 9.961212}","{""R1"": 0.5622221, ""R2"": 3.838738, ""R3"": -1.83874, ""R4"": 2.0, ""R5"": -4.40096}",True
nilsson_prob2_26_multi_source_50v,nilsson_prob2_26_multi_source_50v__partial_open_13,partial_open,R5,"{""R1"": 9.89181, ""R2"": 5.075359, ""R3"": 5.089601, ""R4"": 4.909428, ""R5"": 129.405366, ""Ig"": 2}","{""R1"": 10, ""R2"": 5, ""R3"": 5, ""R4"": 5, ""R5"": 5}","{""a"": 13.41928, ""b"": -36.5807, ""c"": 16.38753, ""d"": 9.818856}","{""R1"": -0.300072, ""R2"": 0.7093925, ""R3"": 1.290608, ""R4"": 2.0, ""R5"": -0.40932}",True
nilsson_prob2_26_multi_source_50v,nilsson_prob2_26_multi_source_50v__partial_open_14,partial_open,R2,"{""R1"": 10.02038, ""R2"": 199.586884, ""R3"": 5.0002, ""R4"": 5.006977, ""R5"": 5.017463, ""Ig"": 2}","{""R1"": 10, ""R2"": 5, ""R3"": 5, ""R4"": 5, ""R5"": 5}","{""a"": 51.59337, ""b"": 1.593374, ""c"": 18.97268, ""d"": 10.01395}","{""R1"": 3.255435, ""R2"": 0.2083274, ""R3"": 1.791673, ""R4"": 2.0, ""R5"": -3.46376}",True
nilsson_prob2_26_multi_source_50v,nilsson_prob2_26_multi_source_50v__partial_open_15,partial_open,R4,"{""R1"": 9.911338, ""R2"": 5.001463, ""R3"": 4.977027, ""R4"": 139.571057, ""R5"": 5.076212, ""Ig"": 2}","{""R1"": 10, ""R2"": 5, ""R3"": 5, ""R4"": 5, ""R5"": 5}","{""a"": 295.2766, ""b"": 245.2766, ""c"": 273.0406, ""d"": 279.1421}","{""R1"": 2.24349, ""R2"": 3.225944, ""R3"": -1.22594, ""R4"": 2.0, ""R5"": -5.46943}",True
nilsson_prob2_26_multi_source_50v,nilsson_prob2_26_multi_source_50v__partial_open_16,partial_open,R1,"{""R1"": 185.610521, ""R2"": 5.008465, ""R3"": 4.96871, ""R4"": 5.033887, ""R5"": 5.098543, ""Ig"": 2}","{""R1"": 10, ""R2"": 5, ""R3"": 5, ""R4"": 5, ""R5"": 5}","{""a"": 29.71376, ""b"": -20.2862, ""c"": 0.5151462, ""d"": 10.06777}","{""R1"": 0.1573112, ""R2"": 3.922557, ""R3"": -1.92256, ""R4"": 2.0, ""R5"": -4.07987}",True
nilsson_prob2_26_multi_source_50v,nilsson_prob2_26_multi_source_50v__partial_open_17,partial_open,R1,"{""R1"": 164.880566, ""R2"": 4.914682, ""R3"": 5.045128, ""R4"": 5.07256, ""R5"": 4.986366, ""Ig"": 2}","{""R1"": 10, ""R2"": 5, ""R3"": 5, ""R4"": 5, ""R5"": 5}","{""a"": 29.61234, ""b"": -20.3877, ""c"": 0.2514511, ""d"": 10.14512}","{""R1"": 0.1780737, ""R2"": 3.961034, ""R3"": -1.96103, ""R4"": 2.0, ""R5"": -4.13911}",True
nilsson_prob2_26_multi_source_50v,nilsson_prob2_26_multi_source_50v__partial_open_18,partial_open,R5,"{""R1"": 9.927893, ""R2"": 4.992987, ""R3"": 4.953086, ""R4"": 5.092535, ""R5"": 92.241302, ""Ig"": 2}","{""R1"": 10, ""R2"": 5, ""R3"": 5, ""R4"": 5, ""R5"": 5}","{""a"": 14.08369, ""b"": -35.9163, ""c"": 16.22377, ""d"": 10.18507}","{""R1"": -0.215562, ""R2"": 0.7808199, ""R3"": 1.21918, ""R4"": 2.0, ""R5"": -0.565257}",True
nilsson_prob2_26_multi_source_50v,nilsson_prob2_26_multi_source_50v__partial_open_19,partial_open,R1,"{""R1"": 434.248896, ""R2"": 5.012346, ""R3"": 5.091024, ""R4"": 5.003337, ""R5"": 5.089433, ""Ig"": 2}","{""R1"": 10, ""R2"": 5, ""R3"": 5, ""R4"": 5, ""R5"": 5}","{""a"": 29.7472, ""b"": -20.2528, ""c"": 0.1383355, ""d"": 10.00667}","{""R1"": 0.06818408, ""R2"": 3.93838, ""R3"": -1.93838, ""R4"": 2.0, ""R5"": -4.00656}",True
nilsson_prob2_26_multi_source_50v,nilsson_prob2_26_multi_source_50v__partial_open_20,partial_open,R2,"{""R1"": 10.178056, ""R2"": 153.080503, ""R3"": 4.978234, ""R4"": 5.077727, ""R5"": 4.958076, ""Ig"": 2}","{""R1"": 10, ""R2"": 5, ""R3"": 5, ""R4"": 5, ""R5"": 5}","{""a"": 51.48923, ""b"": 1.489234, ""c"": 18.76773, ""d"": 10.15545}","{""R1"": 3.214907, ""R2"": 0.2700134, ""R3"": 1.729987, ""R4"": 2.0, ""R5"": -3.48492}",True
nilsson_prob2_26_multi_source_50v,nilsson_prob2_26_multi_source_50v__wrong_component_type_1,wrong_component_type,R1,"{""R1"": 5.16e-06, ""R2"": 5.046267, ""R3"": 4.910196, ""R4"": 4.918954, ""R5"": 4.925222, ""Ig"": 2}","{""R1"": 10, ""R2"": 5, ""R3"": 5, ""R4"": 5, ""R5"": 5}","{""a"": 30.12255, ""b"": -19.8774, ""c"": -0.0793742, ""d"": 9.837908}","{""R2"": 4.019732, ""R3"": -2.01973, ""R4"": 2.0, ""R5"": -4.01973}",True
nilsson_prob2_26_multi_source_50v,nilsson_prob2_26_multi_source_50v__wrong_component_type_2,wrong_component_type,R3,"{""R1"": 9.868206, ""R2"": 5.000132, ""R3"": 4.43e-06, ""R4"": 4.988144, ""R5"": 4.970176, ""Ig"": 2}","{""R1"": 10, ""R2"": 5, ""R3"": 5, ""R4"": 5, ""R5"": 5}","{""a"": 19.97655, ""b"": -30.0234, ""c"": -6.66496, ""d"": 9.976288}","{""R1"": 2.699732, ""R2"": 2.0, ""R4"": 2.0, ""R5"": -4.69973}",True
nilsson_prob2_26_multi_source_50v,nilsson_prob2_26_multi_source_50v__wrong_component_type_3,wrong_component_type,R1,"{""R1"": 2.73e-06, ""R2"": 5.074117, ""R3"": 5.013182, ""R4"": 5.087383, ""R5"": 5.058936, ""Ig"": 2}","{""R1"": 10, ""R2"": 5, ""R3"": 5, ""R4"": 5, ""R5"": 5}","{""a"": 30.28411, ""b"": -19.7159, ""c"": 0.3332825, ""d"": 10.17477}","{""R2"": 3.963121, ""R3"": -1.96312, ""R4"": 2.0, ""R5"": -3.96312}",True
nilsson_prob2_26_multi_source_50v,nilsson_prob2_26_multi_source_50v__wrong_component_type_4,wrong_component_type,R2,"{""R1"": 9.859996, ""R2"": 9.87e-06, ""R3"": 5.045525, ""R4"": 5.048446, ""R5"": 4.934143, ""Ig"": 2}","{""R1"": 10, ""R2"": 5, ""R3"": 5, ""R4"": 5, ""R5"": 5}","{""a"": 53.51194, ""b"": 3.511936, ""c"": 20.18794, ""d"": 10.09689}","{""R1"": 3.379717, ""R3"": 2.0, ""R4"": 2.0, ""R5"": -3.37972}",True
nilsson_prob2_26_multi_source_50v,nilsson_prob2_26_multi_source_50v__wrong_component_type_5,wrong_component_type,R2,"{""R1"": 9.915867, ""R2"": 7.31e-06, ""R3"": 5.051795, ""R4"": 4.960882, ""R5"": 5.076469, ""Ig"": 2}","{""R1"": 10, ""R2"": 5, ""R3"": 5, ""R4"": 5, ""R5"": 5}","{""a"": 53.09514, ""b"": 3.09514, ""c"": 20.02535, ""d"": 9.921764}","{""R1"": 3.335037, ""R3"": 2.0, ""R4"": 2.0, ""R5"": -3.33504}",True
nilsson_prob2_26_multi_source_50v,nilsson_prob2_26_multi_source_50v__wrong_component_type_6,wrong_component_type,R5,"{""R1"": 10.117189, ""R2"": 4.97489, ""R3"": 4.997327, ""R4"": 4.915524, ""R5"": 6.02e-06, ""Ig"": 2}","{""R1"": 10, ""R2"": 5, ""R3"": 5, ""R4"": 5, ""R5"": 5}","{""a"": 12.3061, ""b"": -37.6939, ""c"": 17.33949, ""d"": 9.831048}","{""R1"": -0.497509, ""R2"": 0.4975087, ""R3"": 1.502491, ""R4"": 2.0}",True
nilsson_prob2_26_multi_source_50v,nilsson_prob2_26_multi_source_50v__wrong_component_type_7,wrong_component_type,R3,"{""R1"": 10.00792, ""R2"": 5.025807, ""R3"": 7.5e-06, ""R4"": 5.067034, ""R5"": 5.035031, ""Ig"": 2}","{""R1"": 10, ""R2"": 5, ""R3"": 5, ""R4"": 5, ""R5"": 5}","{""a"": 20.18568, ""b"": -29.8143, ""c"": -6.37929, ""d"": 10.13407}","{""R1"": 2.654395, ""R2"": 2.0, ""R4"": 2.0, ""R5"": -4.6544}",True
nilsson_prob2_26_multi_source_50v,nilsson_prob2_26_multi_source_50v__wrong_component_type_8,wrong_component_type,R1,"{""R1"": 3.75e-06, ""R2"": 4.942183, ""R3"": 4.994008, ""R4"": 5.095592, ""R5"": 4.984187, ""Ig"": 2}","{""R1"": 10, ""R2"": 5, ""R3"": 5, ""R4"": 5, ""R5"": 5}","{""a"": 30.06144, ""b"": -19.9386, ""c"": 0.1005779, ""d"": 10.19118}","{""R2"": 4.020543, ""R3"": -2.02054, ""R4"": 2.0, ""R5"": -4.02054}",True
nilsson_prob2_26_multi_source_50v,nilsson_prob2_26_multi_source_50v__wrong_component_type_9,wrong_component_type,R3,"{""R1"": 9.898226, ""R2"": 4.962866, ""R3"": 7.73e-06, ""R4"": 5.04138, ""R5"": 4.93828, ""Ig"": 2}","{""R1"": 10, ""R2"": 5, ""R3"": 5, ""R4"": 5, ""R5"": 5}","{""a"": 20.00849, ""b"": -29.9915, ""c"": -6.76, ""d"": 10.08276}","{""R1"": 2.704373, ""R2"": 2.0, ""R4"": 2.0, ""R5"": -4.70437}",True
nilsson_prob2_26_multi_source_50v,nilsson_prob2_26_multi_source_50v__wrong_component_type_10,wrong_component_type,R1,"{""R1"": 8.99e-06, ""R2"": 4.93547, ""R3"": 5.088925, ""R4"": 4.946158, ""R5"": 4.907975, ""Ig"": 2}","{""R1"": 10, ""R2"": 5, ""R3"": 5, ""R4"": 5, ""R5"": 5}","{""a"": 29.78239, ""b"": -20.2176, ""c"": -0.438338, ""d"": 9.892316}","{""R2"": 4.030027, ""R3"": -2.03003, ""R4"": 2.0, ""R5"": -4.03003}",True
nilsson_prob2_26_multi_source_50v,nilsson_prob2_26_multi_source_50v__wrong_component_type_11,wrong_component_type,R4,"{""R1"": 10.097322, ""R2"": 5.015162, ""R3"": 4.951917, ""R4"": 8.69e-06, ""R5"": 5.033971, ""Ig"": 2}","{""R1"": 10, ""R2"": 5, ""R3"": 5, ""R4"": 5, ""R5"": 5}","{""a"": 1.20096e+16, ""b"": 1.20096e+16, ""c"": 1.20096e+16, ""d"": 1.20096e+16}","{""R1"": 2.178796, ""R2"": 2.392744, ""R3"": -2.01942, ""R5"": -5.56221}",True
nilsson_prob2_26_multi_source_50v,nilsson_prob2_26_multi_source_50v__wrong_component_type_12,wrong_component_type,R5,"{""R1"": 9.920353, ""R2"": 4.954343, ""R3"": 4.980014, ""R4"": 5.082113, ""R5"": 8.47e-06, ""Ig"": 2}","{""R1"": 10, ""R2"": 5, ""R3"": 5, ""R4"": 5, ""R5"": 5}","{""a"": 12.64955, ""b"": -37.3504, ""c"": 17.62605, ""d"": 10.16423}","{""R1"": -0.501646, ""R2"": 0.5016456, ""R3"": 1.498354, ""R4"": 2.0}",True
nilsson_prob2_26_multi_source_50v,nilsson_prob2_26_multi_source_50v__wrong_component_type_13,wrong_component_type,R1,"{""R1"": 3.8e-06, ""R2"": 4.941386, ""R3"": 4.907318, ""R4"": 4.947825, ""R5"": 5.029029, ""Ig"": 2}","{""R1"": 10, ""R2"": 5, ""R3"": 5, ""R4"": 5, ""R5"": 5}","{""a"": 29.76206, ""b"": -20.2379, ""c"": -0.0191607, ""d"": 9.89565}","{""R2"": 4.020413, ""R3"": -2.02041, ""R4"": 2.0, ""R5"": -4.02041}",True
nilsson_prob2_26_multi_source_50v,nilsson_prob2_26_multi_source_50v__wrong_component_type_14,wrong_component_type,R1,"{""R1"": 8.19e-06, ""R2"": 5.006892, ""R3"": 4.922033, ""R4"": 4.964708, ""R5"": 4.980572, ""Ig"": 2}","{""R1"": 10, ""R2"": 5, ""R3"": 5, ""R4"": 5, ""R5"": 5}","{""a"": 30.02619, ""b"": -19.9738, ""c"": 0.01731801, ""d"": 9.929416}","{""R2"": 4.013822, ""R3"": -2.01382, ""R4"": 2.0, ""R5"": -4.01382}",True
nilsson_prob2_26_multi_source_50v,nilsson_prob2_26_multi_source_50v__wrong_component_type_15,wrong_component_type,R5,"{""R1"": 9.840647, ""R2"": 4.955771, ""R3"": 4.926187, ""R4"": 4.951377, ""R5"": 5.79e-06, ""Ig"": 2}","{""R1"": 10, ""R2"": 5, ""R3"": 5, ""R4"": 5, ""R5"": 5}","{""a"": 12.3784, ""b"": -37.6216, ""c"": 17.29426, ""d"": 9.902754}","{""R1"": -0.499547, ""R2"": 0.4995473, ""R3"": 1.500453, ""R4"": 2.0}",True
nilsson_prob2_26_multi_source_50v,nilsson_prob2_26_multi_source_50v__wrong_component_type_16,wrong_component_type,R2,"{""R1"": 9.936335, ""R2"": 1.9e-06, ""R3"": 5.090669, ""R4"": 5.059226, ""R5"": 5.098752, ""Ig"": 2}","{""R1"": 10, ""R2"": 5, ""R3"": 5, ""R4"": 5, ""R5"": 5}","{""a"": 53.34361, ""b"": 3.343613, ""c"": 20.29979, ""d"": 10.11845}","{""R1"": 3.325554, ""R3"": 2.0, ""R4"": 2.0, ""R5"": -3.32555}",True
nilsson_prob2_26_multi_source_50v,nilsson_prob2_26_multi_source_50v__wrong_component_type_17,wrong_component_type,R4,"{""R1"": 10.187154, ""R2"": 4.990093, ""R3"": 5.000712, ""R4"": 7.65e-06, ""R5"": 5.074435, ""Ig"": 2}","{""R1"": 10, ""R2"": 5, ""R3"": 5, ""R4"": 5, ""R5"": 5}","{""a"": 3.60288e+16, ""b"": 3.60288e+16, ""c"": 3.60288e+16, ""d"": 3.60288e+16}","{""R1"": 1.963257, ""R2"": 1.603177, ""R3"": -2.39966, ""R5"": -5.51786}",True
nilsson_prob2_26_multi_source_50v,nilsson_prob2_26_multi_source_50v__wrong_component_type_18,wrong_component_type,R4,"{""R1"": 10.041519, ""R2"": 4.952215, ""R3"": 5.066763, ""R4"": 5.49e-06, ""R5"": 4.906916, ""Ig"": 2}","{""R1"": 10, ""R2"": 5, ""R3"": 5, ""R4"": 5, ""R5"": 5}","{""a"": -1.80144e+16, ""b"": -1.80144e+16, ""c"": -1.80144e+16, ""d"": -1.80144e+16}","{""R1"": 2.390077, ""R2"": 2.423158, ""R3"": -2.36838, ""R5"": -5.70623}",True
nilsson_prob2_26_multi_source_50v,nilsson_prob2_26_multi_source_50v__wrong_component_type_19,wrong_component_type,R3,"{""R1"": 10.01236, ""R2"": 4.900384, ""R3"": 5.2e-06, ""R4"": 5.037367, ""R5"": 4.986067, ""Ig"": 2}","{""R1"": 10, ""R2"": 5, ""R3"": 5, ""R4"": 5, ""R5"": 5}","{""a"": 19.8755, ""b"": -30.1245, ""c"": -6.84553, ""d"": 10.07473}","{""R1"": 2.668804, ""R2"": 2.0, ""R4"": 2.0, ""R5"": -4.6688}",True
nilsson_prob2_26_multi_source_50v,nilsson_prob2_26_multi_source_50v__wrong_component_type_20,wrong_component_type,R4,"{""R1"": 9.817852, ""R2"": 4.937062, ""R3"": 5.084615, ""R4"": 9.96e-06, ""R5"": 5.006179, ""Ig"": 2}","{""R1"": 10, ""R2"": 5, ""R3"": 5, ""R4"": 5, ""R5"": 5}","{""a"": -3.60288e+16, ""b"": -3.60288e+16, ""c"": -3.60288e+16, ""d"": -3.60288e+16}","{""R1"": 2.444527, ""R2"": 3.240794, ""R3"": -1.57337, ""R5"": -4.79408}",True
nilsson_prob2_26_multi_source_50v,nilsson_prob2_26_multi_source_50v__multi_fault_1,multi_fault,R1:partial_open;R2:partial_short,"{""R1"": 261.964234, ""R2"": 0.646312, ""R3"": 4.986587, ""R4"": 4.983187, ""R5"": 4.919464, ""Ig"": 2}","{""R1"": 10, ""R2"": 5, ""R3"": 5, ""R4"": 5, ""R5"": 5}","{""a"": 13.61452, ""b"": -36.3855, ""c"": -8.20751, ""d"": 9.966374}","{""R1"": 0.08330154, ""R2"": 5.644553, ""R3"": -3.64455, ""R4"": 2.0, ""R5"": -5.72785}",True
nilsson_prob2_26_multi_source_50v,nilsson_prob2_26_multi_source_50v__multi_fault_2,multi_fault,R5:partial_short;R2:partial_open,"{""R1"": 10.117514, ""R2"": 152.182905, ""R3"": 4.932654, ""R4"": 4.91499, ""R5"": 0.709251, ""Ig"": 2}","{""R1"": 10, ""R2"": 5, ""R3"": 5, ""R4"": 5, ""R5"": 5}","{""a"": 64.41294, ""b"": 14.41294, ""c"": 17.92611, ""d"": 9.82998}","{""R1"": 4.594689, ""R2"": 0.3586668, ""R3"": 1.641333, ""R4"": 2.0, ""R5"": -4.95336}",True
nilsson_prob2_26_multi_source_50v,nilsson_prob2_26_multi_source_50v__multi_fault_3,multi_fault,R5:partial_short;R4:partial_open,"{""R1"": 9.860192, ""R2"": 5.012372, ""R3"": 4.986451, ""R4"": 97.155024, ""R5"": 0.57219, ""Ig"": 2}","{""R1"": 10, ""R2"": 5, ""R3"": 5, ""R4"": 5, ""R5"": 5}","{""a"": 221.5274, ""b"": 171.5274, ""c"": 177.2064, ""d"": 194.31}","{""R1"": 4.494946, ""R2"": 5.430032, ""R3"": -3.43003, ""R4"": 2.0, ""R5"": -9.92498}",True
nilsson_prob2_26_multi_source_50v,nilsson_prob2_26_multi_source_50v__multi_fault_4,multi_fault,R3:partial_short;R5:partial_open,"{""R1"": 10.1043, ""R2"": 5.047234, ""R3"": 0.244883, ""R4"": 4.986425, ""R5"": 214.098237, ""Ig"": 2}","{""R1"": 10, ""R2"": 5, ""R3"": 5, ""R4"": 5, ""R5"": 5}","{""a"": 10.89951, ""b"": -39.1005, ""c"": 10.41766, ""d"": 9.97285}","{""R1"": 0.04768849, ""R2"": 0.1835985, ""R3"": 1.816401, ""R4"": 2.0, ""R5"": -0.231287}",True
nilsson_prob2_26_multi_source_50v,nilsson_prob2_26_multi_source_50v__multi_fault_5,multi_fault,R1:partial_open;R3:partial_short,"{""R1"": 410.946632, ""R2"": 5.002376, ""R3"": 0.357151, ""R4"": 5.099247, ""R5"": 5.062837, ""Ig"": 2}","{""R1"": 10, ""R2"": 5, ""R3"": 5, ""R4"": 5, ""R5"": 5}","{""a"": 34.39057, ""b"": -15.6094, ""c"": 9.185572, ""d"": 10.19849}","{""R1"": 0.061334, ""R2"": 4.836118, ""R3"": -2.83612, ""R4"": 2.0, ""R5"": -4.89745}",True
nilsson_prob2_26_multi_source_50v,nilsson_prob2_26_multi_source_50v__multi_fault_6,multi_fault,R2:partial_short;R4:partial_open,"{""R1"": 9.981231, ""R2"": 0.494509, ""R3"": 4.934351, ""R4"": 44.538139, ""R5"": 4.950598, ""Ig"": 2}","{""R1"": 10, ""R2"": 5, ""R3"": 5, ""R4"": 5, ""R5"": 5}","{""a"": 91.52623, ""b"": 41.52623, ""c"": 74.49862, ""d"": 89.07628}","{""R1"": 1.705963, ""R2"": 4.954321, ""R3"": -2.95432, ""R4"": 2.0, ""R5"": -6.66028}",True
nilsson_prob2_26_multi_source_50v,nilsson_prob2_26_multi_source_50v__multi_fault_7,multi_fault,R1:partial_open;R4:partial_short,"{""R1"": 256.586735, ""R2"": 5.095846, ""R3"": 4.957378, ""R4"": 0.110852, ""R5"": 5.044156, ""Ig"": 2}","{""R1"": 10, ""R2"": 5, ""R3"": 5, ""R4"": 5, ""R5"": 5}","{""a"": 20.24847, ""b"": -29.7515, ""c"": -9.34612, ""d"": 0.221704}","{""R1"": 0.1153395, ""R2"": 3.930017, ""R3"": -1.93002, ""R4"": 2.0, ""R5"": -4.04536}",True
nilsson_prob2_26_multi_source_50v,nilsson_prob2_26_multi_source_50v__multi_fault_8,multi_fault,R5:partial_open;R2:partial_short,"{""R1"": 9.93114, ""R2"": 0.196037, ""R3"": 5.003263, ""R4"": 4.96758, ""R5"": 223.032683, ""Ig"": 2}","{""R1"": 10, ""R2"": 5, ""R3"": 5, ""R4"": 5, ""R5"": 5}","{""a"": 10.09695, ""b"": -39.903, ""c"": 15.81241, ""d"": 9.93516}","{""R1"": -0.575508, ""R2"": 0.825317, ""R3"": 1.174683, ""R4"": 2.0, ""R5"": -0.249808}",True
nilsson_prob2_26_multi_source_50v,nilsson_prob2_26_multi_source_50v__multi_fault_9,multi_fault,R5:partial_short;R1:partial_open,"{""R1"": 170.708765, ""R2"": 4.929149, ""R3"": 4.981044, ""R4"": 4.972218, ""R5"": 0.509942, ""Ig"": 2}","{""R1"": 10, ""R2"": 5, ""R3"": 5, ""R4"": 5, ""R5"": 5}","{""a"": 38.24263, ""b"": -11.7574, ""c"": -8.6896, ""d"": 9.944436}","{""R1"": 0.2749257, ""R2"": 5.74099, ""R3"": -3.74099, ""R4"": 2.0, ""R5"": -6.01592}",True
nilsson_prob2_26_multi_source_50v,nilsson_prob2_26_multi_source_50v__multi_fault_10,multi_fault,R1:partial_short;R5:partial_open,"{""R1"": 0.713059, ""R2"": 4.954467, ""R3"": 4.945763, ""R4"": 4.996481, ""R5"": 246.222034, ""Ig"": 2}","{""R1"": 10, ""R2"": 5, ""R3"": 5, ""R4"": 5, ""R5"": 5}","{""a"": 14.67881, ""b"": -35.3212, ""c"": 15.20688, ""d"": 9.992962}","{""R1"": -0.740568, ""R2"": 0.9457818, ""R3"": 1.054218, ""R4"": 2.0, ""R5"": -0.205213}",True
nilsson_prob2_26_multi_source_50v,nilsson_prob2_26_multi_source_50v__multi_fault_11,multi_fault,R1:partial_open;R5:partial_short,"{""R1"": 90.527316, ""R2"": 5.02832, ""R3"": 5.021226, ""R4"": 5.012616, ""R5"": 0.198764, ""Ig"": 2}","{""R1"": 10, ""R2"": 5, ""R3"": 5, ""R4"": 5, ""R5"": 5}","{""a"": 39.43249, ""b"": -10.5675, ""c"": -9.29808, ""d"": 10.02523}","{""R1"": 0.5382969, ""R2"": 5.848326, ""R3"": -3.84833, ""R4"": 2.0, ""R5"": -6.38662}",True
nilsson_prob2_26_multi_source_50v,nilsson_prob2_26_multi_source_50v__multi_fault_12,multi_fault,R5:partial_short;R3:partial_open,"{""R1"": 10.142552, ""R2"": 4.948385, ""R3"": 239.263534, ""R4"": 5.04106, ""R5"": 0.601436, ""Ig"": 2}","{""R1"": 10, ""R2"": 5, ""R3"": 5, ""R4"": 5, ""R5"": 5}","{""a"": 20.71007, ""b"": -29.2899, ""c"": -25.2716, ""d"": 10.08212}","{""R1"": 4.533536, ""R2"": 2.14776, ""R3"": -0.14776, ""R4"": 2.0, ""R5"": -6.6813}",True
nilsson_prob2_26_multi_source_50v,nilsson_prob2_26_multi_source_50v__multi_fault_13,multi_fault,R4:partial_open;R2:partial_short,"{""R1"": 9.98081, ""R2"": 0.724449, ""R3"": 5.089756, ""R4"": 144.678991, ""R5"": 4.947586, ""Ig"": 2}","{""R1"": 10, ""R2"": 5, ""R3"": 5, ""R4"": 5, ""R5"": 5}","{""a"": 292.8212, ""b"": 242.8212, ""c"": 275.2057, ""d"": 289.358}","{""R1"": 1.764946, ""R2"": 4.780551, ""R3"": -2.78055, ""R4"": 2.0, ""R5"": -6.5455}",True
nilsson_prob2_26_multi_source_50v,nilsson_prob2_26_multi_source_50v__multi_fault_14,multi_fault,R3:partial_short;R1:partial_open,"{""R1"": 475.474278, ""R2"": 4.934341, ""R3"": 0.174163, ""R4"": 4.979578, ""R5"": 5.050494, ""Ig"": 2}","{""R1"": 10, ""R2"": 5, ""R3"": 5, ""R4"": 5, ""R5"": 5}","{""a"": 34.28577, ""b"": -15.7142, ""c"": 9.448847, ""d"": 9.959156}","{""R1"": 0.05223611, ""R2"": 4.930064, ""R3"": -2.93006, ""R4"": 2.0, ""R5"": -4.9823}",True
nilsson_prob2_26_multi_source_50v,nilsson_prob2_26_multi_source_50v__multi_fault_15,multi_fault,R1:partial_short;R2:partial_open,"{""R1"": 0.175032, ""R2"": 151.646713, ""R3"": 5.099289, ""R4"": 4.918834, ""R5"": 4.960752, ""Ig"": 2}","{""R1"": 10, ""R2"": 5, ""R3"": 5, ""R4"": 5, ""R5"": 5}","{""a"": 21.34066, ""b"": -28.6593, ""c"": 19.64944, ""d"": 9.837668}","{""R1"": 9.662343, ""R2"": 0.07585391, ""R3"": 1.924146, ""R4"": 2.0, ""R5"": -9.7382}",True
nilsson_prob2_26_multi_source_50v,nilsson_prob2_26_multi_source_50v__multi_fault_16,multi_fault,R2:partial_open;R5:partial_short,"{""R1"": 9.975395, ""R2"": 178.322746, ""R3"": 4.974139, ""R4"": 4.987247, ""R5"": 0.676804, ""Ig"": 2}","{""R1"": 10, ""R2"": 5, ""R3"": 5, ""R4"": 5, ""R5"": 5}","{""a"": 65.01502, ""b"": 15.01502, ""c"": 18.38747, ""d"": 9.974494}","{""R1"": 4.674256, ""R2"": 0.3086568, ""R3"": 1.691343, ""R4"": 2.0, ""R5"": -4.98291}",True
nilsson_prob2_26_multi_source_50v,nilsson_prob2_26_multi_source_50v__multi_fault_17,multi_fault,R3:partial_open;R5:partial_short,"{""R1"": 9.864717, ""R2"": 5.081379, ""R3"": 83.371996, ""R4"": 4.907952, ""R5"": 0.109956, ""Ig"": 2}","{""R1"": 10, ""R2"": 5, ""R3"": 5, ""R4"": 5, ""R5"": 5}","{""a"": 22.22028, ""b"": -27.7797, ""c"": -26.9631, ""d"": 9.815904}","{""R1"": 4.985786, ""R2"": 2.441143, ""R3"": -0.441143, ""R4"": 2.0, ""R5"": -7.42693}",True
nilsson_prob2_26_multi_source_50v,nilsson_prob2_26_multi_source_50v__multi_fault_18,multi_fault,R2:partial_open;R5:partial_short,"{""R1"": 9.980946, ""R2"": 242.698867, ""R3"": 5.054435, ""R4"": 4.936888, ""R5"": 0.062426, ""Ig"": 2}","{""R1"": 10, ""R2"": 5, ""R3"": 5, ""R4"": 5, ""R5"": 5}","{""a"": 68.43725, ""b"": 18.43725, ""c"": 18.76301, ""d"": 9.873776}","{""R1"": 4.976908, ""R2"": 0.241301, ""R3"": 1.758699, ""R4"": 2.0, ""R5"": -5.21821}",True
nilsson_prob2_26_multi_source_50v,nilsson_prob2_26_multi_source_50v__multi_fault_19,multi_fault,R3:partial_short;R5:partial_open,"{""R1"": 9.807503, ""R2"": 4.959577, ""R3"": 0.631672, ""R4"": 4.925445, ""R5"": 231.036858, ""Ig"": 2}","{""R1"": 10, ""R2"": 5, ""R3"": 5, ""R4"": 5, ""R5"": 5}","{""a"": 10.94185, ""b"": -39.0582, ""c"": 10.97529, ""d"": 9.85089}","{""R1"": -0.00340942, ""R2"": 0.2199698, ""R3"": 1.78003, ""R4"": 2.0, ""R5"": -0.21656}",True
nilsson_prob2_26_multi_source_50v,nilsson_prob2_26_multi_source_50v__multi_fault_20,multi_fault,R2:partial_short;R4:partial_open,"{""R1"": 10.195306, ""R2"": 0.654466, ""R3"": 4.918011, ""R4"": 66.911029, ""R5"": 4.965173, ""Ig"": 2}","{""R1"": 10, ""R2"": 5, ""R3"": 5, ""R4"": 5, ""R5"": 5}","{""a"": 137.0138, ""b"": 87.01383, ""c"": 119.6734, ""d"": 133.8221}","{""R1"": 1.700825, ""R2"": 4.876906, ""R3"": -2.87691, ""R4"": 2.0, ""R5"": -6.57773}",True
